ISO-10303-21;
HEADER;
FILE_DESCRIPTION(('FreeCAD Model'),'2;1');
FILE_NAME('Open CASCADE Shape Model','2026-08-12T13:21:58',(''),(''),
  'Open CASCADE STEP processor 7.8','FreeCAD','Unknown');
FILE_SCHEMA(('AUTOMOTIVE_DESIGN { 1 0 10303 214 1 1 1 1 }'));
ENDSEC;
DATA;
#1 = APPLICATION_PROTOCOL_DEFINITION('international standard',
  'automotive_design',2000,#2);
#2 = APPLICATION_CONTEXT(
  'core data for automotive mechanical design processes');
#3 = SHAPE_DEFINITION_REPRESENTATION(#4,#10);
#4 = PRODUCT_DEFINITION_SHAPE('','',#5);
#5 = PRODUCT_DEFINITION('design','',#6,#9);
#6 = PRODUCT_DEFINITION_FORMATION('','',#7);
#7 = PRODUCT('Enclosure','Enclosure','',(#8));
#8 = PRODUCT_CONTEXT('',#2,'mechanical');
#9 = PRODUCT_DEFINITION_CONTEXT('part definition',#2,'design');
#10 = SHAPE_REPRESENTATION('',(#11,#15,#19),#23);
#11 = AXIS2_PLACEMENT_3D('',#12,#13,#14);
#12 = CARTESIAN_POINT('',(0.,0.,0.));
#13 = DIRECTION('',(0.,0.,1.));
#14 = DIRECTION('',(1.,0.,-0.));
#15 = AXIS2_PLACEMENT_3D('',#16,#17,#18);
#16 = CARTESIAN_POINT('',(0.,0.,0.));
#17 = DIRECTION('',(0.,0.,1.));
#18 = DIRECTION('',(1.,0.,0.));
#19 = AXIS2_PLACEMENT_3D('',#20,#21,#22);
#20 = CARTESIAN_POINT('',(0.,0.,0.));
#21 = DIRECTION('',(0.,0.,1.));
#22 = DIRECTION('',(1.,0.,0.));
#23 = ( GEOMETRIC_REPRESENTATION_CONTEXT(3) 
GLOBAL_UNCERTAINTY_ASSIGNED_CONTEXT((#27)) GLOBAL_UNIT_ASSIGNED_CONTEXT(
(#24,#25,#26)) REPRESENTATION_CONTEXT('Context #1',
  '3D Context with UNIT and UNCERTAINTY') );
#24 = ( LENGTH_UNIT() NAMED_UNIT(*) SI_UNIT(.MILLI.,.METRE.) );
#25 = ( NAMED_UNIT(*) PLANE_ANGLE_UNIT() SI_UNIT($,.RADIAN.) );
#26 = ( NAMED_UNIT(*) SI_UNIT($,.STERADIAN.) SOLID_ANGLE_UNIT() );
#27 = UNCERTAINTY_MEASURE_WITH_UNIT(LENGTH_MEASURE(1.E-07),#24,
  'distance_accuracy_value','confusion accuracy');
#28 = PRODUCT_RELATED_PRODUCT_CATEGORY('part',$,(#7));
#29 = SHAPE_DEFINITION_REPRESENTATION(#30,#36);
#30 = PRODUCT_DEFINITION_SHAPE('','',#31);
#31 = PRODUCT_DEFINITION('design','',#32,#35);
#32 = PRODUCT_DEFINITION_FORMATION('','',#33);
#33 = PRODUCT('Housing','Housing','',(#34));
#34 = PRODUCT_CONTEXT('',#2,'mechanical');
#35 = PRODUCT_DEFINITION_CONTEXT('part definition',#2,'design');
#36 = ADVANCED_BREP_SHAPE_REPRESENTATION('',(#11,#37),#1702);
#37 = MANIFOLD_SOLID_BREP('',#38);
#38 = CLOSED_SHELL('',(#39,#254,#285,#310,#335,#359,#419,#444,#469,#556,
    #581,#613,#638,#678,#772,#796,#821,#845,#870,#894,#919,#988,#1013,
    #1038,#1063,#1101,#1123,#1140,#1157,#1169,#1191,#1208,#1225,#1242,
    #1259,#1276,#1293,#1305,#1330,#1374,#1393,#1405,#1430,#1455,#1480,
    #1505,#1530,#1539,#1564,#1589,#1598,#1607,#1616,#1641,#1666,#1675,
    #1684,#1693));
#39 = ADVANCED_FACE('',(#40,#110,#121,#216,#227,#238),#249,.T.);
#40 = FACE_BOUND('',#41,.T.);
#41 = EDGE_LOOP('',(#42,#52,#61,#69,#78,#86,#95,#103));
#42 = ORIENTED_EDGE('',*,*,#43,.F.);
#43 = EDGE_CURVE('',#44,#46,#48,.T.);
#44 = VERTEX_POINT('',#45);
#45 = CARTESIAN_POINT('',(-31.952521,-26.148425,7.4));
#46 = VERTEX_POINT('',#47);
#47 = CARTESIAN_POINT('',(-31.952521,19.649998,7.4));
#48 = LINE('',#49,#50);
#49 = CARTESIAN_POINT('',(-31.952521,-28.148425,7.4));
#50 = VECTOR('',#51,1.);
#51 = DIRECTION('',(0.,1.,0.));
#52 = ORIENTED_EDGE('',*,*,#53,.T.);
#53 = EDGE_CURVE('',#44,#54,#56,.T.);
#54 = VERTEX_POINT('',#55);
#55 = CARTESIAN_POINT('',(-29.952521,-28.148425,7.4));
#56 = CIRCLE('',#57,2.);
#57 = AXIS2_PLACEMENT_3D('',#58,#59,#60);
#58 = CARTESIAN_POINT('',(-29.952521,-26.148425,7.4));
#59 = DIRECTION('',(0.,-0.,1.));
#60 = DIRECTION('',(0.,1.,0.));
#61 = ORIENTED_EDGE('',*,*,#62,.F.);
#62 = EDGE_CURVE('',#63,#54,#65,.T.);
#63 = VERTEX_POINT('',#64);
#64 = CARTESIAN_POINT('',(13.399999,-28.148425,7.4));
#65 = LINE('',#66,#67);
#66 = CARTESIAN_POINT('',(15.399999,-28.148425,7.4));
#67 = VECTOR('',#68,1.);
#68 = DIRECTION('',(-1.,0.,0.));
#69 = ORIENTED_EDGE('',*,*,#70,.T.);
#70 = EDGE_CURVE('',#63,#71,#73,.T.);
#71 = VERTEX_POINT('',#72);
#72 = CARTESIAN_POINT('',(15.399999,-26.148425,7.4));
#73 = CIRCLE('',#74,2.);
#74 = AXIS2_PLACEMENT_3D('',#75,#76,#77);
#75 = CARTESIAN_POINT('',(13.399999,-26.148425,7.4));
#76 = DIRECTION('',(0.,-0.,1.));
#77 = DIRECTION('',(0.,1.,0.));
#78 = ORIENTED_EDGE('',*,*,#79,.T.);
#79 = EDGE_CURVE('',#71,#80,#82,.T.);
#80 = VERTEX_POINT('',#81);
#81 = CARTESIAN_POINT('',(15.399999,19.649998,7.4));
#82 = LINE('',#83,#84);
#83 = CARTESIAN_POINT('',(15.399999,-28.148425,7.4));
#84 = VECTOR('',#85,1.);
#85 = DIRECTION('',(0.,1.,0.));
#86 = ORIENTED_EDGE('',*,*,#87,.F.);
#87 = EDGE_CURVE('',#88,#80,#90,.T.);
#88 = VERTEX_POINT('',#89);
#89 = CARTESIAN_POINT('',(13.399999,21.649998,7.4));
#90 = CIRCLE('',#91,2.);
#91 = AXIS2_PLACEMENT_3D('',#92,#93,#94);
#92 = CARTESIAN_POINT('',(13.399999,19.649998,7.4));
#93 = DIRECTION('',(-0.,-0.,-1.));
#94 = DIRECTION('',(0.,-1.,0.));
#95 = ORIENTED_EDGE('',*,*,#96,.F.);
#96 = EDGE_CURVE('',#97,#88,#99,.T.);
#97 = VERTEX_POINT('',#98);
#98 = CARTESIAN_POINT('',(-29.952521,21.649998,7.4));
#99 = LINE('',#100,#101);
#100 = CARTESIAN_POINT('',(-31.952521,21.649998,7.4));
#101 = VECTOR('',#102,1.);
#102 = DIRECTION('',(1.,0.,0.));
#103 = ORIENTED_EDGE('',*,*,#104,.F.);
#104 = EDGE_CURVE('',#46,#97,#105,.T.);
#105 = CIRCLE('',#106,2.);
#106 = AXIS2_PLACEMENT_3D('',#107,#108,#109);
#107 = CARTESIAN_POINT('',(-29.952521,19.649998,7.4));
#108 = DIRECTION('',(-0.,-0.,-1.));
#109 = DIRECTION('',(0.,-1.,0.));
#110 = FACE_BOUND('',#111,.T.);
#111 = EDGE_LOOP('',(#112));
#112 = ORIENTED_EDGE('',*,*,#113,.F.);
#113 = EDGE_CURVE('',#114,#114,#116,.T.);
#114 = VERTEX_POINT('',#115);
#115 = CARTESIAN_POINT('',(-27.552521,19.049998,7.4));
#116 = CIRCLE('',#117,1.8);
#117 = AXIS2_PLACEMENT_3D('',#118,#119,#120);
#118 = CARTESIAN_POINT('',(-29.352521,19.049998,7.4));
#119 = DIRECTION('',(0.,0.,1.));
#120 = DIRECTION('',(1.,0.,-0.));
#121 = FACE_BOUND('',#122,.T.);
#122 = EDGE_LOOP('',(#123,#134,#142,#150,#158,#166,#174,#183,#192,#201,
    #209));
#123 = ORIENTED_EDGE('',*,*,#124,.F.);
#124 = EDGE_CURVE('',#125,#127,#129,.T.);
#125 = VERTEX_POINT('',#126);
#126 = CARTESIAN_POINT('',(6.459606937219,-18.33219207761,7.4));
#127 = VERTEX_POINT('',#128);
#128 = CARTESIAN_POINT('',(11.970931659245,-12.74454393744,7.4));
#129 = CIRCLE('',#130,8.393396998643);
#130 = AXIS2_PLACEMENT_3D('',#131,#132,#133);
#131 = CARTESIAN_POINT('',(14.497648735845,-20.74859378684,7.4));
#132 = DIRECTION('',(0.,0.,-1.));
#133 = DIRECTION('',(1.,0.,0.));
#134 = ORIENTED_EDGE('',*,*,#135,.T.);
#135 = EDGE_CURVE('',#125,#136,#138,.T.);
#136 = VERTEX_POINT('',#137);
#137 = CARTESIAN_POINT('',(5.447479,-19.34432001482,7.4));
#138 = LINE('',#139,#140);
#139 = CARTESIAN_POINT('',(6.040320628707,-18.75147838612,7.4));
#140 = VECTOR('',#141,1.);
#141 = DIRECTION('',(-0.707106781187,-0.707106781187,0.));
#142 = ORIENTED_EDGE('',*,*,#143,.T.);
#143 = EDGE_CURVE('',#136,#144,#146,.T.);
#144 = VERTEX_POINT('',#145);
#145 = CARTESIAN_POINT('',(5.447479,-25.348425,7.4));
#146 = LINE('',#147,#148);
#147 = CARTESIAN_POINT('',(5.447479,-14.29881925,7.4));
#148 = VECTOR('',#149,1.);
#149 = DIRECTION('',(0.,-1.,0.));
#150 = ORIENTED_EDGE('',*,*,#151,.T.);
#151 = EDGE_CURVE('',#144,#152,#154,.T.);
#152 = VERTEX_POINT('',#153);
#153 = CARTESIAN_POINT('',(-25.752521,-25.348425,7.4));
#154 = LINE('',#155,#156);
#155 = CARTESIAN_POINT('',(-17.014391,-25.348425,7.4));
#156 = VECTOR('',#157,1.);
#157 = DIRECTION('',(-1.,0.,0.));
#158 = ORIENTED_EDGE('',*,*,#159,.F.);
#159 = EDGE_CURVE('',#160,#152,#162,.T.);
#160 = VERTEX_POINT('',#161);
#161 = CARTESIAN_POINT('',(-25.752521,18.851575,7.4));
#162 = LINE('',#163,#164);
#163 = CARTESIAN_POINT('',(-25.752521,-14.29881925,7.4));
#164 = VECTOR('',#165,1.);
#165 = DIRECTION('',(0.,-1.,0.));
#166 = ORIENTED_EDGE('',*,*,#167,.F.);
#167 = EDGE_CURVE('',#168,#160,#170,.T.);
#168 = VERTEX_POINT('',#169);
#169 = CARTESIAN_POINT('',(5.631485238338,18.851575,7.4));
#170 = LINE('',#171,#172);
#171 = CARTESIAN_POINT('',(-17.014391,18.851575,7.4));
#172 = VECTOR('',#173,1.);
#173 = DIRECTION('',(-1.,0.,0.));
#174 = ORIENTED_EDGE('',*,*,#175,.T.);
#175 = EDGE_CURVE('',#168,#176,#178,.T.);
#176 = VERTEX_POINT('',#177);
#177 = CARTESIAN_POINT('',(6.489811228754,18.222271313564,7.4));
#178 = CIRCLE('',#179,0.9);
#179 = AXIS2_PLACEMENT_3D('',#180,#181,#182);
#180 = CARTESIAN_POINT('',(5.631485238338,17.951575,7.4));
#181 = DIRECTION('',(0.,0.,-1.));
#182 = DIRECTION('',(0.,-1.,0.));
#183 = ORIENTED_EDGE('',*,*,#184,.F.);
#184 = EDGE_CURVE('',#185,#176,#187,.T.);
#185 = VERTEX_POINT('',#186);
#186 = CARTESIAN_POINT('',(11.9709050894,12.739837652038,7.4));
#187 = CIRCLE('',#188,8.397714251862);
#188 = AXIS2_PLACEMENT_3D('',#189,#190,#191);
#189 = CARTESIAN_POINT('',(14.49867389815,20.748082747278,7.4));
#190 = DIRECTION('',(0.,0.,-1.));
#191 = DIRECTION('',(1.,0.,0.));
#192 = ORIENTED_EDGE('',*,*,#193,.F.);
#193 = EDGE_CURVE('',#194,#185,#196,.T.);
#194 = VERTEX_POINT('',#195);
#195 = CARTESIAN_POINT('',(12.599999,11.881577848292,7.4));
#196 = CIRCLE('',#197,0.9);
#197 = AXIS2_PLACEMENT_3D('',#198,#199,#200);
#198 = CARTESIAN_POINT('',(11.699999,11.881577848292,7.4));
#199 = DIRECTION('',(-0.,0.,1.));
#200 = DIRECTION('',(0.,-1.,0.));
#201 = ORIENTED_EDGE('',*,*,#202,.T.);
#202 = EDGE_CURVE('',#194,#203,#205,.T.);
#203 = VERTEX_POINT('',#204);
#204 = CARTESIAN_POINT('',(12.599999,-11.8862925208,7.4));
#205 = LINE('',#206,#207);
#206 = CARTESIAN_POINT('',(12.599999,-7.910871150372,7.4));
#207 = VECTOR('',#208,1.);
#208 = DIRECTION('',(0.,-1.,0.));
#209 = ORIENTED_EDGE('',*,*,#210,.F.);
#210 = EDGE_CURVE('',#127,#203,#211,.T.);
#211 = CIRCLE('',#212,0.9);
#212 = AXIS2_PLACEMENT_3D('',#213,#214,#215);
#213 = CARTESIAN_POINT('',(11.699999,-11.8862925208,7.4));
#214 = DIRECTION('',(-0.,0.,1.));
#215 = DIRECTION('',(0.,-1.,0.));
#216 = FACE_BOUND('',#217,.T.);
#217 = EDGE_LOOP('',(#218));
#218 = ORIENTED_EDGE('',*,*,#219,.F.);
#219 = EDGE_CURVE('',#220,#220,#222,.T.);
#220 = VERTEX_POINT('',#221);
#221 = CARTESIAN_POINT('',(-27.552521,-25.548425,7.4));
#222 = CIRCLE('',#223,1.8);
#223 = AXIS2_PLACEMENT_3D('',#224,#225,#226);
#224 = CARTESIAN_POINT('',(-29.352521,-25.548425,7.4));
#225 = DIRECTION('',(0.,0.,1.));
#226 = DIRECTION('',(1.,0.,-0.));
#227 = FACE_BOUND('',#228,.T.);
#228 = EDGE_LOOP('',(#229));
#229 = ORIENTED_EDGE('',*,*,#230,.F.);
#230 = EDGE_CURVE('',#231,#231,#233,.T.);
#231 = VERTEX_POINT('',#232);
#232 = CARTESIAN_POINT('',(14.599999,-25.548425,7.4));
#233 = CIRCLE('',#234,1.8);
#234 = AXIS2_PLACEMENT_3D('',#235,#236,#237);
#235 = CARTESIAN_POINT('',(12.799999,-25.548425,7.4));
#236 = DIRECTION('',(0.,0.,1.));
#237 = DIRECTION('',(1.,0.,-0.));
#238 = FACE_BOUND('',#239,.T.);
#239 = EDGE_LOOP('',(#240));
#240 = ORIENTED_EDGE('',*,*,#241,.F.);
#241 = EDGE_CURVE('',#242,#242,#244,.T.);
#242 = VERTEX_POINT('',#243);
#243 = CARTESIAN_POINT('',(14.599999,19.049998,7.4));
#244 = CIRCLE('',#245,1.8);
#245 = AXIS2_PLACEMENT_3D('',#246,#247,#248);
#246 = CARTESIAN_POINT('',(12.799999,19.049998,7.4));
#247 = DIRECTION('',(0.,0.,1.));
#248 = DIRECTION('',(1.,0.,-0.));
#249 = PLANE('',#250);
#250 = AXIS2_PLACEMENT_3D('',#251,#252,#253);
#251 = CARTESIAN_POINT('',(-8.276261,-3.2492135,7.4));
#252 = DIRECTION('',(0.,0.,1.));
#253 = DIRECTION('',(1.,0.,-0.));
#254 = ADVANCED_FACE('',(#255),#280,.T.);
#255 = FACE_BOUND('',#256,.T.);
#256 = EDGE_LOOP('',(#257,#258,#266,#274));
#257 = ORIENTED_EDGE('',*,*,#43,.T.);
#258 = ORIENTED_EDGE('',*,*,#259,.F.);
#259 = EDGE_CURVE('',#260,#46,#262,.T.);
#260 = VERTEX_POINT('',#261);
#261 = CARTESIAN_POINT('',(-31.952521,19.649998,-12.2));
#262 = LINE('',#263,#264);
#263 = CARTESIAN_POINT('',(-31.952521,19.649998,-12.2));
#264 = VECTOR('',#265,1.);
#265 = DIRECTION('',(0.,0.,1.));
#266 = ORIENTED_EDGE('',*,*,#267,.F.);
#267 = EDGE_CURVE('',#268,#260,#270,.T.);
#268 = VERTEX_POINT('',#269);
#269 = CARTESIAN_POINT('',(-31.952521,-26.148425,-12.2));
#270 = LINE('',#271,#272);
#271 = CARTESIAN_POINT('',(-31.952521,-28.148425,-12.2));
#272 = VECTOR('',#273,1.);
#273 = DIRECTION('',(0.,1.,0.));
#274 = ORIENTED_EDGE('',*,*,#275,.F.);
#275 = EDGE_CURVE('',#44,#268,#276,.T.);
#276 = LINE('',#277,#278);
#277 = CARTESIAN_POINT('',(-31.952521,-26.148425,7.4));
#278 = VECTOR('',#279,1.);
#279 = DIRECTION('',(-0.,-0.,-1.));
#280 = PLANE('',#281);
#281 = AXIS2_PLACEMENT_3D('',#282,#283,#284);
#282 = CARTESIAN_POINT('',(-31.952521,-3.2492135,-2.4));
#283 = DIRECTION('',(-1.,-0.,-0.));
#284 = DIRECTION('',(0.,0.,-1.));
#285 = ADVANCED_FACE('',(#286),#305,.T.);
#286 = FACE_BOUND('',#287,.T.);
#287 = EDGE_LOOP('',(#288,#289,#298,#304));
#288 = ORIENTED_EDGE('',*,*,#275,.T.);
#289 = ORIENTED_EDGE('',*,*,#290,.T.);
#290 = EDGE_CURVE('',#268,#291,#293,.T.);
#291 = VERTEX_POINT('',#292);
#292 = CARTESIAN_POINT('',(-29.952521,-28.148425,-12.2));
#293 = CIRCLE('',#294,2.);
#294 = AXIS2_PLACEMENT_3D('',#295,#296,#297);
#295 = CARTESIAN_POINT('',(-29.952521,-26.148425,-12.2));
#296 = DIRECTION('',(0.,-0.,1.));
#297 = DIRECTION('',(0.,1.,0.));
#298 = ORIENTED_EDGE('',*,*,#299,.F.);
#299 = EDGE_CURVE('',#54,#291,#300,.T.);
#300 = LINE('',#301,#302);
#301 = CARTESIAN_POINT('',(-29.952521,-28.148425,7.4));
#302 = VECTOR('',#303,1.);
#303 = DIRECTION('',(-0.,-0.,-1.));
#304 = ORIENTED_EDGE('',*,*,#53,.F.);
#305 = CYLINDRICAL_SURFACE('',#306,2.);
#306 = AXIS2_PLACEMENT_3D('',#307,#308,#309);
#307 = CARTESIAN_POINT('',(-29.952521,-26.148425,7.4));
#308 = DIRECTION('',(-0.,-0.,-1.));
#309 = DIRECTION('',(-1.,0.,0.));
#310 = ADVANCED_FACE('',(#311),#330,.T.);
#311 = FACE_BOUND('',#312,.T.);
#312 = EDGE_LOOP('',(#313,#314,#315,#323));
#313 = ORIENTED_EDGE('',*,*,#259,.T.);
#314 = ORIENTED_EDGE('',*,*,#104,.T.);
#315 = ORIENTED_EDGE('',*,*,#316,.F.);
#316 = EDGE_CURVE('',#317,#97,#319,.T.);
#317 = VERTEX_POINT('',#318);
#318 = CARTESIAN_POINT('',(-29.952521,21.649998,-12.2));
#319 = LINE('',#320,#321);
#320 = CARTESIAN_POINT('',(-29.952521,21.649998,-12.2));
#321 = VECTOR('',#322,1.);
#322 = DIRECTION('',(0.,0.,1.));
#323 = ORIENTED_EDGE('',*,*,#324,.F.);
#324 = EDGE_CURVE('',#260,#317,#325,.T.);
#325 = CIRCLE('',#326,2.);
#326 = AXIS2_PLACEMENT_3D('',#327,#328,#329);
#327 = CARTESIAN_POINT('',(-29.952521,19.649998,-12.2));
#328 = DIRECTION('',(-0.,-0.,-1.));
#329 = DIRECTION('',(0.,-1.,0.));
#330 = CYLINDRICAL_SURFACE('',#331,2.);
#331 = AXIS2_PLACEMENT_3D('',#332,#333,#334);
#332 = CARTESIAN_POINT('',(-29.952521,19.649998,-12.2));
#333 = DIRECTION('',(0.,0.,1.));
#334 = DIRECTION('',(-1.,0.,0.));
#335 = ADVANCED_FACE('',(#336),#354,.T.);
#336 = FACE_BOUND('',#337,.T.);
#337 = EDGE_LOOP('',(#338,#339,#340,#348));
#338 = ORIENTED_EDGE('',*,*,#62,.T.);
#339 = ORIENTED_EDGE('',*,*,#299,.T.);
#340 = ORIENTED_EDGE('',*,*,#341,.F.);
#341 = EDGE_CURVE('',#342,#291,#344,.T.);
#342 = VERTEX_POINT('',#343);
#343 = CARTESIAN_POINT('',(13.399999,-28.148425,-12.2));
#344 = LINE('',#345,#346);
#345 = CARTESIAN_POINT('',(15.399999,-28.148425,-12.2));
#346 = VECTOR('',#347,1.);
#347 = DIRECTION('',(-1.,0.,0.));
#348 = ORIENTED_EDGE('',*,*,#349,.F.);
#349 = EDGE_CURVE('',#63,#342,#350,.T.);
#350 = LINE('',#351,#352);
#351 = CARTESIAN_POINT('',(13.399999,-28.148425,7.4));
#352 = VECTOR('',#353,1.);
#353 = DIRECTION('',(-0.,-0.,-1.));
#354 = PLANE('',#355);
#355 = AXIS2_PLACEMENT_3D('',#356,#357,#358);
#356 = CARTESIAN_POINT('',(-8.276261,-28.148425,-2.4));
#357 = DIRECTION('',(-0.,-1.,-0.));
#358 = DIRECTION('',(0.,0.,-1.));
#359 = ADVANCED_FACE('',(#360,#378),#414,.T.);
#360 = FACE_BOUND('',#361,.T.);
#361 = EDGE_LOOP('',(#362,#370,#371,#372));
#362 = ORIENTED_EDGE('',*,*,#363,.F.);
#363 = EDGE_CURVE('',#317,#364,#366,.T.);
#364 = VERTEX_POINT('',#365);
#365 = CARTESIAN_POINT('',(13.399999,21.649998,-12.2));
#366 = LINE('',#367,#368);
#367 = CARTESIAN_POINT('',(-31.952521,21.649998,-12.2));
#368 = VECTOR('',#369,1.);
#369 = DIRECTION('',(1.,0.,0.));
#370 = ORIENTED_EDGE('',*,*,#316,.T.);
#371 = ORIENTED_EDGE('',*,*,#96,.T.);
#372 = ORIENTED_EDGE('',*,*,#373,.F.);
#373 = EDGE_CURVE('',#364,#88,#374,.T.);
#374 = LINE('',#375,#376);
#375 = CARTESIAN_POINT('',(13.399999,21.649998,-12.2));
#376 = VECTOR('',#377,1.);
#377 = DIRECTION('',(0.,0.,1.));
#378 = FACE_BOUND('',#379,.T.);
#379 = EDGE_LOOP('',(#380,#390,#399,#407));
#380 = ORIENTED_EDGE('',*,*,#381,.T.);
#381 = EDGE_CURVE('',#382,#384,#386,.T.);
#382 = VERTEX_POINT('',#383);
#383 = CARTESIAN_POINT('',(-7.561191659579,21.649998,1.409999999988));
#384 = VERTEX_POINT('',#385);
#385 = CARTESIAN_POINT('',(-1.260001506449,21.649998,1.409999999988));
#386 = LINE('',#387,#388);
#387 = CARTESIAN_POINT('',(-4.768131253224,21.649998,1.409999999988));
#388 = VECTOR('',#389,1.);
#389 = DIRECTION('',(1.,0.,0.));
#390 = ORIENTED_EDGE('',*,*,#391,.T.);
#391 = EDGE_CURVE('',#384,#392,#394,.T.);
#392 = VERTEX_POINT('',#393);
#393 = CARTESIAN_POINT('',(-1.260001506449,21.649998,5.109999999988));
#394 = CIRCLE('',#395,1.85);
#395 = AXIS2_PLACEMENT_3D('',#396,#397,#398);
#396 = CARTESIAN_POINT('',(-1.260001506449,21.649998,3.259999999988));
#397 = DIRECTION('',(0.,-1.,2.22044604925E-16));
#398 = DIRECTION('',(1.,0.,0.));
#399 = ORIENTED_EDGE('',*,*,#400,.F.);
#400 = EDGE_CURVE('',#401,#392,#403,.T.);
#401 = VERTEX_POINT('',#402);
#402 = CARTESIAN_POINT('',(-7.561191659579,21.649998,5.109999999988));
#403 = LINE('',#404,#405);
#404 = CARTESIAN_POINT('',(-4.768131253224,21.649998,5.109999999988));
#405 = VECTOR('',#406,1.);
#406 = DIRECTION('',(1.,0.,0.));
#407 = ORIENTED_EDGE('',*,*,#408,.T.);
#408 = EDGE_CURVE('',#401,#382,#409,.T.);
#409 = CIRCLE('',#410,1.85);
#410 = AXIS2_PLACEMENT_3D('',#411,#412,#413);
#411 = CARTESIAN_POINT('',(-7.561191659579,21.649998,3.259999999988));
#412 = DIRECTION('',(0.,-1.,2.22044604925E-16));
#413 = DIRECTION('',(1.,0.,0.));
#414 = PLANE('',#415);
#415 = AXIS2_PLACEMENT_3D('',#416,#417,#418);
#416 = CARTESIAN_POINT('',(-8.276261,21.649998,-2.4));
#417 = DIRECTION('',(0.,1.,0.));
#418 = DIRECTION('',(0.,-0.,1.));
#419 = ADVANCED_FACE('',(#420),#439,.T.);
#420 = FACE_BOUND('',#421,.T.);
#421 = EDGE_LOOP('',(#422,#423,#432,#438));
#422 = ORIENTED_EDGE('',*,*,#349,.T.);
#423 = ORIENTED_EDGE('',*,*,#424,.T.);
#424 = EDGE_CURVE('',#342,#425,#427,.T.);
#425 = VERTEX_POINT('',#426);
#426 = CARTESIAN_POINT('',(15.399999,-26.148425,-12.2));
#427 = CIRCLE('',#428,2.);
#428 = AXIS2_PLACEMENT_3D('',#429,#430,#431);
#429 = CARTESIAN_POINT('',(13.399999,-26.148425,-12.2));
#430 = DIRECTION('',(0.,-0.,1.));
#431 = DIRECTION('',(0.,1.,0.));
#432 = ORIENTED_EDGE('',*,*,#433,.F.);
#433 = EDGE_CURVE('',#71,#425,#434,.T.);
#434 = LINE('',#435,#436);
#435 = CARTESIAN_POINT('',(15.399999,-26.148425,7.4));
#436 = VECTOR('',#437,1.);
#437 = DIRECTION('',(-0.,-0.,-1.));
#438 = ORIENTED_EDGE('',*,*,#70,.F.);
#439 = CYLINDRICAL_SURFACE('',#440,2.);
#440 = AXIS2_PLACEMENT_3D('',#441,#442,#443);
#441 = CARTESIAN_POINT('',(13.399999,-26.148425,7.4));
#442 = DIRECTION('',(-0.,-0.,-1.));
#443 = DIRECTION('',(0.,-1.,0.));
#444 = ADVANCED_FACE('',(#445),#464,.T.);
#445 = FACE_BOUND('',#446,.T.);
#446 = EDGE_LOOP('',(#447,#448,#449,#457));
#447 = ORIENTED_EDGE('',*,*,#373,.T.);
#448 = ORIENTED_EDGE('',*,*,#87,.T.);
#449 = ORIENTED_EDGE('',*,*,#450,.F.);
#450 = EDGE_CURVE('',#451,#80,#453,.T.);
#451 = VERTEX_POINT('',#452);
#452 = CARTESIAN_POINT('',(15.399999,19.649998,-12.2));
#453 = LINE('',#454,#455);
#454 = CARTESIAN_POINT('',(15.399999,19.649998,-12.2));
#455 = VECTOR('',#456,1.);
#456 = DIRECTION('',(0.,0.,1.));
#457 = ORIENTED_EDGE('',*,*,#458,.F.);
#458 = EDGE_CURVE('',#364,#451,#459,.T.);
#459 = CIRCLE('',#460,2.);
#460 = AXIS2_PLACEMENT_3D('',#461,#462,#463);
#461 = CARTESIAN_POINT('',(13.399999,19.649998,-12.2));
#462 = DIRECTION('',(-0.,-0.,-1.));
#463 = DIRECTION('',(0.,-1.,0.));
#464 = CYLINDRICAL_SURFACE('',#465,2.);
#465 = AXIS2_PLACEMENT_3D('',#466,#467,#468);
#466 = CARTESIAN_POINT('',(13.399999,19.649998,-12.2));
#467 = DIRECTION('',(0.,0.,1.));
#468 = DIRECTION('',(0.,1.,0.));
#469 = ADVANCED_FACE('',(#470,#481),#551,.T.);
#470 = FACE_BOUND('',#471,.T.);
#471 = EDGE_LOOP('',(#472,#473,#474,#480));
#472 = ORIENTED_EDGE('',*,*,#79,.F.);
#473 = ORIENTED_EDGE('',*,*,#433,.T.);
#474 = ORIENTED_EDGE('',*,*,#475,.T.);
#475 = EDGE_CURVE('',#425,#451,#476,.T.);
#476 = LINE('',#477,#478);
#477 = CARTESIAN_POINT('',(15.399999,-28.148425,-12.2));
#478 = VECTOR('',#479,1.);
#479 = DIRECTION('',(0.,1.,0.));
#480 = ORIENTED_EDGE('',*,*,#450,.T.);
#481 = FACE_BOUND('',#482,.T.);
#482 = EDGE_LOOP('',(#483,#493,#502,#510,#519,#527,#536,#544));
#483 = ORIENTED_EDGE('',*,*,#484,.F.);
#484 = EDGE_CURVE('',#485,#487,#489,.T.);
#485 = VERTEX_POINT('',#486);
#486 = CARTESIAN_POINT('',(15.399999,-6.250002,3.595));
#487 = VERTEX_POINT('',#488);
#488 = CARTESIAN_POINT('',(15.399999,-6.27355259736,1.589674266593));
#489 = LINE('',#490,#491);
#490 = CARTESIAN_POINT('',(15.399999,-6.296768252709,-0.387131263094));
#491 = VECTOR('',#492,1.);
#492 = DIRECTION('',(0.,-1.174321610761E-02,-0.99993104606));
#493 = ORIENTED_EDGE('',*,*,#494,.T.);
#494 = EDGE_CURVE('',#485,#495,#497,.T.);
#495 = VERTEX_POINT('',#496);
#496 = CARTESIAN_POINT('',(15.399999,-6.000019238485,3.842064195974));
#497 = CIRCLE('',#498,0.25);
#498 = AXIS2_PLACEMENT_3D('',#499,#500,#501);
#499 = CARTESIAN_POINT('',(15.399999,-6.000019238485,3.592064195974));
#500 = DIRECTION('',(-1.,0.,0.));
#501 = DIRECTION('',(0.,1.,0.));
#502 = ORIENTED_EDGE('',*,*,#503,.F.);
#503 = EDGE_CURVE('',#504,#495,#506,.T.);
#504 = VERTEX_POINT('',#505);
#505 = CARTESIAN_POINT('',(15.399999,5.999641176447,3.842064195973));
#506 = LINE('',#507,#508);
#507 = CARTESIAN_POINT('',(15.399999,-4.624616369242,3.842064195974));
#508 = VECTOR('',#509,1.);
#509 = DIRECTION('',(0.,-1.,1.99105630191E-14));
#510 = ORIENTED_EDGE('',*,*,#511,.T.);
#511 = EDGE_CURVE('',#504,#512,#514,.T.);
#512 = VERTEX_POINT('',#513);
#513 = CARTESIAN_POINT('',(15.399999,6.273215847252,3.565303680976));
#514 = CIRCLE('',#515,0.273593007248);
#515 = AXIS2_PLACEMENT_3D('',#516,#517,#518);
#516 = CARTESIAN_POINT('',(15.399999,5.999641176441,3.568471188726));
#517 = DIRECTION('',(-1.,0.,-0.));
#518 = DIRECTION('',(0.,1.110223024625E-16,-1.));
#519 = ORIENTED_EDGE('',*,*,#520,.F.);
#520 = EDGE_CURVE('',#521,#512,#523,.T.);
#521 = VERTEX_POINT('',#522);
#522 = CARTESIAN_POINT('',(15.399999,6.249998,1.56));
#523 = LINE('',#524,#525);
#524 = CARTESIAN_POINT('',(15.399999,6.238048496839,0.527932624686));
#525 = VECTOR('',#526,1.);
#526 = DIRECTION('',(0.,1.157744405156E-02,0.999932979149));
#527 = ORIENTED_EDGE('',*,*,#528,.T.);
#528 = EDGE_CURVE('',#521,#529,#531,.T.);
#529 = VERTEX_POINT('',#530);
#530 = CARTESIAN_POINT('',(15.399999,6.000014755212,1.312894361014));
#531 = CIRCLE('',#532,0.25);
#532 = AXIS2_PLACEMENT_3D('',#533,#534,#535);
#533 = CARTESIAN_POINT('',(15.399999,6.000014755212,1.562894361014));
#534 = DIRECTION('',(-1.,-0.,0.));
#535 = DIRECTION('',(0.,-1.,-1.224646799147E-16));
#536 = ORIENTED_EDGE('',*,*,#537,.F.);
#537 = EDGE_CURVE('',#538,#529,#540,.T.);
#538 = VERTEX_POINT('',#539);
#539 = CARTESIAN_POINT('',(15.399999,-6.00000411578,1.312894361014));
#540 = LINE('',#541,#542);
#541 = CARTESIAN_POINT('',(15.399999,1.375400627606,1.312894361014));
#542 = VECTOR('',#543,1.);
#543 = DIRECTION('',(0.,1.,1.850368797851E-17));
#544 = ORIENTED_EDGE('',*,*,#545,.T.);
#545 = EDGE_CURVE('',#538,#487,#546,.T.);
#546 = CIRCLE('',#547,0.273567345126);
#547 = AXIS2_PLACEMENT_3D('',#548,#549,#550);
#548 = CARTESIAN_POINT('',(15.399999,-6.00000411578,1.58646170614));
#549 = DIRECTION('',(-1.,0.,0.));
#550 = DIRECTION('',(0.,1.110223024625E-16,1.));
#551 = PLANE('',#552);
#552 = AXIS2_PLACEMENT_3D('',#553,#554,#555);
#553 = CARTESIAN_POINT('',(15.399999,-3.2492135,-2.4));
#554 = DIRECTION('',(1.,0.,0.));
#555 = DIRECTION('',(0.,0.,1.));
#556 = ADVANCED_FACE('',(#557),#576,.F.);
#557 = FACE_BOUND('',#558,.F.);
#558 = EDGE_LOOP('',(#559,#568,#574,#575));
#559 = ORIENTED_EDGE('',*,*,#560,.T.);
#560 = EDGE_CURVE('',#561,#561,#563,.T.);
#561 = VERTEX_POINT('',#562);
#562 = CARTESIAN_POINT('',(-27.802521,19.049998,7.15));
#563 = CIRCLE('',#564,1.55);
#564 = AXIS2_PLACEMENT_3D('',#565,#566,#567);
#565 = CARTESIAN_POINT('',(-29.352521,19.049998,7.15));
#566 = DIRECTION('',(0.,0.,1.));
#567 = DIRECTION('',(1.,0.,-0.));
#568 = ORIENTED_EDGE('',*,*,#569,.F.);
#569 = EDGE_CURVE('',#114,#561,#570,.T.);
#570 = LINE('',#571,#572);
#571 = CARTESIAN_POINT('',(-27.802521,19.049998,7.15));
#572 = VECTOR('',#573,1.);
#573 = DIRECTION('',(-0.707106781187,-0.,-0.707106781187));
#574 = ORIENTED_EDGE('',*,*,#113,.F.);
#575 = ORIENTED_EDGE('',*,*,#569,.T.);
#576 = CONICAL_SURFACE('',#577,1.55,0.785398163397);
#577 = AXIS2_PLACEMENT_3D('',#578,#579,#580);
#578 = CARTESIAN_POINT('',(-29.352521,19.049998,7.15));
#579 = DIRECTION('',(0.,0.,1.));
#580 = DIRECTION('',(1.,0.,-0.));
#581 = ADVANCED_FACE('',(#582),#608,.T.);
#582 = FACE_BOUND('',#583,.T.);
#583 = EDGE_LOOP('',(#584,#595,#601,#602));
#584 = ORIENTED_EDGE('',*,*,#585,.T.);
#585 = EDGE_CURVE('',#586,#588,#590,.T.);
#586 = VERTEX_POINT('',#587);
#587 = CARTESIAN_POINT('',(11.970931659245,-12.74454393744,-5.E-02));
#588 = VERTEX_POINT('',#589);
#589 = CARTESIAN_POINT('',(6.459606937219,-18.33219207761,-5.E-02));
#590 = CIRCLE('',#591,8.393396998643);
#591 = AXIS2_PLACEMENT_3D('',#592,#593,#594);
#592 = CARTESIAN_POINT('',(14.497648735845,-20.74859378684,-5.E-02));
#593 = DIRECTION('',(0.,0.,1.));
#594 = DIRECTION('',(1.,0.,-0.));
#595 = ORIENTED_EDGE('',*,*,#596,.T.);
#596 = EDGE_CURVE('',#588,#125,#597,.T.);
#597 = LINE('',#598,#599);
#598 = CARTESIAN_POINT('',(6.459606937219,-18.33219207761,-8.1));
#599 = VECTOR('',#600,1.);
#600 = DIRECTION('',(0.,0.,1.));
#601 = ORIENTED_EDGE('',*,*,#124,.T.);
#602 = ORIENTED_EDGE('',*,*,#603,.F.);
#603 = EDGE_CURVE('',#586,#127,#604,.T.);
#604 = LINE('',#605,#606);
#605 = CARTESIAN_POINT('',(11.970931659245,-12.74454393744,-5.E-02));
#606 = VECTOR('',#607,1.);
#607 = DIRECTION('',(0.,0.,1.));
#608 = CYLINDRICAL_SURFACE('',#609,8.393396998643);
#609 = AXIS2_PLACEMENT_3D('',#610,#611,#612);
#610 = CARTESIAN_POINT('',(14.497648735845,-20.74859378684,-8.1));
#611 = DIRECTION('',(0.,0.,-1.));
#612 = DIRECTION('',(1.,0.,0.));
#613 = ADVANCED_FACE('',(#614),#633,.F.);
#614 = FACE_BOUND('',#615,.F.);
#615 = EDGE_LOOP('',(#616,#625,#631,#632));
#616 = ORIENTED_EDGE('',*,*,#617,.T.);
#617 = EDGE_CURVE('',#586,#618,#620,.T.);
#618 = VERTEX_POINT('',#619);
#619 = CARTESIAN_POINT('',(12.599999,-11.8862925208,-5.E-02));
#620 = CIRCLE('',#621,0.9);
#621 = AXIS2_PLACEMENT_3D('',#622,#623,#624);
#622 = CARTESIAN_POINT('',(11.699999,-11.8862925208,-5.E-02));
#623 = DIRECTION('',(-0.,0.,1.));
#624 = DIRECTION('',(0.,-1.,0.));
#625 = ORIENTED_EDGE('',*,*,#626,.T.);
#626 = EDGE_CURVE('',#618,#203,#627,.T.);
#627 = LINE('',#628,#629);
#628 = CARTESIAN_POINT('',(12.599999,-11.8862925208,-5.E-02));
#629 = VECTOR('',#630,1.);
#630 = DIRECTION('',(0.,0.,1.));
#631 = ORIENTED_EDGE('',*,*,#210,.F.);
#632 = ORIENTED_EDGE('',*,*,#603,.F.);
#633 = CYLINDRICAL_SURFACE('',#634,0.9);
#634 = AXIS2_PLACEMENT_3D('',#635,#636,#637);
#635 = CARTESIAN_POINT('',(11.699999,-11.8862925208,-5.E-02));
#636 = DIRECTION('',(0.,0.,1.));
#637 = DIRECTION('',(0.30103628805,-0.953612685149,0.));
#638 = ADVANCED_FACE('',(#639),#673,.T.);
#639 = FACE_BOUND('',#640,.T.);
#640 = EDGE_LOOP('',(#641,#651,#657,#658,#659,#667));
#641 = ORIENTED_EDGE('',*,*,#642,.F.);
#642 = EDGE_CURVE('',#643,#645,#647,.T.);
#643 = VERTEX_POINT('',#644);
#644 = CARTESIAN_POINT('',(5.447479,-19.34432001482,-8.1));
#645 = VERTEX_POINT('',#646);
#646 = CARTESIAN_POINT('',(5.600001,-19.19179801482,-8.1));
#647 = LINE('',#648,#649);
#648 = CARTESIAN_POINT('',(5.447479,-19.34432001482,-8.1));
#649 = VECTOR('',#650,1.);
#650 = DIRECTION('',(0.707106781187,0.707106781187,0.));
#651 = ORIENTED_EDGE('',*,*,#652,.T.);
#652 = EDGE_CURVE('',#643,#136,#653,.T.);
#653 = LINE('',#654,#655);
#654 = CARTESIAN_POINT('',(5.447479,-19.34432001482,-8.1));
#655 = VECTOR('',#656,1.);
#656 = DIRECTION('',(0.,0.,1.));
#657 = ORIENTED_EDGE('',*,*,#135,.F.);
#658 = ORIENTED_EDGE('',*,*,#596,.F.);
#659 = ORIENTED_EDGE('',*,*,#660,.F.);
#660 = EDGE_CURVE('',#661,#588,#663,.T.);
#661 = VERTEX_POINT('',#662);
#662 = CARTESIAN_POINT('',(5.600001,-19.19179801482,-5.E-02));
#663 = LINE('',#664,#665);
#664 = CARTESIAN_POINT('',(5.600001,-19.19179801482,-5.E-02));
#665 = VECTOR('',#666,1.);
#666 = DIRECTION('',(0.707106781187,0.707106781187,0.));
#667 = ORIENTED_EDGE('',*,*,#668,.F.);
#668 = EDGE_CURVE('',#645,#661,#669,.T.);
#669 = LINE('',#670,#671);
#670 = CARTESIAN_POINT('',(5.600001,-19.19179801482,-8.1));
#671 = VECTOR('',#672,1.);
#672 = DIRECTION('',(0.,0.,1.));
#673 = PLANE('',#674);
#674 = AXIS2_PLACEMENT_3D('',#675,#676,#677);
#675 = CARTESIAN_POINT('',(5.447479,-19.34432001482,-8.1));
#676 = DIRECTION('',(-0.707106781187,0.707106781187,0.));
#677 = DIRECTION('',(0.707106781187,0.707106781187,0.));
#678 = ADVANCED_FACE('',(#679,#697),#767,.T.);
#679 = FACE_BOUND('',#680,.T.);
#680 = EDGE_LOOP('',(#681,#689,#690,#691));
#681 = ORIENTED_EDGE('',*,*,#682,.T.);
#682 = EDGE_CURVE('',#683,#618,#685,.T.);
#683 = VERTEX_POINT('',#684);
#684 = CARTESIAN_POINT('',(12.599999,11.881577848292,-5.E-02));
#685 = LINE('',#686,#687);
#686 = CARTESIAN_POINT('',(12.599999,12.567823687379,-5.E-02));
#687 = VECTOR('',#688,1.);
#688 = DIRECTION('',(0.,-1.,0.));
#689 = ORIENTED_EDGE('',*,*,#626,.T.);
#690 = ORIENTED_EDGE('',*,*,#202,.F.);
#691 = ORIENTED_EDGE('',*,*,#692,.F.);
#692 = EDGE_CURVE('',#683,#194,#693,.T.);
#693 = LINE('',#694,#695);
#694 = CARTESIAN_POINT('',(12.599999,11.881577848292,-5.E-02));
#695 = VECTOR('',#696,1.);
#696 = DIRECTION('',(0.,0.,1.));
#697 = FACE_BOUND('',#698,.T.);
#698 = EDGE_LOOP('',(#699,#709,#718,#726,#735,#743,#752,#760));
#699 = ORIENTED_EDGE('',*,*,#700,.F.);
#700 = EDGE_CURVE('',#701,#703,#705,.T.);
#701 = VERTEX_POINT('',#702);
#702 = CARTESIAN_POINT('',(12.599999,-6.27355259736,1.589674266593));
#703 = VERTEX_POINT('',#704);
#704 = CARTESIAN_POINT('',(12.599999,-6.250002,3.595));
#705 = LINE('',#706,#707);
#706 = CARTESIAN_POINT('',(12.599999,-6.27355259736,1.589674266593));
#707 = VECTOR('',#708,1.);
#708 = DIRECTION('',(0.,1.174321610761E-02,0.99993104606));
#709 = ORIENTED_EDGE('',*,*,#710,.T.);
#710 = EDGE_CURVE('',#701,#711,#713,.T.);
#711 = VERTEX_POINT('',#712);
#712 = CARTESIAN_POINT('',(12.599999,-6.00000411578,1.312894361014));
#713 = CIRCLE('',#714,0.273567345126);
#714 = AXIS2_PLACEMENT_3D('',#715,#716,#717);
#715 = CARTESIAN_POINT('',(12.599999,-6.00000411578,1.58646170614));
#716 = DIRECTION('',(1.,0.,-0.));
#717 = DIRECTION('',(0.,1.110223024625E-16,1.));
#718 = ORIENTED_EDGE('',*,*,#719,.F.);
#719 = EDGE_CURVE('',#720,#711,#722,.T.);
#720 = VERTEX_POINT('',#721);
#721 = CARTESIAN_POINT('',(12.599999,6.000014755212,1.312894361014));
#722 = LINE('',#723,#724);
#723 = CARTESIAN_POINT('',(12.599999,6.000014755212,1.312894361014));
#724 = VECTOR('',#725,1.);
#725 = DIRECTION('',(0.,-1.,-1.850368797851E-17));
#726 = ORIENTED_EDGE('',*,*,#727,.T.);
#727 = EDGE_CURVE('',#720,#728,#730,.T.);
#728 = VERTEX_POINT('',#729);
#729 = CARTESIAN_POINT('',(12.599999,6.249998,1.56));
#730 = CIRCLE('',#731,0.25);
#731 = AXIS2_PLACEMENT_3D('',#732,#733,#734);
#732 = CARTESIAN_POINT('',(12.599999,6.000014755212,1.562894361014));
#733 = DIRECTION('',(1.,0.,0.));
#734 = DIRECTION('',(0.,-1.,-1.224646799147E-16));
#735 = ORIENTED_EDGE('',*,*,#736,.F.);
#736 = EDGE_CURVE('',#737,#728,#739,.T.);
#737 = VERTEX_POINT('',#738);
#738 = CARTESIAN_POINT('',(12.599999,6.273215847252,3.565303680976));
#739 = LINE('',#740,#741);
#740 = CARTESIAN_POINT('',(12.599999,6.273215847252,3.565303680968));
#741 = VECTOR('',#742,1.);
#742 = DIRECTION('',(0.,-1.157744405156E-02,-0.999932979149));
#743 = ORIENTED_EDGE('',*,*,#744,.T.);
#744 = EDGE_CURVE('',#737,#745,#747,.T.);
#745 = VERTEX_POINT('',#746);
#746 = CARTESIAN_POINT('',(12.599999,5.999641176447,3.842064195973));
#747 = CIRCLE('',#748,0.273593007248);
#748 = AXIS2_PLACEMENT_3D('',#749,#750,#751);
#749 = CARTESIAN_POINT('',(12.599999,5.999641176441,3.568471188726));
#750 = DIRECTION('',(1.,0.,-0.));
#751 = DIRECTION('',(-0.,1.110223024625E-16,-1.));
#752 = ORIENTED_EDGE('',*,*,#753,.F.);
#753 = EDGE_CURVE('',#754,#745,#756,.T.);
#754 = VERTEX_POINT('',#755);
#755 = CARTESIAN_POINT('',(12.599999,-6.000019238485,3.842064195974));
#756 = LINE('',#757,#758);
#757 = CARTESIAN_POINT('',(12.599999,-6.000019238485,3.842064195974));
#758 = VECTOR('',#759,1.);
#759 = DIRECTION('',(-0.,1.,-1.99105630191E-14));
#760 = ORIENTED_EDGE('',*,*,#761,.T.);
#761 = EDGE_CURVE('',#754,#703,#762,.T.);
#762 = CIRCLE('',#763,0.25);
#763 = AXIS2_PLACEMENT_3D('',#764,#765,#766);
#764 = CARTESIAN_POINT('',(12.599999,-6.000019238485,3.592064195974));
#765 = DIRECTION('',(1.,0.,0.));
#766 = DIRECTION('',(-0.,1.,0.));
#767 = PLANE('',#768);
#768 = AXIS2_PLACEMENT_3D('',#769,#770,#771);
#769 = CARTESIAN_POINT('',(12.599999,-12.57252880074,-8.1));
#770 = DIRECTION('',(-1.,0.,0.));
#771 = DIRECTION('',(0.,1.,0.));
#772 = ADVANCED_FACE('',(#773),#791,.T.);
#773 = FACE_BOUND('',#774,.T.);
#774 = EDGE_LOOP('',(#775,#783,#789,#790));
#775 = ORIENTED_EDGE('',*,*,#776,.F.);
#776 = EDGE_CURVE('',#777,#643,#779,.T.);
#777 = VERTEX_POINT('',#778);
#778 = CARTESIAN_POINT('',(5.447479,-25.348425,-8.1));
#779 = LINE('',#780,#781);
#780 = CARTESIAN_POINT('',(5.447479,-25.348425,-8.1));
#781 = VECTOR('',#782,1.);
#782 = DIRECTION('',(0.,1.,0.));
#783 = ORIENTED_EDGE('',*,*,#784,.T.);
#784 = EDGE_CURVE('',#777,#144,#785,.T.);
#785 = LINE('',#786,#787);
#786 = CARTESIAN_POINT('',(5.447479,-25.348425,-8.1));
#787 = VECTOR('',#788,1.);
#788 = DIRECTION('',(0.,0.,1.));
#789 = ORIENTED_EDGE('',*,*,#143,.F.);
#790 = ORIENTED_EDGE('',*,*,#652,.F.);
#791 = PLANE('',#792);
#792 = AXIS2_PLACEMENT_3D('',#793,#794,#795);
#793 = CARTESIAN_POINT('',(5.447479,-25.348425,-8.1));
#794 = DIRECTION('',(-1.,0.,0.));
#795 = DIRECTION('',(0.,1.,0.));
#796 = ADVANCED_FACE('',(#797),#816,.F.);
#797 = FACE_BOUND('',#798,.F.);
#798 = EDGE_LOOP('',(#799,#808,#814,#815));
#799 = ORIENTED_EDGE('',*,*,#800,.T.);
#800 = EDGE_CURVE('',#683,#801,#803,.T.);
#801 = VERTEX_POINT('',#802);
#802 = CARTESIAN_POINT('',(11.9709050894,12.739837652038,-5.E-02));
#803 = CIRCLE('',#804,0.9);
#804 = AXIS2_PLACEMENT_3D('',#805,#806,#807);
#805 = CARTESIAN_POINT('',(11.699999,11.881577848292,-5.E-02));
#806 = DIRECTION('',(-0.,0.,1.));
#807 = DIRECTION('',(0.,-1.,0.));
#808 = ORIENTED_EDGE('',*,*,#809,.T.);
#809 = EDGE_CURVE('',#801,#185,#810,.T.);
#810 = LINE('',#811,#812);
#811 = CARTESIAN_POINT('',(11.9709050894,12.739837652038,-5.E-02));
#812 = VECTOR('',#813,1.);
#813 = DIRECTION('',(0.,0.,1.));
#814 = ORIENTED_EDGE('',*,*,#193,.F.);
#815 = ORIENTED_EDGE('',*,*,#692,.F.);
#816 = CYLINDRICAL_SURFACE('',#817,0.9);
#817 = AXIS2_PLACEMENT_3D('',#818,#819,#820);
#818 = CARTESIAN_POINT('',(11.699999,11.881577848292,-5.E-02));
#819 = DIRECTION('',(0.,0.,1.));
#820 = DIRECTION('',(1.,0.,-0.));
#821 = ADVANCED_FACE('',(#822),#840,.T.);
#822 = FACE_BOUND('',#823,.T.);
#823 = EDGE_LOOP('',(#824,#832,#838,#839));
#824 = ORIENTED_EDGE('',*,*,#825,.F.);
#825 = EDGE_CURVE('',#826,#777,#828,.T.);
#826 = VERTEX_POINT('',#827);
#827 = CARTESIAN_POINT('',(-25.752521,-25.348425,-8.1));
#828 = LINE('',#829,#830);
#829 = CARTESIAN_POINT('',(-25.752521,-25.348425,-8.1));
#830 = VECTOR('',#831,1.);
#831 = DIRECTION('',(1.,0.,0.));
#832 = ORIENTED_EDGE('',*,*,#833,.T.);
#833 = EDGE_CURVE('',#826,#152,#834,.T.);
#834 = LINE('',#835,#836);
#835 = CARTESIAN_POINT('',(-25.752521,-25.348425,-8.1));
#836 = VECTOR('',#837,1.);
#837 = DIRECTION('',(0.,0.,1.));
#838 = ORIENTED_EDGE('',*,*,#151,.F.);
#839 = ORIENTED_EDGE('',*,*,#784,.F.);
#840 = PLANE('',#841);
#841 = AXIS2_PLACEMENT_3D('',#842,#843,#844);
#842 = CARTESIAN_POINT('',(-25.752521,-25.348425,-8.1));
#843 = DIRECTION('',(0.,1.,0.));
#844 = DIRECTION('',(1.,0.,0.));
#845 = ADVANCED_FACE('',(#846),#865,.T.);
#846 = FACE_BOUND('',#847,.T.);
#847 = EDGE_LOOP('',(#848,#857,#858,#859));
#848 = ORIENTED_EDGE('',*,*,#849,.T.);
#849 = EDGE_CURVE('',#850,#801,#852,.T.);
#850 = VERTEX_POINT('',#851);
#851 = CARTESIAN_POINT('',(6.489811228754,18.222271313564,-5.E-02));
#852 = CIRCLE('',#853,8.397714251862);
#853 = AXIS2_PLACEMENT_3D('',#854,#855,#856);
#854 = CARTESIAN_POINT('',(14.49867389815,20.748082747278,-5.E-02));
#855 = DIRECTION('',(0.,0.,1.));
#856 = DIRECTION('',(1.,0.,-0.));
#857 = ORIENTED_EDGE('',*,*,#809,.T.);
#858 = ORIENTED_EDGE('',*,*,#184,.T.);
#859 = ORIENTED_EDGE('',*,*,#860,.F.);
#860 = EDGE_CURVE('',#850,#176,#861,.T.);
#861 = LINE('',#862,#863);
#862 = CARTESIAN_POINT('',(6.489811228754,18.222271313564,-5.E-02));
#863 = VECTOR('',#864,1.);
#864 = DIRECTION('',(0.,0.,1.));
#865 = CYLINDRICAL_SURFACE('',#866,8.397714251862);
#866 = AXIS2_PLACEMENT_3D('',#867,#868,#869);
#867 = CARTESIAN_POINT('',(14.49867389815,20.748082747278,-8.1));
#868 = DIRECTION('',(0.,0.,-1.));
#869 = DIRECTION('',(1.,0.,0.));
#870 = ADVANCED_FACE('',(#871),#889,.F.);
#871 = FACE_BOUND('',#872,.F.);
#872 = EDGE_LOOP('',(#873,#881,#882,#883));
#873 = ORIENTED_EDGE('',*,*,#874,.F.);
#874 = EDGE_CURVE('',#826,#875,#877,.T.);
#875 = VERTEX_POINT('',#876);
#876 = CARTESIAN_POINT('',(-25.752521,18.851575,-8.1));
#877 = LINE('',#878,#879);
#878 = CARTESIAN_POINT('',(-25.752521,-25.348425,-8.1));
#879 = VECTOR('',#880,1.);
#880 = DIRECTION('',(0.,1.,0.));
#881 = ORIENTED_EDGE('',*,*,#833,.T.);
#882 = ORIENTED_EDGE('',*,*,#159,.F.);
#883 = ORIENTED_EDGE('',*,*,#884,.F.);
#884 = EDGE_CURVE('',#875,#160,#885,.T.);
#885 = LINE('',#886,#887);
#886 = CARTESIAN_POINT('',(-25.752521,18.851575,-8.1));
#887 = VECTOR('',#888,1.);
#888 = DIRECTION('',(0.,0.,1.));
#889 = PLANE('',#890);
#890 = AXIS2_PLACEMENT_3D('',#891,#892,#893);
#891 = CARTESIAN_POINT('',(-25.752521,-25.348425,-8.1));
#892 = DIRECTION('',(-1.,0.,0.));
#893 = DIRECTION('',(0.,1.,0.));
#894 = ADVANCED_FACE('',(#895),#914,.F.);
#895 = FACE_BOUND('',#896,.F.);
#896 = EDGE_LOOP('',(#897,#905,#906,#907));
#897 = ORIENTED_EDGE('',*,*,#898,.T.);
#898 = EDGE_CURVE('',#899,#168,#901,.T.);
#899 = VERTEX_POINT('',#900);
#900 = CARTESIAN_POINT('',(5.631485238338,18.851575,-5.E-02));
#901 = LINE('',#902,#903);
#902 = CARTESIAN_POINT('',(5.631485238338,18.851575,-5.E-02));
#903 = VECTOR('',#904,1.);
#904 = DIRECTION('',(0.,0.,1.));
#905 = ORIENTED_EDGE('',*,*,#175,.T.);
#906 = ORIENTED_EDGE('',*,*,#860,.F.);
#907 = ORIENTED_EDGE('',*,*,#908,.F.);
#908 = EDGE_CURVE('',#899,#850,#909,.T.);
#909 = CIRCLE('',#910,0.9);
#910 = AXIS2_PLACEMENT_3D('',#911,#912,#913);
#911 = CARTESIAN_POINT('',(5.631485238338,17.951575,-5.E-02));
#912 = DIRECTION('',(0.,0.,-1.));
#913 = DIRECTION('',(0.,-1.,0.));
#914 = CYLINDRICAL_SURFACE('',#915,0.9);
#915 = AXIS2_PLACEMENT_3D('',#916,#917,#918);
#916 = CARTESIAN_POINT('',(5.631485238338,17.951575,-5.E-02));
#917 = DIRECTION('',(0.,0.,1.));
#918 = DIRECTION('',(0.,1.,0.));
#919 = ADVANCED_FACE('',(#920,#947),#983,.F.);
#920 = FACE_BOUND('',#921,.F.);
#921 = EDGE_LOOP('',(#922,#930,#938,#944,#945,#946));
#922 = ORIENTED_EDGE('',*,*,#923,.F.);
#923 = EDGE_CURVE('',#924,#899,#926,.T.);
#924 = VERTEX_POINT('',#925);
#925 = CARTESIAN_POINT('',(5.600001,18.851575,-5.E-02));
#926 = LINE('',#927,#928);
#927 = CARTESIAN_POINT('',(5.600001,18.851575,-5.E-02));
#928 = VECTOR('',#929,1.);
#929 = DIRECTION('',(1.,0.,0.));
#930 = ORIENTED_EDGE('',*,*,#931,.F.);
#931 = EDGE_CURVE('',#932,#924,#934,.T.);
#932 = VERTEX_POINT('',#933);
#933 = CARTESIAN_POINT('',(5.600001,18.851575,-8.1));
#934 = LINE('',#935,#936);
#935 = CARTESIAN_POINT('',(5.600001,18.851575,-8.1));
#936 = VECTOR('',#937,1.);
#937 = DIRECTION('',(0.,0.,1.));
#938 = ORIENTED_EDGE('',*,*,#939,.F.);
#939 = EDGE_CURVE('',#875,#932,#940,.T.);
#940 = LINE('',#941,#942);
#941 = CARTESIAN_POINT('',(-25.752521,18.851575,-8.1));
#942 = VECTOR('',#943,1.);
#943 = DIRECTION('',(1.,0.,0.));
#944 = ORIENTED_EDGE('',*,*,#884,.T.);
#945 = ORIENTED_EDGE('',*,*,#167,.F.);
#946 = ORIENTED_EDGE('',*,*,#898,.F.);
#947 = FACE_BOUND('',#948,.F.);
#948 = EDGE_LOOP('',(#949,#959,#968,#976));
#949 = ORIENTED_EDGE('',*,*,#950,.F.);
#950 = EDGE_CURVE('',#951,#953,#955,.T.);
#951 = VERTEX_POINT('',#952);
#952 = CARTESIAN_POINT('',(-1.260001506449,18.851575,1.409999999988));
#953 = VERTEX_POINT('',#954);
#954 = CARTESIAN_POINT('',(-7.561191659579,18.851575,1.409999999988));
#955 = LINE('',#956,#957);
#956 = CARTESIAN_POINT('',(-1.260001506449,18.851575,1.409999999988));
#957 = VECTOR('',#958,1.);
#958 = DIRECTION('',(-1.,0.,0.));
#959 = ORIENTED_EDGE('',*,*,#960,.T.);
#960 = EDGE_CURVE('',#951,#961,#963,.T.);
#961 = VERTEX_POINT('',#962);
#962 = CARTESIAN_POINT('',(-1.260001506449,18.851575,5.109999999988));
#963 = CIRCLE('',#964,1.85);
#964 = AXIS2_PLACEMENT_3D('',#965,#966,#967);
#965 = CARTESIAN_POINT('',(-1.260001506449,18.851575,3.259999999988));
#966 = DIRECTION('',(0.,-1.,2.22044604925E-16));
#967 = DIRECTION('',(1.,0.,0.));
#968 = ORIENTED_EDGE('',*,*,#969,.T.);
#969 = EDGE_CURVE('',#961,#970,#972,.T.);
#970 = VERTEX_POINT('',#971);
#971 = CARTESIAN_POINT('',(-7.561191659579,18.851575,5.109999999988));
#972 = LINE('',#973,#974);
#973 = CARTESIAN_POINT('',(-1.260001506449,18.851575,5.109999999988));
#974 = VECTOR('',#975,1.);
#975 = DIRECTION('',(-1.,0.,0.));
#976 = ORIENTED_EDGE('',*,*,#977,.T.);
#977 = EDGE_CURVE('',#970,#953,#978,.T.);
#978 = CIRCLE('',#979,1.85);
#979 = AXIS2_PLACEMENT_3D('',#980,#981,#982);
#980 = CARTESIAN_POINT('',(-7.561191659579,18.851575,3.259999999988));
#981 = DIRECTION('',(0.,-1.,2.22044604925E-16));
#982 = DIRECTION('',(1.,0.,0.));
#983 = PLANE('',#984);
#984 = AXIS2_PLACEMENT_3D('',#985,#986,#987);
#985 = CARTESIAN_POINT('',(-25.752521,18.851575,-8.1));
#986 = DIRECTION('',(0.,1.,0.));
#987 = DIRECTION('',(1.,0.,0.));
#988 = ADVANCED_FACE('',(#989),#1008,.F.);
#989 = FACE_BOUND('',#990,.F.);
#990 = EDGE_LOOP('',(#991,#1000,#1006,#1007));
#991 = ORIENTED_EDGE('',*,*,#992,.T.);
#992 = EDGE_CURVE('',#993,#993,#995,.T.);
#993 = VERTEX_POINT('',#994);
#994 = CARTESIAN_POINT('',(-27.802521,-25.548425,7.15));
#995 = CIRCLE('',#996,1.55);
#996 = AXIS2_PLACEMENT_3D('',#997,#998,#999);
#997 = CARTESIAN_POINT('',(-29.352521,-25.548425,7.15));
#998 = DIRECTION('',(0.,0.,1.));
#999 = DIRECTION('',(1.,0.,-0.));
#1000 = ORIENTED_EDGE('',*,*,#1001,.F.);
#1001 = EDGE_CURVE('',#220,#993,#1002,.T.);
#1002 = LINE('',#1003,#1004);
#1003 = CARTESIAN_POINT('',(-27.802521,-25.548425,7.15));
#1004 = VECTOR('',#1005,1.);
#1005 = DIRECTION('',(-0.707106781187,-0.,-0.707106781187));
#1006 = ORIENTED_EDGE('',*,*,#219,.F.);
#1007 = ORIENTED_EDGE('',*,*,#1001,.T.);
#1008 = CONICAL_SURFACE('',#1009,1.55,0.785398163397);
#1009 = AXIS2_PLACEMENT_3D('',#1010,#1011,#1012);
#1010 = CARTESIAN_POINT('',(-29.352521,-25.548425,7.15));
#1011 = DIRECTION('',(0.,0.,1.));
#1012 = DIRECTION('',(1.,0.,-0.));
#1013 = ADVANCED_FACE('',(#1014),#1033,.F.);
#1014 = FACE_BOUND('',#1015,.F.);
#1015 = EDGE_LOOP('',(#1016,#1025,#1031,#1032));
#1016 = ORIENTED_EDGE('',*,*,#1017,.T.);
#1017 = EDGE_CURVE('',#1018,#1018,#1020,.T.);
#1018 = VERTEX_POINT('',#1019);
#1019 = CARTESIAN_POINT('',(14.349999,-25.548425,7.15));
#1020 = CIRCLE('',#1021,1.55);
#1021 = AXIS2_PLACEMENT_3D('',#1022,#1023,#1024);
#1022 = CARTESIAN_POINT('',(12.799999,-25.548425,7.15));
#1023 = DIRECTION('',(0.,0.,1.));
#1024 = DIRECTION('',(1.,0.,-0.));
#1025 = ORIENTED_EDGE('',*,*,#1026,.F.);
#1026 = EDGE_CURVE('',#231,#1018,#1027,.T.);
#1027 = LINE('',#1028,#1029);
#1028 = CARTESIAN_POINT('',(14.349999,-25.548425,7.15));
#1029 = VECTOR('',#1030,1.);
#1030 = DIRECTION('',(-0.707106781187,-0.,-0.707106781187));
#1031 = ORIENTED_EDGE('',*,*,#230,.F.);
#1032 = ORIENTED_EDGE('',*,*,#1026,.T.);
#1033 = CONICAL_SURFACE('',#1034,1.55,0.785398163397);
#1034 = AXIS2_PLACEMENT_3D('',#1035,#1036,#1037);
#1035 = CARTESIAN_POINT('',(12.799999,-25.548425,7.15));
#1036 = DIRECTION('',(0.,0.,1.));
#1037 = DIRECTION('',(1.,0.,-0.));
#1038 = ADVANCED_FACE('',(#1039),#1058,.F.);
#1039 = FACE_BOUND('',#1040,.F.);
#1040 = EDGE_LOOP('',(#1041,#1050,#1056,#1057));
#1041 = ORIENTED_EDGE('',*,*,#1042,.T.);
#1042 = EDGE_CURVE('',#1043,#1043,#1045,.T.);
#1043 = VERTEX_POINT('',#1044);
#1044 = CARTESIAN_POINT('',(14.349999,19.049998,7.15));
#1045 = CIRCLE('',#1046,1.55);
#1046 = AXIS2_PLACEMENT_3D('',#1047,#1048,#1049);
#1047 = CARTESIAN_POINT('',(12.799999,19.049998,7.15));
#1048 = DIRECTION('',(0.,0.,1.));
#1049 = DIRECTION('',(1.,0.,-0.));
#1050 = ORIENTED_EDGE('',*,*,#1051,.F.);
#1051 = EDGE_CURVE('',#242,#1043,#1052,.T.);
#1052 = LINE('',#1053,#1054);
#1053 = CARTESIAN_POINT('',(14.349999,19.049998,7.15));
#1054 = VECTOR('',#1055,1.);
#1055 = DIRECTION('',(-0.707106781187,-0.,-0.707106781187));
#1056 = ORIENTED_EDGE('',*,*,#241,.F.);
#1057 = ORIENTED_EDGE('',*,*,#1051,.T.);
#1058 = CONICAL_SURFACE('',#1059,1.55,0.785398163397);
#1059 = AXIS2_PLACEMENT_3D('',#1060,#1061,#1062);
#1060 = CARTESIAN_POINT('',(12.799999,19.049998,7.15));
#1061 = DIRECTION('',(0.,0.,1.));
#1062 = DIRECTION('',(1.,0.,-0.));
#1063 = ADVANCED_FACE('',(#1064,#1074,#1085),#1096,.F.);
#1064 = FACE_BOUND('',#1065,.F.);
#1065 = EDGE_LOOP('',(#1066,#1067,#1068,#1069,#1070,#1071,#1072,#1073));
#1066 = ORIENTED_EDGE('',*,*,#267,.F.);
#1067 = ORIENTED_EDGE('',*,*,#290,.T.);
#1068 = ORIENTED_EDGE('',*,*,#341,.F.);
#1069 = ORIENTED_EDGE('',*,*,#424,.T.);
#1070 = ORIENTED_EDGE('',*,*,#475,.T.);
#1071 = ORIENTED_EDGE('',*,*,#458,.F.);
#1072 = ORIENTED_EDGE('',*,*,#363,.F.);
#1073 = ORIENTED_EDGE('',*,*,#324,.F.);
#1074 = FACE_BOUND('',#1075,.F.);
#1075 = EDGE_LOOP('',(#1076));
#1076 = ORIENTED_EDGE('',*,*,#1077,.T.);
#1077 = EDGE_CURVE('',#1078,#1078,#1080,.T.);
#1078 = VERTEX_POINT('',#1079);
#1079 = CARTESIAN_POINT('',(-3.726261,-13.24921350002,-12.2));
#1080 = CIRCLE('',#1081,4.55);
#1081 = AXIS2_PLACEMENT_3D('',#1082,#1083,#1084);
#1082 = CARTESIAN_POINT('',(-8.276261,-13.24921350002,-12.2));
#1083 = DIRECTION('',(0.,0.,-1.));
#1084 = DIRECTION('',(1.,0.,0.));
#1085 = FACE_BOUND('',#1086,.F.);
#1086 = EDGE_LOOP('',(#1087));
#1087 = ORIENTED_EDGE('',*,*,#1088,.T.);
#1088 = EDGE_CURVE('',#1089,#1089,#1091,.T.);
#1089 = VERTEX_POINT('',#1090);
#1090 = CARTESIAN_POINT('',(-3.726261,6.750786499979,-12.2));
#1091 = CIRCLE('',#1092,4.55);
#1092 = AXIS2_PLACEMENT_3D('',#1093,#1094,#1095);
#1093 = CARTESIAN_POINT('',(-8.276261,6.750786499979,-12.2));
#1094 = DIRECTION('',(0.,0.,-1.));
#1095 = DIRECTION('',(1.,2.193033135062E-16,0.));
#1096 = PLANE('',#1097);
#1097 = AXIS2_PLACEMENT_3D('',#1098,#1099,#1100);
#1098 = CARTESIAN_POINT('',(-8.276261,-3.2492135,-12.2));
#1099 = DIRECTION('',(0.,0.,1.));
#1100 = DIRECTION('',(1.,0.,-0.));
#1101 = ADVANCED_FACE('',(#1102),#1118,.T.);
#1102 = FACE_BOUND('',#1103,.T.);
#1103 = EDGE_LOOP('',(#1104,#1105,#1111,#1112));
#1104 = ORIENTED_EDGE('',*,*,#950,.F.);
#1105 = ORIENTED_EDGE('',*,*,#1106,.T.);
#1106 = EDGE_CURVE('',#951,#384,#1107,.T.);
#1107 = LINE('',#1108,#1109);
#1108 = CARTESIAN_POINT('',(-1.260001506449,18.851575,1.409999999988));
#1109 = VECTOR('',#1110,1.);
#1110 = DIRECTION('',(0.,1.,-2.22044604925E-16));
#1111 = ORIENTED_EDGE('',*,*,#381,.F.);
#1112 = ORIENTED_EDGE('',*,*,#1113,.F.);
#1113 = EDGE_CURVE('',#953,#382,#1114,.T.);
#1114 = LINE('',#1115,#1116);
#1115 = CARTESIAN_POINT('',(-7.561191659579,18.851575,1.409999999988));
#1116 = VECTOR('',#1117,1.);
#1117 = DIRECTION('',(0.,1.,-2.22044604925E-16));
#1118 = PLANE('',#1119);
#1119 = AXIS2_PLACEMENT_3D('',#1120,#1121,#1122);
#1120 = CARTESIAN_POINT('',(-1.260001506449,18.851575,1.409999999988));
#1121 = DIRECTION('',(0.,2.22044604925E-16,1.));
#1122 = DIRECTION('',(-1.,0.,0.));
#1123 = ADVANCED_FACE('',(#1124),#1135,.F.);
#1124 = FACE_BOUND('',#1125,.F.);
#1125 = EDGE_LOOP('',(#1126,#1127,#1133,#1134));
#1126 = ORIENTED_EDGE('',*,*,#977,.F.);
#1127 = ORIENTED_EDGE('',*,*,#1128,.T.);
#1128 = EDGE_CURVE('',#970,#401,#1129,.T.);
#1129 = LINE('',#1130,#1131);
#1130 = CARTESIAN_POINT('',(-7.561191659579,18.851575,5.109999999988));
#1131 = VECTOR('',#1132,1.);
#1132 = DIRECTION('',(0.,1.,-2.22044604925E-16));
#1133 = ORIENTED_EDGE('',*,*,#408,.T.);
#1134 = ORIENTED_EDGE('',*,*,#1113,.F.);
#1135 = CYLINDRICAL_SURFACE('',#1136,1.85);
#1136 = AXIS2_PLACEMENT_3D('',#1137,#1138,#1139);
#1137 = CARTESIAN_POINT('',(-7.561191659579,18.851575,3.259999999988));
#1138 = DIRECTION('',(0.,-1.,2.22044604925E-16));
#1139 = DIRECTION('',(1.,0.,0.));
#1140 = ADVANCED_FACE('',(#1141),#1152,.F.);
#1141 = FACE_BOUND('',#1142,.F.);
#1142 = EDGE_LOOP('',(#1143,#1144,#1150,#1151));
#1143 = ORIENTED_EDGE('',*,*,#969,.F.);
#1144 = ORIENTED_EDGE('',*,*,#1145,.T.);
#1145 = EDGE_CURVE('',#961,#392,#1146,.T.);
#1146 = LINE('',#1147,#1148);
#1147 = CARTESIAN_POINT('',(-1.260001506449,18.851575,5.109999999988));
#1148 = VECTOR('',#1149,1.);
#1149 = DIRECTION('',(0.,1.,-2.22044604925E-16));
#1150 = ORIENTED_EDGE('',*,*,#400,.F.);
#1151 = ORIENTED_EDGE('',*,*,#1128,.F.);
#1152 = PLANE('',#1153);
#1153 = AXIS2_PLACEMENT_3D('',#1154,#1155,#1156);
#1154 = CARTESIAN_POINT('',(-1.260001506449,18.851575,5.109999999988));
#1155 = DIRECTION('',(0.,2.22044604925E-16,1.));
#1156 = DIRECTION('',(-1.,0.,0.));
#1157 = ADVANCED_FACE('',(#1158),#1164,.F.);
#1158 = FACE_BOUND('',#1159,.F.);
#1159 = EDGE_LOOP('',(#1160,#1161,#1162,#1163));
#1160 = ORIENTED_EDGE('',*,*,#960,.F.);
#1161 = ORIENTED_EDGE('',*,*,#1106,.T.);
#1162 = ORIENTED_EDGE('',*,*,#391,.T.);
#1163 = ORIENTED_EDGE('',*,*,#1145,.F.);
#1164 = CYLINDRICAL_SURFACE('',#1165,1.85);
#1165 = AXIS2_PLACEMENT_3D('',#1166,#1167,#1168);
#1166 = CARTESIAN_POINT('',(-1.260001506449,18.851575,3.259999999988));
#1167 = DIRECTION('',(0.,-1.,2.22044604925E-16));
#1168 = DIRECTION('',(1.,0.,0.));
#1169 = ADVANCED_FACE('',(#1170),#1186,.F.);
#1170 = FACE_BOUND('',#1171,.F.);
#1171 = EDGE_LOOP('',(#1172,#1173,#1179,#1180));
#1172 = ORIENTED_EDGE('',*,*,#700,.F.);
#1173 = ORIENTED_EDGE('',*,*,#1174,.T.);
#1174 = EDGE_CURVE('',#701,#487,#1175,.T.);
#1175 = LINE('',#1176,#1177);
#1176 = CARTESIAN_POINT('',(12.599999,-6.27355259736,1.589674266593));
#1177 = VECTOR('',#1178,1.);
#1178 = DIRECTION('',(1.,0.,0.));
#1179 = ORIENTED_EDGE('',*,*,#484,.F.);
#1180 = ORIENTED_EDGE('',*,*,#1181,.F.);
#1181 = EDGE_CURVE('',#703,#485,#1182,.T.);
#1182 = LINE('',#1183,#1184);
#1183 = CARTESIAN_POINT('',(12.599999,-6.250002,3.595));
#1184 = VECTOR('',#1185,1.);
#1185 = DIRECTION('',(1.,0.,0.));
#1186 = PLANE('',#1187);
#1187 = AXIS2_PLACEMENT_3D('',#1188,#1189,#1190);
#1188 = CARTESIAN_POINT('',(12.599999,-6.27355259736,1.589674266593));
#1189 = DIRECTION('',(0.,-0.99993104606,1.174321610761E-02));
#1190 = DIRECTION('',(0.,1.174321610761E-02,0.99993104606));
#1191 = ADVANCED_FACE('',(#1192),#1203,.F.);
#1192 = FACE_BOUND('',#1193,.F.);
#1193 = EDGE_LOOP('',(#1194,#1200,#1201,#1202));
#1194 = ORIENTED_EDGE('',*,*,#1195,.T.);
#1195 = EDGE_CURVE('',#711,#538,#1196,.T.);
#1196 = LINE('',#1197,#1198);
#1197 = CARTESIAN_POINT('',(12.599999,-6.00000411578,1.312894361014));
#1198 = VECTOR('',#1199,1.);
#1199 = DIRECTION('',(1.,0.,0.));
#1200 = ORIENTED_EDGE('',*,*,#545,.T.);
#1201 = ORIENTED_EDGE('',*,*,#1174,.F.);
#1202 = ORIENTED_EDGE('',*,*,#710,.T.);
#1203 = CYLINDRICAL_SURFACE('',#1204,0.273567345126);
#1204 = AXIS2_PLACEMENT_3D('',#1205,#1206,#1207);
#1205 = CARTESIAN_POINT('',(12.599999,-6.00000411578,1.58646170614));
#1206 = DIRECTION('',(-1.,0.,0.));
#1207 = DIRECTION('',(0.,1.110223024625E-16,1.));
#1208 = ADVANCED_FACE('',(#1209),#1220,.F.);
#1209 = FACE_BOUND('',#1210,.F.);
#1210 = EDGE_LOOP('',(#1211,#1212,#1218,#1219));
#1211 = ORIENTED_EDGE('',*,*,#719,.F.);
#1212 = ORIENTED_EDGE('',*,*,#1213,.T.);
#1213 = EDGE_CURVE('',#720,#529,#1214,.T.);
#1214 = LINE('',#1215,#1216);
#1215 = CARTESIAN_POINT('',(12.599999,6.000014755212,1.312894361014));
#1216 = VECTOR('',#1217,1.);
#1217 = DIRECTION('',(1.,0.,0.));
#1218 = ORIENTED_EDGE('',*,*,#537,.F.);
#1219 = ORIENTED_EDGE('',*,*,#1195,.F.);
#1220 = PLANE('',#1221);
#1221 = AXIS2_PLACEMENT_3D('',#1222,#1223,#1224);
#1222 = CARTESIAN_POINT('',(12.599999,6.000014755212,1.312894361014));
#1223 = DIRECTION('',(0.,1.850368797851E-17,-1.));
#1224 = DIRECTION('',(0.,-1.,-1.850368797851E-17));
#1225 = ADVANCED_FACE('',(#1226),#1237,.F.);
#1226 = FACE_BOUND('',#1227,.F.);
#1227 = EDGE_LOOP('',(#1228,#1234,#1235,#1236));
#1228 = ORIENTED_EDGE('',*,*,#1229,.T.);
#1229 = EDGE_CURVE('',#728,#521,#1230,.T.);
#1230 = LINE('',#1231,#1232);
#1231 = CARTESIAN_POINT('',(12.599999,6.249998,1.56));
#1232 = VECTOR('',#1233,1.);
#1233 = DIRECTION('',(1.,0.,0.));
#1234 = ORIENTED_EDGE('',*,*,#528,.T.);
#1235 = ORIENTED_EDGE('',*,*,#1213,.F.);
#1236 = ORIENTED_EDGE('',*,*,#727,.T.);
#1237 = CYLINDRICAL_SURFACE('',#1238,0.25);
#1238 = AXIS2_PLACEMENT_3D('',#1239,#1240,#1241);
#1239 = CARTESIAN_POINT('',(12.599999,6.000014755212,1.562894361014));
#1240 = DIRECTION('',(-1.,-0.,-0.));
#1241 = DIRECTION('',(0.,-1.,-1.224646799147E-16));
#1242 = ADVANCED_FACE('',(#1243),#1254,.F.);
#1243 = FACE_BOUND('',#1244,.F.);
#1244 = EDGE_LOOP('',(#1245,#1246,#1252,#1253));
#1245 = ORIENTED_EDGE('',*,*,#736,.F.);
#1246 = ORIENTED_EDGE('',*,*,#1247,.T.);
#1247 = EDGE_CURVE('',#737,#512,#1248,.T.);
#1248 = LINE('',#1249,#1250);
#1249 = CARTESIAN_POINT('',(12.599999,6.273215847252,3.565303680976));
#1250 = VECTOR('',#1251,1.);
#1251 = DIRECTION('',(1.,0.,0.));
#1252 = ORIENTED_EDGE('',*,*,#520,.F.);
#1253 = ORIENTED_EDGE('',*,*,#1229,.F.);
#1254 = PLANE('',#1255);
#1255 = AXIS2_PLACEMENT_3D('',#1256,#1257,#1258);
#1256 = CARTESIAN_POINT('',(12.599999,6.273215847252,3.565303680968));
#1257 = DIRECTION('',(0.,0.999932979149,-1.157744405156E-02));
#1258 = DIRECTION('',(0.,-1.157744405156E-02,-0.999932979149));
#1259 = ADVANCED_FACE('',(#1260),#1271,.F.);
#1260 = FACE_BOUND('',#1261,.F.);
#1261 = EDGE_LOOP('',(#1262,#1268,#1269,#1270));
#1262 = ORIENTED_EDGE('',*,*,#1263,.T.);
#1263 = EDGE_CURVE('',#745,#504,#1264,.T.);
#1264 = LINE('',#1265,#1266);
#1265 = CARTESIAN_POINT('',(12.599999,5.999641176447,3.842064195973));
#1266 = VECTOR('',#1267,1.);
#1267 = DIRECTION('',(1.,0.,0.));
#1268 = ORIENTED_EDGE('',*,*,#511,.T.);
#1269 = ORIENTED_EDGE('',*,*,#1247,.F.);
#1270 = ORIENTED_EDGE('',*,*,#744,.T.);
#1271 = CYLINDRICAL_SURFACE('',#1272,0.273593007248);
#1272 = AXIS2_PLACEMENT_3D('',#1273,#1274,#1275);
#1273 = CARTESIAN_POINT('',(12.599999,5.999641176441,3.568471188726));
#1274 = DIRECTION('',(-1.,0.,0.));
#1275 = DIRECTION('',(0.,1.110223024625E-16,-1.));
#1276 = ADVANCED_FACE('',(#1277),#1288,.F.);
#1277 = FACE_BOUND('',#1278,.F.);
#1278 = EDGE_LOOP('',(#1279,#1280,#1286,#1287));
#1279 = ORIENTED_EDGE('',*,*,#753,.F.);
#1280 = ORIENTED_EDGE('',*,*,#1281,.T.);
#1281 = EDGE_CURVE('',#754,#495,#1282,.T.);
#1282 = LINE('',#1283,#1284);
#1283 = CARTESIAN_POINT('',(12.599999,-6.000019238485,3.842064195974));
#1284 = VECTOR('',#1285,1.);
#1285 = DIRECTION('',(1.,0.,0.));
#1286 = ORIENTED_EDGE('',*,*,#503,.F.);
#1287 = ORIENTED_EDGE('',*,*,#1263,.F.);
#1288 = PLANE('',#1289);
#1289 = AXIS2_PLACEMENT_3D('',#1290,#1291,#1292);
#1290 = CARTESIAN_POINT('',(12.599999,-6.000019238485,3.842064195974));
#1291 = DIRECTION('',(0.,1.99105630191E-14,1.));
#1292 = DIRECTION('',(0.,1.,-1.99105630191E-14));
#1293 = ADVANCED_FACE('',(#1294),#1300,.F.);
#1294 = FACE_BOUND('',#1295,.F.);
#1295 = EDGE_LOOP('',(#1296,#1297,#1298,#1299));
#1296 = ORIENTED_EDGE('',*,*,#1181,.T.);
#1297 = ORIENTED_EDGE('',*,*,#494,.T.);
#1298 = ORIENTED_EDGE('',*,*,#1281,.F.);
#1299 = ORIENTED_EDGE('',*,*,#761,.T.);
#1300 = CYLINDRICAL_SURFACE('',#1301,0.25);
#1301 = AXIS2_PLACEMENT_3D('',#1302,#1303,#1304);
#1302 = CARTESIAN_POINT('',(12.599999,-6.000019238485,3.592064195974));
#1303 = DIRECTION('',(-1.,-0.,-0.));
#1304 = DIRECTION('',(0.,1.,0.));
#1305 = ADVANCED_FACE('',(#1306),#1325,.F.);
#1306 = FACE_BOUND('',#1307,.F.);
#1307 = EDGE_LOOP('',(#1308,#1316,#1323,#1324));
#1308 = ORIENTED_EDGE('',*,*,#1309,.T.);
#1309 = EDGE_CURVE('',#561,#1310,#1312,.T.);
#1310 = VERTEX_POINT('',#1311);
#1311 = CARTESIAN_POINT('',(-27.802521,19.049998,5.3));
#1312 = LINE('',#1313,#1314);
#1313 = CARTESIAN_POINT('',(-27.802521,19.049998,7.4));
#1314 = VECTOR('',#1315,1.);
#1315 = DIRECTION('',(-0.,-0.,-1.));
#1316 = ORIENTED_EDGE('',*,*,#1317,.T.);
#1317 = EDGE_CURVE('',#1310,#1310,#1318,.T.);
#1318 = CIRCLE('',#1319,1.55);
#1319 = AXIS2_PLACEMENT_3D('',#1320,#1321,#1322);
#1320 = CARTESIAN_POINT('',(-29.352521,19.049998,5.3));
#1321 = DIRECTION('',(0.,0.,1.));
#1322 = DIRECTION('',(1.,0.,-0.));
#1323 = ORIENTED_EDGE('',*,*,#1309,.F.);
#1324 = ORIENTED_EDGE('',*,*,#560,.F.);
#1325 = CYLINDRICAL_SURFACE('',#1326,1.55);
#1326 = AXIS2_PLACEMENT_3D('',#1327,#1328,#1329);
#1327 = CARTESIAN_POINT('',(-29.352521,19.049998,7.4));
#1328 = DIRECTION('',(0.,0.,1.));
#1329 = DIRECTION('',(1.,0.,-0.));
#1330 = ADVANCED_FACE('',(#1331,#1347,#1358),#1369,.T.);
#1331 = FACE_BOUND('',#1332,.T.);
#1332 = EDGE_LOOP('',(#1333,#1334,#1340,#1341,#1342,#1343,#1344,#1345,
    #1346));
#1333 = ORIENTED_EDGE('',*,*,#923,.F.);
#1334 = ORIENTED_EDGE('',*,*,#1335,.T.);
#1335 = EDGE_CURVE('',#924,#661,#1336,.T.);
#1336 = LINE('',#1337,#1338);
#1337 = CARTESIAN_POINT('',(5.600001,18.851575,-5.E-02));
#1338 = VECTOR('',#1339,1.);
#1339 = DIRECTION('',(0.,-1.,0.));
#1340 = ORIENTED_EDGE('',*,*,#660,.T.);
#1341 = ORIENTED_EDGE('',*,*,#585,.F.);
#1342 = ORIENTED_EDGE('',*,*,#617,.T.);
#1343 = ORIENTED_EDGE('',*,*,#682,.F.);
#1344 = ORIENTED_EDGE('',*,*,#800,.T.);
#1345 = ORIENTED_EDGE('',*,*,#849,.F.);
#1346 = ORIENTED_EDGE('',*,*,#908,.F.);
#1347 = FACE_BOUND('',#1348,.F.);
#1348 = EDGE_LOOP('',(#1349));
#1349 = ORIENTED_EDGE('',*,*,#1350,.T.);
#1350 = EDGE_CURVE('',#1351,#1351,#1353,.T.);
#1351 = VERTEX_POINT('',#1352);
#1352 = CARTESIAN_POINT('',(9.700001,11.249998,-5.E-02));
#1353 = CIRCLE('',#1354,1.5);
#1354 = AXIS2_PLACEMENT_3D('',#1355,#1356,#1357);
#1355 = CARTESIAN_POINT('',(8.200001,11.249998,-5.E-02));
#1356 = DIRECTION('',(0.,0.,1.));
#1357 = DIRECTION('',(1.,0.,-0.));
#1358 = FACE_BOUND('',#1359,.F.);
#1359 = EDGE_LOOP('',(#1360));
#1360 = ORIENTED_EDGE('',*,*,#1361,.T.);
#1361 = EDGE_CURVE('',#1362,#1362,#1364,.T.);
#1362 = VERTEX_POINT('',#1363);
#1363 = CARTESIAN_POINT('',(9.700001,-11.250002,-5.E-02));
#1364 = CIRCLE('',#1365,1.5);
#1365 = AXIS2_PLACEMENT_3D('',#1366,#1367,#1368);
#1366 = CARTESIAN_POINT('',(8.200001,-11.250002,-5.E-02));
#1367 = DIRECTION('',(0.,0.,1.));
#1368 = DIRECTION('',(1.,0.,-0.));
#1369 = PLANE('',#1370);
#1370 = AXIS2_PLACEMENT_3D('',#1371,#1372,#1373);
#1371 = CARTESIAN_POINT('',(8.42151959394,-5.876359712776E-02,-5.E-02));
#1372 = DIRECTION('',(0.,0.,1.));
#1373 = DIRECTION('',(1.,0.,-0.));
#1374 = ADVANCED_FACE('',(#1375),#1388,.T.);
#1375 = FACE_BOUND('',#1376,.T.);
#1376 = EDGE_LOOP('',(#1377,#1378,#1379,#1380,#1381,#1387));
#1377 = ORIENTED_EDGE('',*,*,#874,.F.);
#1378 = ORIENTED_EDGE('',*,*,#825,.T.);
#1379 = ORIENTED_EDGE('',*,*,#776,.T.);
#1380 = ORIENTED_EDGE('',*,*,#642,.T.);
#1381 = ORIENTED_EDGE('',*,*,#1382,.F.);
#1382 = EDGE_CURVE('',#932,#645,#1383,.T.);
#1383 = LINE('',#1384,#1385);
#1384 = CARTESIAN_POINT('',(5.600001,18.851575,-8.1));
#1385 = VECTOR('',#1386,1.);
#1386 = DIRECTION('',(0.,-1.,0.));
#1387 = ORIENTED_EDGE('',*,*,#939,.F.);
#1388 = PLANE('',#1389);
#1389 = AXIS2_PLACEMENT_3D('',#1390,#1391,#1392);
#1390 = CARTESIAN_POINT('',(-7.879332552089,-3.04223383861,-8.1));
#1391 = DIRECTION('',(0.,0.,1.));
#1392 = DIRECTION('',(1.,0.,-0.));
#1393 = ADVANCED_FACE('',(#1394),#1400,.F.);
#1394 = FACE_BOUND('',#1395,.F.);
#1395 = EDGE_LOOP('',(#1396,#1397,#1398,#1399));
#1396 = ORIENTED_EDGE('',*,*,#931,.T.);
#1397 = ORIENTED_EDGE('',*,*,#1335,.T.);
#1398 = ORIENTED_EDGE('',*,*,#668,.F.);
#1399 = ORIENTED_EDGE('',*,*,#1382,.F.);
#1400 = PLANE('',#1401);
#1401 = AXIS2_PLACEMENT_3D('',#1402,#1403,#1404);
#1402 = CARTESIAN_POINT('',(5.600001,18.851575,-8.1));
#1403 = DIRECTION('',(1.,0.,0.));
#1404 = DIRECTION('',(0.,-1.,0.));
#1405 = ADVANCED_FACE('',(#1406),#1425,.F.);
#1406 = FACE_BOUND('',#1407,.F.);
#1407 = EDGE_LOOP('',(#1408,#1416,#1423,#1424));
#1408 = ORIENTED_EDGE('',*,*,#1409,.T.);
#1409 = EDGE_CURVE('',#993,#1410,#1412,.T.);
#1410 = VERTEX_POINT('',#1411);
#1411 = CARTESIAN_POINT('',(-27.802521,-25.548425,5.3));
#1412 = LINE('',#1413,#1414);
#1413 = CARTESIAN_POINT('',(-27.802521,-25.548425,7.4));
#1414 = VECTOR('',#1415,1.);
#1415 = DIRECTION('',(-0.,-0.,-1.));
#1416 = ORIENTED_EDGE('',*,*,#1417,.T.);
#1417 = EDGE_CURVE('',#1410,#1410,#1418,.T.);
#1418 = CIRCLE('',#1419,1.55);
#1419 = AXIS2_PLACEMENT_3D('',#1420,#1421,#1422);
#1420 = CARTESIAN_POINT('',(-29.352521,-25.548425,5.3));
#1421 = DIRECTION('',(0.,0.,1.));
#1422 = DIRECTION('',(1.,0.,-0.));
#1423 = ORIENTED_EDGE('',*,*,#1409,.F.);
#1424 = ORIENTED_EDGE('',*,*,#992,.F.);
#1425 = CYLINDRICAL_SURFACE('',#1426,1.55);
#1426 = AXIS2_PLACEMENT_3D('',#1427,#1428,#1429);
#1427 = CARTESIAN_POINT('',(-29.352521,-25.548425,7.4));
#1428 = DIRECTION('',(0.,0.,1.));
#1429 = DIRECTION('',(1.,0.,-0.));
#1430 = ADVANCED_FACE('',(#1431),#1450,.F.);
#1431 = FACE_BOUND('',#1432,.F.);
#1432 = EDGE_LOOP('',(#1433,#1441,#1448,#1449));
#1433 = ORIENTED_EDGE('',*,*,#1434,.T.);
#1434 = EDGE_CURVE('',#1018,#1435,#1437,.T.);
#1435 = VERTEX_POINT('',#1436);
#1436 = CARTESIAN_POINT('',(14.349999,-25.548425,5.3));
#1437 = LINE('',#1438,#1439);
#1438 = CARTESIAN_POINT('',(14.349999,-25.548425,7.4));
#1439 = VECTOR('',#1440,1.);
#1440 = DIRECTION('',(-0.,-0.,-1.));
#1441 = ORIENTED_EDGE('',*,*,#1442,.T.);
#1442 = EDGE_CURVE('',#1435,#1435,#1443,.T.);
#1443 = CIRCLE('',#1444,1.55);
#1444 = AXIS2_PLACEMENT_3D('',#1445,#1446,#1447);
#1445 = CARTESIAN_POINT('',(12.799999,-25.548425,5.3));
#1446 = DIRECTION('',(0.,0.,1.));
#1447 = DIRECTION('',(1.,0.,-0.));
#1448 = ORIENTED_EDGE('',*,*,#1434,.F.);
#1449 = ORIENTED_EDGE('',*,*,#1017,.F.);
#1450 = CYLINDRICAL_SURFACE('',#1451,1.55);
#1451 = AXIS2_PLACEMENT_3D('',#1452,#1453,#1454);
#1452 = CARTESIAN_POINT('',(12.799999,-25.548425,7.4));
#1453 = DIRECTION('',(0.,0.,1.));
#1454 = DIRECTION('',(1.,0.,-0.));
#1455 = ADVANCED_FACE('',(#1456),#1475,.F.);
#1456 = FACE_BOUND('',#1457,.F.);
#1457 = EDGE_LOOP('',(#1458,#1466,#1473,#1474));
#1458 = ORIENTED_EDGE('',*,*,#1459,.T.);
#1459 = EDGE_CURVE('',#1043,#1460,#1462,.T.);
#1460 = VERTEX_POINT('',#1461);
#1461 = CARTESIAN_POINT('',(14.349999,19.049998,5.3));
#1462 = LINE('',#1463,#1464);
#1463 = CARTESIAN_POINT('',(14.349999,19.049998,7.4));
#1464 = VECTOR('',#1465,1.);
#1465 = DIRECTION('',(-0.,-0.,-1.));
#1466 = ORIENTED_EDGE('',*,*,#1467,.T.);
#1467 = EDGE_CURVE('',#1460,#1460,#1468,.T.);
#1468 = CIRCLE('',#1469,1.55);
#1469 = AXIS2_PLACEMENT_3D('',#1470,#1471,#1472);
#1470 = CARTESIAN_POINT('',(12.799999,19.049998,5.3));
#1471 = DIRECTION('',(0.,0.,1.));
#1472 = DIRECTION('',(1.,0.,-0.));
#1473 = ORIENTED_EDGE('',*,*,#1459,.F.);
#1474 = ORIENTED_EDGE('',*,*,#1042,.F.);
#1475 = CYLINDRICAL_SURFACE('',#1476,1.55);
#1476 = AXIS2_PLACEMENT_3D('',#1477,#1478,#1479);
#1477 = CARTESIAN_POINT('',(12.799999,19.049998,7.4));
#1478 = DIRECTION('',(0.,0.,1.));
#1479 = DIRECTION('',(1.,0.,-0.));
#1480 = ADVANCED_FACE('',(#1481),#1500,.F.);
#1481 = FACE_BOUND('',#1482,.F.);
#1482 = EDGE_LOOP('',(#1483,#1492,#1498,#1499));
#1483 = ORIENTED_EDGE('',*,*,#1484,.T.);
#1484 = EDGE_CURVE('',#1485,#1485,#1487,.T.);
#1485 = VERTEX_POINT('',#1486);
#1486 = CARTESIAN_POINT('',(-4.226261,-13.24921350002,-11.7));
#1487 = CIRCLE('',#1488,4.05);
#1488 = AXIS2_PLACEMENT_3D('',#1489,#1490,#1491);
#1489 = CARTESIAN_POINT('',(-8.276261,-13.24921350002,-11.7));
#1490 = DIRECTION('',(0.,0.,-1.));
#1491 = DIRECTION('',(1.,0.,0.));
#1492 = ORIENTED_EDGE('',*,*,#1493,.F.);
#1493 = EDGE_CURVE('',#1078,#1485,#1494,.T.);
#1494 = LINE('',#1495,#1496);
#1495 = CARTESIAN_POINT('',(-4.226261,-13.24921350002,-11.7));
#1496 = VECTOR('',#1497,1.);
#1497 = DIRECTION('',(-0.707106781187,0.,0.707106781187));
#1498 = ORIENTED_EDGE('',*,*,#1077,.F.);
#1499 = ORIENTED_EDGE('',*,*,#1493,.T.);
#1500 = CONICAL_SURFACE('',#1501,4.05,0.785398163397);
#1501 = AXIS2_PLACEMENT_3D('',#1502,#1503,#1504);
#1502 = CARTESIAN_POINT('',(-8.276261,-13.24921350002,-11.7));
#1503 = DIRECTION('',(-0.,-0.,-1.));
#1504 = DIRECTION('',(1.,0.,0.));
#1505 = ADVANCED_FACE('',(#1506),#1525,.F.);
#1506 = FACE_BOUND('',#1507,.F.);
#1507 = EDGE_LOOP('',(#1508,#1517,#1523,#1524));
#1508 = ORIENTED_EDGE('',*,*,#1509,.T.);
#1509 = EDGE_CURVE('',#1510,#1510,#1512,.T.);
#1510 = VERTEX_POINT('',#1511);
#1511 = CARTESIAN_POINT('',(-4.226261,6.750786499979,-11.7));
#1512 = CIRCLE('',#1513,4.05);
#1513 = AXIS2_PLACEMENT_3D('',#1514,#1515,#1516);
#1514 = CARTESIAN_POINT('',(-8.276261,6.750786499979,-11.7));
#1515 = DIRECTION('',(0.,0.,-1.));
#1516 = DIRECTION('',(1.,2.193033135062E-16,0.));
#1517 = ORIENTED_EDGE('',*,*,#1518,.F.);
#1518 = EDGE_CURVE('',#1089,#1510,#1519,.T.);
#1519 = LINE('',#1520,#1521);
#1520 = CARTESIAN_POINT('',(-4.226261,6.750786499979,-11.7));
#1521 = VECTOR('',#1522,1.);
#1522 = DIRECTION('',(-0.707106781187,-1.550708601168E-16,0.707106781187
    ));
#1523 = ORIENTED_EDGE('',*,*,#1088,.F.);
#1524 = ORIENTED_EDGE('',*,*,#1518,.T.);
#1525 = CONICAL_SURFACE('',#1526,4.05,0.785398163397);
#1526 = AXIS2_PLACEMENT_3D('',#1527,#1528,#1529);
#1527 = CARTESIAN_POINT('',(-8.276261,6.750786499979,-11.7));
#1528 = DIRECTION('',(-0.,-0.,-1.));
#1529 = DIRECTION('',(1.,2.193033135062E-16,-0.));
#1530 = ADVANCED_FACE('',(#1531),#1534,.T.);
#1531 = FACE_BOUND('',#1532,.T.);
#1532 = EDGE_LOOP('',(#1533));
#1533 = ORIENTED_EDGE('',*,*,#1317,.T.);
#1534 = PLANE('',#1535);
#1535 = AXIS2_PLACEMENT_3D('',#1536,#1537,#1538);
#1536 = CARTESIAN_POINT('',(-8.276261,-3.2492135,5.3));
#1537 = DIRECTION('',(0.,0.,1.));
#1538 = DIRECTION('',(1.,0.,-0.));
#1539 = ADVANCED_FACE('',(#1540),#1559,.F.);
#1540 = FACE_BOUND('',#1541,.F.);
#1541 = EDGE_LOOP('',(#1542,#1551,#1557,#1558));
#1542 = ORIENTED_EDGE('',*,*,#1543,.T.);
#1543 = EDGE_CURVE('',#1544,#1544,#1546,.T.);
#1544 = VERTEX_POINT('',#1545);
#1545 = CARTESIAN_POINT('',(9.700001,11.249998,-8.1));
#1546 = CIRCLE('',#1547,1.5);
#1547 = AXIS2_PLACEMENT_3D('',#1548,#1549,#1550);
#1548 = CARTESIAN_POINT('',(8.200001,11.249998,-8.1));
#1549 = DIRECTION('',(0.,0.,1.));
#1550 = DIRECTION('',(1.,0.,-0.));
#1551 = ORIENTED_EDGE('',*,*,#1552,.T.);
#1552 = EDGE_CURVE('',#1544,#1351,#1553,.T.);
#1553 = LINE('',#1554,#1555);
#1554 = CARTESIAN_POINT('',(9.700001,11.249998,-8.1));
#1555 = VECTOR('',#1556,1.);
#1556 = DIRECTION('',(0.,0.,1.));
#1557 = ORIENTED_EDGE('',*,*,#1350,.F.);
#1558 = ORIENTED_EDGE('',*,*,#1552,.F.);
#1559 = CYLINDRICAL_SURFACE('',#1560,1.5);
#1560 = AXIS2_PLACEMENT_3D('',#1561,#1562,#1563);
#1561 = CARTESIAN_POINT('',(8.200001,11.249998,-8.1));
#1562 = DIRECTION('',(-0.,-0.,-1.));
#1563 = DIRECTION('',(1.,0.,0.));
#1564 = ADVANCED_FACE('',(#1565),#1584,.F.);
#1565 = FACE_BOUND('',#1566,.F.);
#1566 = EDGE_LOOP('',(#1567,#1576,#1582,#1583));
#1567 = ORIENTED_EDGE('',*,*,#1568,.T.);
#1568 = EDGE_CURVE('',#1569,#1569,#1571,.T.);
#1569 = VERTEX_POINT('',#1570);
#1570 = CARTESIAN_POINT('',(9.700001,-11.250002,-8.1));
#1571 = CIRCLE('',#1572,1.5);
#1572 = AXIS2_PLACEMENT_3D('',#1573,#1574,#1575);
#1573 = CARTESIAN_POINT('',(8.200001,-11.250002,-8.1));
#1574 = DIRECTION('',(0.,0.,1.));
#1575 = DIRECTION('',(1.,0.,-0.));
#1576 = ORIENTED_EDGE('',*,*,#1577,.T.);
#1577 = EDGE_CURVE('',#1569,#1362,#1578,.T.);
#1578 = LINE('',#1579,#1580);
#1579 = CARTESIAN_POINT('',(9.700001,-11.250002,-8.1));
#1580 = VECTOR('',#1581,1.);
#1581 = DIRECTION('',(0.,0.,1.));
#1582 = ORIENTED_EDGE('',*,*,#1361,.F.);
#1583 = ORIENTED_EDGE('',*,*,#1577,.F.);
#1584 = CYLINDRICAL_SURFACE('',#1585,1.5);
#1585 = AXIS2_PLACEMENT_3D('',#1586,#1587,#1588);
#1586 = CARTESIAN_POINT('',(8.200001,-11.250002,-8.1));
#1587 = DIRECTION('',(-0.,-0.,-1.));
#1588 = DIRECTION('',(1.,0.,0.));
#1589 = ADVANCED_FACE('',(#1590),#1593,.T.);
#1590 = FACE_BOUND('',#1591,.T.);
#1591 = EDGE_LOOP('',(#1592));
#1592 = ORIENTED_EDGE('',*,*,#1417,.T.);
#1593 = PLANE('',#1594);
#1594 = AXIS2_PLACEMENT_3D('',#1595,#1596,#1597);
#1595 = CARTESIAN_POINT('',(-8.276261,-3.2492135,5.3));
#1596 = DIRECTION('',(0.,0.,1.));
#1597 = DIRECTION('',(1.,0.,-0.));
#1598 = ADVANCED_FACE('',(#1599),#1602,.T.);
#1599 = FACE_BOUND('',#1600,.T.);
#1600 = EDGE_LOOP('',(#1601));
#1601 = ORIENTED_EDGE('',*,*,#1442,.T.);
#1602 = PLANE('',#1603);
#1603 = AXIS2_PLACEMENT_3D('',#1604,#1605,#1606);
#1604 = CARTESIAN_POINT('',(-8.276261,-3.2492135,5.3));
#1605 = DIRECTION('',(0.,0.,1.));
#1606 = DIRECTION('',(1.,0.,-0.));
#1607 = ADVANCED_FACE('',(#1608),#1611,.T.);
#1608 = FACE_BOUND('',#1609,.T.);
#1609 = EDGE_LOOP('',(#1610));
#1610 = ORIENTED_EDGE('',*,*,#1467,.T.);
#1611 = PLANE('',#1612);
#1612 = AXIS2_PLACEMENT_3D('',#1613,#1614,#1615);
#1613 = CARTESIAN_POINT('',(-8.276261,-3.2492135,5.3));
#1614 = DIRECTION('',(0.,0.,1.));
#1615 = DIRECTION('',(1.,0.,-0.));
#1616 = ADVANCED_FACE('',(#1617),#1636,.F.);
#1617 = FACE_BOUND('',#1618,.F.);
#1618 = EDGE_LOOP('',(#1619,#1627,#1634,#1635));
#1619 = ORIENTED_EDGE('',*,*,#1620,.T.);
#1620 = EDGE_CURVE('',#1485,#1621,#1623,.T.);
#1621 = VERTEX_POINT('',#1622);
#1622 = CARTESIAN_POINT('',(-4.226261,-13.24921350002,-9.1));
#1623 = LINE('',#1624,#1625);
#1624 = CARTESIAN_POINT('',(-4.226261,-13.24921350002,-12.2));
#1625 = VECTOR('',#1626,1.);
#1626 = DIRECTION('',(0.,0.,1.));
#1627 = ORIENTED_EDGE('',*,*,#1628,.T.);
#1628 = EDGE_CURVE('',#1621,#1621,#1629,.T.);
#1629 = CIRCLE('',#1630,4.05);
#1630 = AXIS2_PLACEMENT_3D('',#1631,#1632,#1633);
#1631 = CARTESIAN_POINT('',(-8.276261,-13.24921350002,-9.1));
#1632 = DIRECTION('',(0.,0.,-1.));
#1633 = DIRECTION('',(1.,0.,0.));
#1634 = ORIENTED_EDGE('',*,*,#1620,.F.);
#1635 = ORIENTED_EDGE('',*,*,#1484,.F.);
#1636 = CYLINDRICAL_SURFACE('',#1637,4.05);
#1637 = AXIS2_PLACEMENT_3D('',#1638,#1639,#1640);
#1638 = CARTESIAN_POINT('',(-8.276261,-13.24921350002,-12.2));
#1639 = DIRECTION('',(0.,0.,-1.));
#1640 = DIRECTION('',(1.,0.,0.));
#1641 = ADVANCED_FACE('',(#1642),#1661,.F.);
#1642 = FACE_BOUND('',#1643,.F.);
#1643 = EDGE_LOOP('',(#1644,#1652,#1659,#1660));
#1644 = ORIENTED_EDGE('',*,*,#1645,.T.);
#1645 = EDGE_CURVE('',#1510,#1646,#1648,.T.);
#1646 = VERTEX_POINT('',#1647);
#1647 = CARTESIAN_POINT('',(-4.226261,6.750786499979,-9.1));
#1648 = LINE('',#1649,#1650);
#1649 = CARTESIAN_POINT('',(-4.226261,6.750786499979,-12.2));
#1650 = VECTOR('',#1651,1.);
#1651 = DIRECTION('',(0.,0.,1.));
#1652 = ORIENTED_EDGE('',*,*,#1653,.T.);
#1653 = EDGE_CURVE('',#1646,#1646,#1654,.T.);
#1654 = CIRCLE('',#1655,4.05);
#1655 = AXIS2_PLACEMENT_3D('',#1656,#1657,#1658);
#1656 = CARTESIAN_POINT('',(-8.276261,6.750786499979,-9.1));
#1657 = DIRECTION('',(0.,0.,-1.));
#1658 = DIRECTION('',(1.,0.,0.));
#1659 = ORIENTED_EDGE('',*,*,#1645,.F.);
#1660 = ORIENTED_EDGE('',*,*,#1509,.F.);
#1661 = CYLINDRICAL_SURFACE('',#1662,4.05);
#1662 = AXIS2_PLACEMENT_3D('',#1663,#1664,#1665);
#1663 = CARTESIAN_POINT('',(-8.276261,6.750786499979,-12.2));
#1664 = DIRECTION('',(0.,0.,-1.));
#1665 = DIRECTION('',(1.,0.,0.));
#1666 = ADVANCED_FACE('',(#1667),#1670,.T.);
#1667 = FACE_BOUND('',#1668,.T.);
#1668 = EDGE_LOOP('',(#1669));
#1669 = ORIENTED_EDGE('',*,*,#1543,.T.);
#1670 = PLANE('',#1671);
#1671 = AXIS2_PLACEMENT_3D('',#1672,#1673,#1674);
#1672 = CARTESIAN_POINT('',(-7.879332552089,-3.04223383861,-8.1));
#1673 = DIRECTION('',(0.,0.,1.));
#1674 = DIRECTION('',(1.,0.,-0.));
#1675 = ADVANCED_FACE('',(#1676),#1679,.T.);
#1676 = FACE_BOUND('',#1677,.T.);
#1677 = EDGE_LOOP('',(#1678));
#1678 = ORIENTED_EDGE('',*,*,#1568,.T.);
#1679 = PLANE('',#1680);
#1680 = AXIS2_PLACEMENT_3D('',#1681,#1682,#1683);
#1681 = CARTESIAN_POINT('',(-7.879332552089,-3.04223383861,-8.1));
#1682 = DIRECTION('',(0.,0.,1.));
#1683 = DIRECTION('',(1.,0.,-0.));
#1684 = ADVANCED_FACE('',(#1685),#1688,.F.);
#1685 = FACE_BOUND('',#1686,.T.);
#1686 = EDGE_LOOP('',(#1687));
#1687 = ORIENTED_EDGE('',*,*,#1628,.T.);
#1688 = PLANE('',#1689);
#1689 = AXIS2_PLACEMENT_3D('',#1690,#1691,#1692);
#1690 = CARTESIAN_POINT('',(-8.276261,-3.249213500021,-9.1));
#1691 = DIRECTION('',(0.,0.,1.));
#1692 = DIRECTION('',(1.,0.,-0.));
#1693 = ADVANCED_FACE('',(#1694),#1697,.F.);
#1694 = FACE_BOUND('',#1695,.T.);
#1695 = EDGE_LOOP('',(#1696));
#1696 = ORIENTED_EDGE('',*,*,#1653,.T.);
#1697 = PLANE('',#1698);
#1698 = AXIS2_PLACEMENT_3D('',#1699,#1700,#1701);
#1699 = CARTESIAN_POINT('',(-8.276261,-3.249213500021,-9.1));
#1700 = DIRECTION('',(0.,0.,1.));
#1701 = DIRECTION('',(1.,0.,-0.));
#1702 = ( GEOMETRIC_REPRESENTATION_CONTEXT(3) 
GLOBAL_UNCERTAINTY_ASSIGNED_CONTEXT((#1706)) 
GLOBAL_UNIT_ASSIGNED_CONTEXT((#1703,#1704,#1705)) REPRESENTATION_CONTEXT
('Context #1','3D Context with UNIT and UNCERTAINTY') );
#1703 = ( LENGTH_UNIT() NAMED_UNIT(*) SI_UNIT(.MILLI.,.METRE.) );
#1704 = ( NAMED_UNIT(*) PLANE_ANGLE_UNIT() SI_UNIT($,.RADIAN.) );
#1705 = ( NAMED_UNIT(*) SI_UNIT($,.STERADIAN.) SOLID_ANGLE_UNIT() );
#1706 = UNCERTAINTY_MEASURE_WITH_UNIT(LENGTH_MEASURE(1.E-07),#1703,
  'distance_accuracy_value','confusion accuracy');
#1707 = CONTEXT_DEPENDENT_SHAPE_REPRESENTATION(#1708,#1710);
#1708 = ( REPRESENTATION_RELATIONSHIP('','',#36,#10) 
REPRESENTATION_RELATIONSHIP_WITH_TRANSFORMATION(#1709) 
SHAPE_REPRESENTATION_RELATIONSHIP() );
#1709 = ITEM_DEFINED_TRANSFORMATION('','',#11,#15);
#1710 = PRODUCT_DEFINITION_SHAPE('Placement','Placement of an item',
  #1711);
#1711 = NEXT_ASSEMBLY_USAGE_OCCURRENCE('1','Housing','',#5,#31,$);
#1712 = PRODUCT_RELATED_PRODUCT_CATEGORY('part',$,(#33));
#1713 = SHAPE_DEFINITION_REPRESENTATION(#1714,#1720);
#1714 = PRODUCT_DEFINITION_SHAPE('','',#1715);
#1715 = PRODUCT_DEFINITION('design','',#1716,#1719);
#1716 = PRODUCT_DEFINITION_FORMATION('','',#1717);
#1717 = PRODUCT('Lid','Lid','',(#1718));
#1718 = PRODUCT_CONTEXT('',#2,'mechanical');
#1719 = PRODUCT_DEFINITION_CONTEXT('part definition',#2,'design');
#1720 = ADVANCED_BREP_SHAPE_REPRESENTATION('',(#11,#1721),#2455);
#1721 = MANIFOLD_SOLID_BREP('',#1722);
#1722 = CLOSED_SHELL('',(#1723,#1763,#1796,#1829,#1932,#1957,#1974,#1998
    ,#2029,#2046,#2070,#2095,#2120,#2137,#2162,#2187,#2212,#2237,#2255,
    #2279,#2297,#2308,#2319,#2344,#2369,#2394,#2419,#2428,#2437,#2446));
#1723 = ADVANCED_FACE('',(#1724),#1758,.F.);
#1724 = FACE_BOUND('',#1725,.F.);
#1725 = EDGE_LOOP('',(#1726,#1736,#1744,#1752));
#1726 = ORIENTED_EDGE('',*,*,#1727,.T.);
#1727 = EDGE_CURVE('',#1728,#1730,#1732,.T.);
#1728 = VERTEX_POINT('',#1729);
#1729 = CARTESIAN_POINT('',(-31.952521,19.649998,7.4));
#1730 = VERTEX_POINT('',#1731);
#1731 = CARTESIAN_POINT('',(-31.952521,19.649998,9.4));
#1732 = LINE('',#1733,#1734);
#1733 = CARTESIAN_POINT('',(-31.952521,19.649998,7.4));
#1734 = VECTOR('',#1735,1.);
#1735 = DIRECTION('',(0.,0.,1.));
#1736 = ORIENTED_EDGE('',*,*,#1737,.T.);
#1737 = EDGE_CURVE('',#1730,#1738,#1740,.T.);
#1738 = VERTEX_POINT('',#1739);
#1739 = CARTESIAN_POINT('',(-31.952521,-26.148425,9.4));
#1740 = LINE('',#1741,#1742);
#1741 = CARTESIAN_POINT('',(-31.952521,19.649998,9.4));
#1742 = VECTOR('',#1743,1.);
#1743 = DIRECTION('',(0.,-1.,0.));
#1744 = ORIENTED_EDGE('',*,*,#1745,.F.);
#1745 = EDGE_CURVE('',#1746,#1738,#1748,.T.);
#1746 = VERTEX_POINT('',#1747);
#1747 = CARTESIAN_POINT('',(-31.952521,-26.148425,7.4));
#1748 = LINE('',#1749,#1750);
#1749 = CARTESIAN_POINT('',(-31.952521,-26.148425,7.4));
#1750 = VECTOR('',#1751,1.);
#1751 = DIRECTION('',(0.,0.,1.));
#1752 = ORIENTED_EDGE('',*,*,#1753,.F.);
#1753 = EDGE_CURVE('',#1728,#1746,#1754,.T.);
#1754 = LINE('',#1755,#1756);
#1755 = CARTESIAN_POINT('',(-31.952521,21.649998,7.4));
#1756 = VECTOR('',#1757,1.);
#1757 = DIRECTION('',(0.,-1.,0.));
#1758 = PLANE('',#1759);
#1759 = AXIS2_PLACEMENT_3D('',#1760,#1761,#1762);
#1760 = CARTESIAN_POINT('',(-31.952521,21.649998,7.4));
#1761 = DIRECTION('',(1.,0.,0.));
#1762 = DIRECTION('',(0.,-1.,0.));
#1763 = ADVANCED_FACE('',(#1764),#1791,.T.);
#1764 = FACE_BOUND('',#1765,.T.);
#1765 = EDGE_LOOP('',(#1766,#1775,#1783,#1790));
#1766 = ORIENTED_EDGE('',*,*,#1767,.F.);
#1767 = EDGE_CURVE('',#1768,#1730,#1770,.T.);
#1768 = VERTEX_POINT('',#1769);
#1769 = CARTESIAN_POINT('',(-29.952521,21.649998,9.4));
#1770 = CIRCLE('',#1771,2.);
#1771 = AXIS2_PLACEMENT_3D('',#1772,#1773,#1774);
#1772 = CARTESIAN_POINT('',(-29.952521,19.649998,9.4));
#1773 = DIRECTION('',(0.,-0.,1.));
#1774 = DIRECTION('',(0.,1.,0.));
#1775 = ORIENTED_EDGE('',*,*,#1776,.F.);
#1776 = EDGE_CURVE('',#1777,#1768,#1779,.T.);
#1777 = VERTEX_POINT('',#1778);
#1778 = CARTESIAN_POINT('',(-29.952521,21.649998,7.4));
#1779 = LINE('',#1780,#1781);
#1780 = CARTESIAN_POINT('',(-29.952521,21.649998,7.4));
#1781 = VECTOR('',#1782,1.);
#1782 = DIRECTION('',(0.,0.,1.));
#1783 = ORIENTED_EDGE('',*,*,#1784,.F.);
#1784 = EDGE_CURVE('',#1728,#1777,#1785,.T.);
#1785 = CIRCLE('',#1786,2.);
#1786 = AXIS2_PLACEMENT_3D('',#1787,#1788,#1789);
#1787 = CARTESIAN_POINT('',(-29.952521,19.649998,7.4));
#1788 = DIRECTION('',(-0.,-0.,-1.));
#1789 = DIRECTION('',(0.,-1.,0.));
#1790 = ORIENTED_EDGE('',*,*,#1727,.T.);
#1791 = CYLINDRICAL_SURFACE('',#1792,2.);
#1792 = AXIS2_PLACEMENT_3D('',#1793,#1794,#1795);
#1793 = CARTESIAN_POINT('',(-29.952521,19.649998,7.4));
#1794 = DIRECTION('',(0.,0.,1.));
#1795 = DIRECTION('',(-1.,0.,0.));
#1796 = ADVANCED_FACE('',(#1797),#1824,.T.);
#1797 = FACE_BOUND('',#1798,.T.);
#1798 = EDGE_LOOP('',(#1799,#1800,#1809,#1817));
#1799 = ORIENTED_EDGE('',*,*,#1737,.T.);
#1800 = ORIENTED_EDGE('',*,*,#1801,.T.);
#1801 = EDGE_CURVE('',#1738,#1802,#1804,.T.);
#1802 = VERTEX_POINT('',#1803);
#1803 = CARTESIAN_POINT('',(-29.952521,-26.148425,11.4));
#1804 = CIRCLE('',#1805,2.);
#1805 = AXIS2_PLACEMENT_3D('',#1806,#1807,#1808);
#1806 = CARTESIAN_POINT('',(-29.952521,-26.148425,9.4));
#1807 = DIRECTION('',(0.,1.,-0.));
#1808 = DIRECTION('',(-1.,0.,0.));
#1809 = ORIENTED_EDGE('',*,*,#1810,.F.);
#1810 = EDGE_CURVE('',#1811,#1802,#1813,.T.);
#1811 = VERTEX_POINT('',#1812);
#1812 = CARTESIAN_POINT('',(-29.952521,19.649998,11.4));
#1813 = LINE('',#1814,#1815);
#1814 = CARTESIAN_POINT('',(-29.952521,19.649998,11.4));
#1815 = VECTOR('',#1816,1.);
#1816 = DIRECTION('',(0.,-1.,0.));
#1817 = ORIENTED_EDGE('',*,*,#1818,.F.);
#1818 = EDGE_CURVE('',#1730,#1811,#1819,.T.);
#1819 = CIRCLE('',#1820,2.);
#1820 = AXIS2_PLACEMENT_3D('',#1821,#1822,#1823);
#1821 = CARTESIAN_POINT('',(-29.952521,19.649998,9.4));
#1822 = DIRECTION('',(6.123233995737E-17,1.,-0.));
#1823 = DIRECTION('',(-1.,6.123233995737E-17,0.));
#1824 = CYLINDRICAL_SURFACE('',#1825,2.);
#1825 = AXIS2_PLACEMENT_3D('',#1826,#1827,#1828);
#1826 = CARTESIAN_POINT('',(-29.952521,19.649998,9.4));
#1827 = DIRECTION('',(0.,-1.,0.));
#1828 = DIRECTION('',(-1.,0.,0.));
#1829 = ADVANCED_FACE('',(#1830,#1883,#1894,#1905,#1916),#1927,.F.);
#1830 = FACE_BOUND('',#1831,.F.);
#1831 = EDGE_LOOP('',(#1832,#1833,#1842,#1850,#1859,#1867,#1876,#1882));
#1832 = ORIENTED_EDGE('',*,*,#1753,.T.);
#1833 = ORIENTED_EDGE('',*,*,#1834,.T.);
#1834 = EDGE_CURVE('',#1746,#1835,#1837,.T.);
#1835 = VERTEX_POINT('',#1836);
#1836 = CARTESIAN_POINT('',(-29.952521,-28.148425,7.4));
#1837 = CIRCLE('',#1838,2.);
#1838 = AXIS2_PLACEMENT_3D('',#1839,#1840,#1841);
#1839 = CARTESIAN_POINT('',(-29.952521,-26.148425,7.4));
#1840 = DIRECTION('',(-0.,0.,1.));
#1841 = DIRECTION('',(0.,-1.,0.));
#1842 = ORIENTED_EDGE('',*,*,#1843,.T.);
#1843 = EDGE_CURVE('',#1835,#1844,#1846,.T.);
#1844 = VERTEX_POINT('',#1845);
#1845 = CARTESIAN_POINT('',(13.399999,-28.148425,7.4));
#1846 = LINE('',#1847,#1848);
#1847 = CARTESIAN_POINT('',(-31.952521,-28.148425,7.4));
#1848 = VECTOR('',#1849,1.);
#1849 = DIRECTION('',(1.,0.,0.));
#1850 = ORIENTED_EDGE('',*,*,#1851,.T.);
#1851 = EDGE_CURVE('',#1844,#1852,#1854,.T.);
#1852 = VERTEX_POINT('',#1853);
#1853 = CARTESIAN_POINT('',(15.399999,-26.148425,7.4));
#1854 = CIRCLE('',#1855,2.);
#1855 = AXIS2_PLACEMENT_3D('',#1856,#1857,#1858);
#1856 = CARTESIAN_POINT('',(13.399999,-26.148425,7.4));
#1857 = DIRECTION('',(-0.,0.,1.));
#1858 = DIRECTION('',(0.,-1.,0.));
#1859 = ORIENTED_EDGE('',*,*,#1860,.T.);
#1860 = EDGE_CURVE('',#1852,#1861,#1863,.T.);
#1861 = VERTEX_POINT('',#1862);
#1862 = CARTESIAN_POINT('',(15.399999,19.649998,7.4));
#1863 = LINE('',#1864,#1865);
#1864 = CARTESIAN_POINT('',(15.399999,-28.148425,7.4));
#1865 = VECTOR('',#1866,1.);
#1866 = DIRECTION('',(0.,1.,0.));
#1867 = ORIENTED_EDGE('',*,*,#1868,.F.);
#1868 = EDGE_CURVE('',#1869,#1861,#1871,.T.);
#1869 = VERTEX_POINT('',#1870);
#1870 = CARTESIAN_POINT('',(13.399999,21.649998,7.4));
#1871 = CIRCLE('',#1872,2.);
#1872 = AXIS2_PLACEMENT_3D('',#1873,#1874,#1875);
#1873 = CARTESIAN_POINT('',(13.399999,19.649998,7.4));
#1874 = DIRECTION('',(-0.,-0.,-1.));
#1875 = DIRECTION('',(0.,-1.,0.));
#1876 = ORIENTED_EDGE('',*,*,#1877,.T.);
#1877 = EDGE_CURVE('',#1869,#1777,#1878,.T.);
#1878 = LINE('',#1879,#1880);
#1879 = CARTESIAN_POINT('',(15.399999,21.649998,7.4));
#1880 = VECTOR('',#1881,1.);
#1881 = DIRECTION('',(-1.,0.,0.));
#1882 = ORIENTED_EDGE('',*,*,#1784,.F.);
#1883 = FACE_BOUND('',#1884,.F.);
#1884 = EDGE_LOOP('',(#1885));
#1885 = ORIENTED_EDGE('',*,*,#1886,.T.);
#1886 = EDGE_CURVE('',#1887,#1887,#1889,.T.);
#1887 = VERTEX_POINT('',#1888);
#1888 = CARTESIAN_POINT('',(-27.552521,-25.548425,7.4));
#1889 = CIRCLE('',#1890,1.8);
#1890 = AXIS2_PLACEMENT_3D('',#1891,#1892,#1893);
#1891 = CARTESIAN_POINT('',(-29.352521,-25.548425,7.4));
#1892 = DIRECTION('',(0.,0.,-1.));
#1893 = DIRECTION('',(1.,0.,0.));
#1894 = FACE_BOUND('',#1895,.F.);
#1895 = EDGE_LOOP('',(#1896));
#1896 = ORIENTED_EDGE('',*,*,#1897,.T.);
#1897 = EDGE_CURVE('',#1898,#1898,#1900,.T.);
#1898 = VERTEX_POINT('',#1899);
#1899 = CARTESIAN_POINT('',(14.599999,-25.548425,7.4));
#1900 = CIRCLE('',#1901,1.8);
#1901 = AXIS2_PLACEMENT_3D('',#1902,#1903,#1904);
#1902 = CARTESIAN_POINT('',(12.799999,-25.548425,7.4));
#1903 = DIRECTION('',(0.,0.,-1.));
#1904 = DIRECTION('',(1.,0.,0.));
#1905 = FACE_BOUND('',#1906,.F.);
#1906 = EDGE_LOOP('',(#1907));
#1907 = ORIENTED_EDGE('',*,*,#1908,.T.);
#1908 = EDGE_CURVE('',#1909,#1909,#1911,.T.);
#1909 = VERTEX_POINT('',#1910);
#1910 = CARTESIAN_POINT('',(14.599999,19.049998,7.4));
#1911 = CIRCLE('',#1912,1.8);
#1912 = AXIS2_PLACEMENT_3D('',#1913,#1914,#1915);
#1913 = CARTESIAN_POINT('',(12.799999,19.049998,7.4));
#1914 = DIRECTION('',(0.,0.,-1.));
#1915 = DIRECTION('',(1.,0.,0.));
#1916 = FACE_BOUND('',#1917,.F.);
#1917 = EDGE_LOOP('',(#1918));
#1918 = ORIENTED_EDGE('',*,*,#1919,.T.);
#1919 = EDGE_CURVE('',#1920,#1920,#1922,.T.);
#1920 = VERTEX_POINT('',#1921);
#1921 = CARTESIAN_POINT('',(-27.552521,19.049998,7.4));
#1922 = CIRCLE('',#1923,1.8);
#1923 = AXIS2_PLACEMENT_3D('',#1924,#1925,#1926);
#1924 = CARTESIAN_POINT('',(-29.352521,19.049998,7.4));
#1925 = DIRECTION('',(0.,0.,-1.));
#1926 = DIRECTION('',(1.,0.,0.));
#1927 = PLANE('',#1928);
#1928 = AXIS2_PLACEMENT_3D('',#1929,#1930,#1931);
#1929 = CARTESIAN_POINT('',(-8.276261,-3.2492135,7.4));
#1930 = DIRECTION('',(0.,0.,1.));
#1931 = DIRECTION('',(1.,0.,-0.));
#1932 = ADVANCED_FACE('',(#1933),#1952,.T.);
#1933 = FACE_BOUND('',#1934,.T.);
#1934 = EDGE_LOOP('',(#1935,#1936,#1937,#1945));
#1935 = ORIENTED_EDGE('',*,*,#1745,.F.);
#1936 = ORIENTED_EDGE('',*,*,#1834,.T.);
#1937 = ORIENTED_EDGE('',*,*,#1938,.T.);
#1938 = EDGE_CURVE('',#1835,#1939,#1941,.T.);
#1939 = VERTEX_POINT('',#1940);
#1940 = CARTESIAN_POINT('',(-29.952521,-28.148425,9.4));
#1941 = LINE('',#1942,#1943);
#1942 = CARTESIAN_POINT('',(-29.952521,-28.148425,7.4));
#1943 = VECTOR('',#1944,1.);
#1944 = DIRECTION('',(0.,0.,1.));
#1945 = ORIENTED_EDGE('',*,*,#1946,.F.);
#1946 = EDGE_CURVE('',#1738,#1939,#1947,.T.);
#1947 = CIRCLE('',#1948,2.);
#1948 = AXIS2_PLACEMENT_3D('',#1949,#1950,#1951);
#1949 = CARTESIAN_POINT('',(-29.952521,-26.148425,9.4));
#1950 = DIRECTION('',(0.,0.,1.));
#1951 = DIRECTION('',(-1.,0.,0.));
#1952 = CYLINDRICAL_SURFACE('',#1953,2.);
#1953 = AXIS2_PLACEMENT_3D('',#1954,#1955,#1956);
#1954 = CARTESIAN_POINT('',(-29.952521,-26.148425,7.4));
#1955 = DIRECTION('',(0.,0.,1.));
#1956 = DIRECTION('',(-1.,0.,0.));
#1957 = ADVANCED_FACE('',(#1958),#1969,.T.);
#1958 = FACE_BOUND('',#1959,.T.);
#1959 = EDGE_LOOP('',(#1960,#1967,#1968));
#1960 = ORIENTED_EDGE('',*,*,#1961,.F.);
#1961 = EDGE_CURVE('',#1768,#1811,#1962,.T.);
#1962 = CIRCLE('',#1963,2.);
#1963 = AXIS2_PLACEMENT_3D('',#1964,#1965,#1966);
#1964 = CARTESIAN_POINT('',(-29.952521,19.649998,9.4));
#1965 = DIRECTION('',(1.,0.,0.));
#1966 = DIRECTION('',(-0.,1.,0.));
#1967 = ORIENTED_EDGE('',*,*,#1767,.T.);
#1968 = ORIENTED_EDGE('',*,*,#1818,.T.);
#1969 = SPHERICAL_SURFACE('',#1970,2.);
#1970 = AXIS2_PLACEMENT_3D('',#1971,#1972,#1973);
#1971 = CARTESIAN_POINT('',(-29.952521,19.649998,9.4));
#1972 = DIRECTION('',(0.,0.,1.));
#1973 = DIRECTION('',(0.,1.,0.));
#1974 = ADVANCED_FACE('',(#1975),#1993,.F.);
#1975 = FACE_BOUND('',#1976,.F.);
#1976 = EDGE_LOOP('',(#1977,#1985,#1991,#1992));
#1977 = ORIENTED_EDGE('',*,*,#1978,.T.);
#1978 = EDGE_CURVE('',#1869,#1979,#1981,.T.);
#1979 = VERTEX_POINT('',#1980);
#1980 = CARTESIAN_POINT('',(13.399999,21.649998,9.4));
#1981 = LINE('',#1982,#1983);
#1982 = CARTESIAN_POINT('',(13.399999,21.649998,7.4));
#1983 = VECTOR('',#1984,1.);
#1984 = DIRECTION('',(0.,0.,1.));
#1985 = ORIENTED_EDGE('',*,*,#1986,.T.);
#1986 = EDGE_CURVE('',#1979,#1768,#1987,.T.);
#1987 = LINE('',#1988,#1989);
#1988 = CARTESIAN_POINT('',(13.399999,21.649998,9.4));
#1989 = VECTOR('',#1990,1.);
#1990 = DIRECTION('',(-1.,0.,0.));
#1991 = ORIENTED_EDGE('',*,*,#1776,.F.);
#1992 = ORIENTED_EDGE('',*,*,#1877,.F.);
#1993 = PLANE('',#1994);
#1994 = AXIS2_PLACEMENT_3D('',#1995,#1996,#1997);
#1995 = CARTESIAN_POINT('',(15.399999,21.649998,7.4));
#1996 = DIRECTION('',(0.,-1.,0.));
#1997 = DIRECTION('',(-1.,0.,0.));
#1998 = ADVANCED_FACE('',(#1999),#2024,.T.);
#1999 = FACE_BOUND('',#2000,.T.);
#2000 = EDGE_LOOP('',(#2001,#2009,#2010,#2018));
#2001 = ORIENTED_EDGE('',*,*,#2002,.T.);
#2002 = EDGE_CURVE('',#2003,#1811,#2005,.T.);
#2003 = VERTEX_POINT('',#2004);
#2004 = CARTESIAN_POINT('',(13.399999,19.649998,11.4));
#2005 = LINE('',#2006,#2007);
#2006 = CARTESIAN_POINT('',(13.399999,19.649998,11.4));
#2007 = VECTOR('',#2008,1.);
#2008 = DIRECTION('',(-1.,0.,0.));
#2009 = ORIENTED_EDGE('',*,*,#1810,.T.);
#2010 = ORIENTED_EDGE('',*,*,#2011,.T.);
#2011 = EDGE_CURVE('',#1802,#2012,#2014,.T.);
#2012 = VERTEX_POINT('',#2013);
#2013 = CARTESIAN_POINT('',(13.399999,-26.148425,11.4));
#2014 = LINE('',#2015,#2016);
#2015 = CARTESIAN_POINT('',(-29.952521,-26.148425,11.4));
#2016 = VECTOR('',#2017,1.);
#2017 = DIRECTION('',(1.,0.,0.));
#2018 = ORIENTED_EDGE('',*,*,#2019,.T.);
#2019 = EDGE_CURVE('',#2012,#2003,#2020,.T.);
#2020 = LINE('',#2021,#2022);
#2021 = CARTESIAN_POINT('',(13.399999,-26.148425,11.4));
#2022 = VECTOR('',#2023,1.);
#2023 = DIRECTION('',(0.,1.,0.));
#2024 = PLANE('',#2025);
#2025 = AXIS2_PLACEMENT_3D('',#2026,#2027,#2028);
#2026 = CARTESIAN_POINT('',(-8.276261,-3.2492135,11.4));
#2027 = DIRECTION('',(0.,0.,1.));
#2028 = DIRECTION('',(1.,0.,-0.));
#2029 = ADVANCED_FACE('',(#2030),#2041,.T.);
#2030 = FACE_BOUND('',#2031,.T.);
#2031 = EDGE_LOOP('',(#2032,#2033,#2034));
#2032 = ORIENTED_EDGE('',*,*,#1801,.F.);
#2033 = ORIENTED_EDGE('',*,*,#1946,.T.);
#2034 = ORIENTED_EDGE('',*,*,#2035,.T.);
#2035 = EDGE_CURVE('',#1939,#1802,#2036,.T.);
#2036 = CIRCLE('',#2037,2.);
#2037 = AXIS2_PLACEMENT_3D('',#2038,#2039,#2040);
#2038 = CARTESIAN_POINT('',(-29.952521,-26.148425,9.4));
#2039 = DIRECTION('',(-1.,6.123233995737E-17,0.));
#2040 = DIRECTION('',(-6.123233995737E-17,-1.,0.));
#2041 = SPHERICAL_SURFACE('',#2042,2.);
#2042 = AXIS2_PLACEMENT_3D('',#2043,#2044,#2045);
#2043 = CARTESIAN_POINT('',(-29.952521,-26.148425,9.4));
#2044 = DIRECTION('',(0.,0.,1.));
#2045 = DIRECTION('',(-1.,0.,0.));
#2046 = ADVANCED_FACE('',(#2047),#2065,.F.);
#2047 = FACE_BOUND('',#2048,.F.);
#2048 = EDGE_LOOP('',(#2049,#2050,#2058,#2064));
#2049 = ORIENTED_EDGE('',*,*,#1938,.T.);
#2050 = ORIENTED_EDGE('',*,*,#2051,.T.);
#2051 = EDGE_CURVE('',#1939,#2052,#2054,.T.);
#2052 = VERTEX_POINT('',#2053);
#2053 = CARTESIAN_POINT('',(13.399999,-28.148425,9.4));
#2054 = LINE('',#2055,#2056);
#2055 = CARTESIAN_POINT('',(-29.952521,-28.148425,9.4));
#2056 = VECTOR('',#2057,1.);
#2057 = DIRECTION('',(1.,0.,0.));
#2058 = ORIENTED_EDGE('',*,*,#2059,.F.);
#2059 = EDGE_CURVE('',#1844,#2052,#2060,.T.);
#2060 = LINE('',#2061,#2062);
#2061 = CARTESIAN_POINT('',(13.399999,-28.148425,7.4));
#2062 = VECTOR('',#2063,1.);
#2063 = DIRECTION('',(0.,0.,1.));
#2064 = ORIENTED_EDGE('',*,*,#1843,.F.);
#2065 = PLANE('',#2066);
#2066 = AXIS2_PLACEMENT_3D('',#2067,#2068,#2069);
#2067 = CARTESIAN_POINT('',(-31.952521,-28.148425,7.4));
#2068 = DIRECTION('',(0.,1.,0.));
#2069 = DIRECTION('',(1.,0.,0.));
#2070 = ADVANCED_FACE('',(#2071),#2090,.T.);
#2071 = FACE_BOUND('',#2072,.T.);
#2072 = EDGE_LOOP('',(#2073,#2082,#2088,#2089));
#2073 = ORIENTED_EDGE('',*,*,#2074,.F.);
#2074 = EDGE_CURVE('',#2075,#1979,#2077,.T.);
#2075 = VERTEX_POINT('',#2076);
#2076 = CARTESIAN_POINT('',(15.399999,19.649998,9.4));
#2077 = CIRCLE('',#2078,2.);
#2078 = AXIS2_PLACEMENT_3D('',#2079,#2080,#2081);
#2079 = CARTESIAN_POINT('',(13.399999,19.649998,9.4));
#2080 = DIRECTION('',(0.,0.,1.));
#2081 = DIRECTION('',(1.,0.,-0.));
#2082 = ORIENTED_EDGE('',*,*,#2083,.F.);
#2083 = EDGE_CURVE('',#1861,#2075,#2084,.T.);
#2084 = LINE('',#2085,#2086);
#2085 = CARTESIAN_POINT('',(15.399999,19.649998,7.4));
#2086 = VECTOR('',#2087,1.);
#2087 = DIRECTION('',(0.,0.,1.));
#2088 = ORIENTED_EDGE('',*,*,#1868,.F.);
#2089 = ORIENTED_EDGE('',*,*,#1978,.T.);
#2090 = CYLINDRICAL_SURFACE('',#2091,2.);
#2091 = AXIS2_PLACEMENT_3D('',#2092,#2093,#2094);
#2092 = CARTESIAN_POINT('',(13.399999,19.649998,7.4));
#2093 = DIRECTION('',(0.,0.,1.));
#2094 = DIRECTION('',(0.,1.,0.));
#2095 = ADVANCED_FACE('',(#2096),#2115,.T.);
#2096 = FACE_BOUND('',#2097,.T.);
#2097 = EDGE_LOOP('',(#2098,#2099,#2100,#2108));
#2098 = ORIENTED_EDGE('',*,*,#2059,.F.);
#2099 = ORIENTED_EDGE('',*,*,#1851,.T.);
#2100 = ORIENTED_EDGE('',*,*,#2101,.T.);
#2101 = EDGE_CURVE('',#1852,#2102,#2104,.T.);
#2102 = VERTEX_POINT('',#2103);
#2103 = CARTESIAN_POINT('',(15.399999,-26.148425,9.4));
#2104 = LINE('',#2105,#2106);
#2105 = CARTESIAN_POINT('',(15.399999,-26.148425,7.4));
#2106 = VECTOR('',#2107,1.);
#2107 = DIRECTION('',(0.,0.,1.));
#2108 = ORIENTED_EDGE('',*,*,#2109,.F.);
#2109 = EDGE_CURVE('',#2052,#2102,#2110,.T.);
#2110 = CIRCLE('',#2111,2.);
#2111 = AXIS2_PLACEMENT_3D('',#2112,#2113,#2114);
#2112 = CARTESIAN_POINT('',(13.399999,-26.148425,9.4));
#2113 = DIRECTION('',(0.,0.,1.));
#2114 = DIRECTION('',(-8.881784197001E-16,-1.,0.));
#2115 = CYLINDRICAL_SURFACE('',#2116,2.);
#2116 = AXIS2_PLACEMENT_3D('',#2117,#2118,#2119);
#2117 = CARTESIAN_POINT('',(13.399999,-26.148425,7.4));
#2118 = DIRECTION('',(0.,0.,1.));
#2119 = DIRECTION('',(0.,-1.,0.));
#2120 = ADVANCED_FACE('',(#2121),#2132,.F.);
#2121 = FACE_BOUND('',#2122,.F.);
#2122 = EDGE_LOOP('',(#2123,#2124,#2130,#2131));
#2123 = ORIENTED_EDGE('',*,*,#2101,.T.);
#2124 = ORIENTED_EDGE('',*,*,#2125,.T.);
#2125 = EDGE_CURVE('',#2102,#2075,#2126,.T.);
#2126 = LINE('',#2127,#2128);
#2127 = CARTESIAN_POINT('',(15.399999,-26.148425,9.4));
#2128 = VECTOR('',#2129,1.);
#2129 = DIRECTION('',(0.,1.,0.));
#2130 = ORIENTED_EDGE('',*,*,#2083,.F.);
#2131 = ORIENTED_EDGE('',*,*,#1860,.F.);
#2132 = PLANE('',#2133);
#2133 = AXIS2_PLACEMENT_3D('',#2134,#2135,#2136);
#2134 = CARTESIAN_POINT('',(15.399999,-28.148425,7.4));
#2135 = DIRECTION('',(-1.,0.,0.));
#2136 = DIRECTION('',(0.,1.,0.));
#2137 = ADVANCED_FACE('',(#2138),#2157,.F.);
#2138 = FACE_BOUND('',#2139,.F.);
#2139 = EDGE_LOOP('',(#2140,#2149,#2155,#2156));
#2140 = ORIENTED_EDGE('',*,*,#2141,.T.);
#2141 = EDGE_CURVE('',#2142,#2142,#2144,.T.);
#2142 = VERTEX_POINT('',#2143);
#2143 = CARTESIAN_POINT('',(-27.802521,-25.548425,7.65));
#2144 = CIRCLE('',#2145,1.55);
#2145 = AXIS2_PLACEMENT_3D('',#2146,#2147,#2148);
#2146 = CARTESIAN_POINT('',(-29.352521,-25.548425,7.65));
#2147 = DIRECTION('',(0.,0.,-1.));
#2148 = DIRECTION('',(1.,0.,0.));
#2149 = ORIENTED_EDGE('',*,*,#2150,.F.);
#2150 = EDGE_CURVE('',#1887,#2142,#2151,.T.);
#2151 = LINE('',#2152,#2153);
#2152 = CARTESIAN_POINT('',(-27.802521,-25.548425,7.65));
#2153 = VECTOR('',#2154,1.);
#2154 = DIRECTION('',(-0.707106781187,0.,0.707106781187));
#2155 = ORIENTED_EDGE('',*,*,#1886,.F.);
#2156 = ORIENTED_EDGE('',*,*,#2150,.T.);
#2157 = CONICAL_SURFACE('',#2158,1.55,0.785398163397);
#2158 = AXIS2_PLACEMENT_3D('',#2159,#2160,#2161);
#2159 = CARTESIAN_POINT('',(-29.352521,-25.548425,7.65));
#2160 = DIRECTION('',(-0.,-0.,-1.));
#2161 = DIRECTION('',(1.,0.,0.));
#2162 = ADVANCED_FACE('',(#2163),#2182,.F.);
#2163 = FACE_BOUND('',#2164,.F.);
#2164 = EDGE_LOOP('',(#2165,#2174,#2180,#2181));
#2165 = ORIENTED_EDGE('',*,*,#2166,.T.);
#2166 = EDGE_CURVE('',#2167,#2167,#2169,.T.);
#2167 = VERTEX_POINT('',#2168);
#2168 = CARTESIAN_POINT('',(14.349999,-25.548425,7.65));
#2169 = CIRCLE('',#2170,1.55);
#2170 = AXIS2_PLACEMENT_3D('',#2171,#2172,#2173);
#2171 = CARTESIAN_POINT('',(12.799999,-25.548425,7.65));
#2172 = DIRECTION('',(0.,0.,-1.));
#2173 = DIRECTION('',(1.,0.,0.));
#2174 = ORIENTED_EDGE('',*,*,#2175,.F.);
#2175 = EDGE_CURVE('',#1898,#2167,#2176,.T.);
#2176 = LINE('',#2177,#2178);
#2177 = CARTESIAN_POINT('',(14.349999,-25.548425,7.65));
#2178 = VECTOR('',#2179,1.);
#2179 = DIRECTION('',(-0.707106781187,0.,0.707106781187));
#2180 = ORIENTED_EDGE('',*,*,#1897,.F.);
#2181 = ORIENTED_EDGE('',*,*,#2175,.T.);
#2182 = CONICAL_SURFACE('',#2183,1.55,0.785398163397);
#2183 = AXIS2_PLACEMENT_3D('',#2184,#2185,#2186);
#2184 = CARTESIAN_POINT('',(12.799999,-25.548425,7.65));
#2185 = DIRECTION('',(-0.,-0.,-1.));
#2186 = DIRECTION('',(1.,0.,0.));
#2187 = ADVANCED_FACE('',(#2188),#2207,.F.);
#2188 = FACE_BOUND('',#2189,.F.);
#2189 = EDGE_LOOP('',(#2190,#2199,#2205,#2206));
#2190 = ORIENTED_EDGE('',*,*,#2191,.T.);
#2191 = EDGE_CURVE('',#2192,#2192,#2194,.T.);
#2192 = VERTEX_POINT('',#2193);
#2193 = CARTESIAN_POINT('',(14.349999,19.049998,7.65));
#2194 = CIRCLE('',#2195,1.55);
#2195 = AXIS2_PLACEMENT_3D('',#2196,#2197,#2198);
#2196 = CARTESIAN_POINT('',(12.799999,19.049998,7.65));
#2197 = DIRECTION('',(0.,0.,-1.));
#2198 = DIRECTION('',(1.,0.,0.));
#2199 = ORIENTED_EDGE('',*,*,#2200,.F.);
#2200 = EDGE_CURVE('',#1909,#2192,#2201,.T.);
#2201 = LINE('',#2202,#2203);
#2202 = CARTESIAN_POINT('',(14.349999,19.049998,7.65));
#2203 = VECTOR('',#2204,1.);
#2204 = DIRECTION('',(-0.707106781187,0.,0.707106781187));
#2205 = ORIENTED_EDGE('',*,*,#1908,.F.);
#2206 = ORIENTED_EDGE('',*,*,#2200,.T.);
#2207 = CONICAL_SURFACE('',#2208,1.55,0.785398163397);
#2208 = AXIS2_PLACEMENT_3D('',#2209,#2210,#2211);
#2209 = CARTESIAN_POINT('',(12.799999,19.049998,7.65));
#2210 = DIRECTION('',(-0.,-0.,-1.));
#2211 = DIRECTION('',(1.,0.,0.));
#2212 = ADVANCED_FACE('',(#2213),#2232,.F.);
#2213 = FACE_BOUND('',#2214,.F.);
#2214 = EDGE_LOOP('',(#2215,#2224,#2230,#2231));
#2215 = ORIENTED_EDGE('',*,*,#2216,.T.);
#2216 = EDGE_CURVE('',#2217,#2217,#2219,.T.);
#2217 = VERTEX_POINT('',#2218);
#2218 = CARTESIAN_POINT('',(-27.802521,19.049998,7.65));
#2219 = CIRCLE('',#2220,1.55);
#2220 = AXIS2_PLACEMENT_3D('',#2221,#2222,#2223);
#2221 = CARTESIAN_POINT('',(-29.352521,19.049998,7.65));
#2222 = DIRECTION('',(0.,0.,-1.));
#2223 = DIRECTION('',(1.,0.,0.));
#2224 = ORIENTED_EDGE('',*,*,#2225,.F.);
#2225 = EDGE_CURVE('',#1920,#2217,#2226,.T.);
#2226 = LINE('',#2227,#2228);
#2227 = CARTESIAN_POINT('',(-27.802521,19.049998,7.65));
#2228 = VECTOR('',#2229,1.);
#2229 = DIRECTION('',(-0.707106781187,0.,0.707106781187));
#2230 = ORIENTED_EDGE('',*,*,#1919,.F.);
#2231 = ORIENTED_EDGE('',*,*,#2225,.T.);
#2232 = CONICAL_SURFACE('',#2233,1.55,0.785398163397);
#2233 = AXIS2_PLACEMENT_3D('',#2234,#2235,#2236);
#2234 = CARTESIAN_POINT('',(-29.352521,19.049998,7.65));
#2235 = DIRECTION('',(-0.,-0.,-1.));
#2236 = DIRECTION('',(1.,0.,0.));
#2237 = ADVANCED_FACE('',(#2238),#2250,.T.);
#2238 = FACE_BOUND('',#2239,.T.);
#2239 = EDGE_LOOP('',(#2240,#2241,#2242,#2243));
#2240 = ORIENTED_EDGE('',*,*,#1986,.T.);
#2241 = ORIENTED_EDGE('',*,*,#1961,.T.);
#2242 = ORIENTED_EDGE('',*,*,#2002,.F.);
#2243 = ORIENTED_EDGE('',*,*,#2244,.F.);
#2244 = EDGE_CURVE('',#1979,#2003,#2245,.T.);
#2245 = CIRCLE('',#2246,2.);
#2246 = AXIS2_PLACEMENT_3D('',#2247,#2248,#2249);
#2247 = CARTESIAN_POINT('',(13.399999,19.649998,9.4));
#2248 = DIRECTION('',(1.,0.,0.));
#2249 = DIRECTION('',(-0.,1.,0.));
#2250 = CYLINDRICAL_SURFACE('',#2251,2.);
#2251 = AXIS2_PLACEMENT_3D('',#2252,#2253,#2254);
#2252 = CARTESIAN_POINT('',(13.399999,19.649998,9.4));
#2253 = DIRECTION('',(-1.,0.,0.));
#2254 = DIRECTION('',(0.,1.,0.));
#2255 = ADVANCED_FACE('',(#2256),#2274,.T.);
#2256 = FACE_BOUND('',#2257,.T.);
#2257 = EDGE_LOOP('',(#2258,#2259,#2266,#2267));
#2258 = ORIENTED_EDGE('',*,*,#2125,.T.);
#2259 = ORIENTED_EDGE('',*,*,#2260,.T.);
#2260 = EDGE_CURVE('',#2075,#2003,#2261,.T.);
#2261 = CIRCLE('',#2262,2.);
#2262 = AXIS2_PLACEMENT_3D('',#2263,#2264,#2265);
#2263 = CARTESIAN_POINT('',(13.399999,19.649998,9.4));
#2264 = DIRECTION('',(0.,-1.,0.));
#2265 = DIRECTION('',(1.,0.,0.));
#2266 = ORIENTED_EDGE('',*,*,#2019,.F.);
#2267 = ORIENTED_EDGE('',*,*,#2268,.F.);
#2268 = EDGE_CURVE('',#2102,#2012,#2269,.T.);
#2269 = CIRCLE('',#2270,2.);
#2270 = AXIS2_PLACEMENT_3D('',#2271,#2272,#2273);
#2271 = CARTESIAN_POINT('',(13.399999,-26.148425,9.4));
#2272 = DIRECTION('',(-9.494107596575E-16,-1.,0.));
#2273 = DIRECTION('',(1.,-9.494107596575E-16,0.));
#2274 = CYLINDRICAL_SURFACE('',#2275,2.);
#2275 = AXIS2_PLACEMENT_3D('',#2276,#2277,#2278);
#2276 = CARTESIAN_POINT('',(13.399999,-26.148425,9.4));
#2277 = DIRECTION('',(0.,1.,0.));
#2278 = DIRECTION('',(1.,0.,0.));
#2279 = ADVANCED_FACE('',(#2280),#2292,.T.);
#2280 = FACE_BOUND('',#2281,.T.);
#2281 = EDGE_LOOP('',(#2282,#2283,#2290,#2291));
#2282 = ORIENTED_EDGE('',*,*,#2051,.T.);
#2283 = ORIENTED_EDGE('',*,*,#2284,.T.);
#2284 = EDGE_CURVE('',#2052,#2012,#2285,.T.);
#2285 = CIRCLE('',#2286,2.);
#2286 = AXIS2_PLACEMENT_3D('',#2287,#2288,#2289);
#2287 = CARTESIAN_POINT('',(13.399999,-26.148425,9.4));
#2288 = DIRECTION('',(-1.,0.,0.));
#2289 = DIRECTION('',(0.,-1.,0.));
#2290 = ORIENTED_EDGE('',*,*,#2011,.F.);
#2291 = ORIENTED_EDGE('',*,*,#2035,.F.);
#2292 = CYLINDRICAL_SURFACE('',#2293,2.);
#2293 = AXIS2_PLACEMENT_3D('',#2294,#2295,#2296);
#2294 = CARTESIAN_POINT('',(-29.952521,-26.148425,9.4));
#2295 = DIRECTION('',(1.,0.,0.));
#2296 = DIRECTION('',(0.,-1.,0.));
#2297 = ADVANCED_FACE('',(#2298),#2303,.T.);
#2298 = FACE_BOUND('',#2299,.T.);
#2299 = EDGE_LOOP('',(#2300,#2301,#2302));
#2300 = ORIENTED_EDGE('',*,*,#2260,.F.);
#2301 = ORIENTED_EDGE('',*,*,#2074,.T.);
#2302 = ORIENTED_EDGE('',*,*,#2244,.T.);
#2303 = SPHERICAL_SURFACE('',#2304,2.);
#2304 = AXIS2_PLACEMENT_3D('',#2305,#2306,#2307);
#2305 = CARTESIAN_POINT('',(13.399999,19.649998,9.4));
#2306 = DIRECTION('',(0.,0.,1.));
#2307 = DIRECTION('',(1.,0.,-0.));
#2308 = ADVANCED_FACE('',(#2309),#2314,.T.);
#2309 = FACE_BOUND('',#2310,.T.);
#2310 = EDGE_LOOP('',(#2311,#2312,#2313));
#2311 = ORIENTED_EDGE('',*,*,#2284,.F.);
#2312 = ORIENTED_EDGE('',*,*,#2109,.T.);
#2313 = ORIENTED_EDGE('',*,*,#2268,.T.);
#2314 = SPHERICAL_SURFACE('',#2315,2.);
#2315 = AXIS2_PLACEMENT_3D('',#2316,#2317,#2318);
#2316 = CARTESIAN_POINT('',(13.399999,-26.148425,9.4));
#2317 = DIRECTION('',(0.,0.,1.));
#2318 = DIRECTION('',(-8.881784197001E-16,-1.,0.));
#2319 = ADVANCED_FACE('',(#2320),#2339,.F.);
#2320 = FACE_BOUND('',#2321,.F.);
#2321 = EDGE_LOOP('',(#2322,#2330,#2337,#2338));
#2322 = ORIENTED_EDGE('',*,*,#2323,.T.);
#2323 = EDGE_CURVE('',#2142,#2324,#2326,.T.);
#2324 = VERTEX_POINT('',#2325);
#2325 = CARTESIAN_POINT('',(-27.802521,-25.548425,9.5));
#2326 = LINE('',#2327,#2328);
#2327 = CARTESIAN_POINT('',(-27.802521,-25.548425,7.4));
#2328 = VECTOR('',#2329,1.);
#2329 = DIRECTION('',(0.,0.,1.));
#2330 = ORIENTED_EDGE('',*,*,#2331,.T.);
#2331 = EDGE_CURVE('',#2324,#2324,#2332,.T.);
#2332 = CIRCLE('',#2333,1.55);
#2333 = AXIS2_PLACEMENT_3D('',#2334,#2335,#2336);
#2334 = CARTESIAN_POINT('',(-29.352521,-25.548425,9.5));
#2335 = DIRECTION('',(0.,0.,-1.));
#2336 = DIRECTION('',(1.,0.,0.));
#2337 = ORIENTED_EDGE('',*,*,#2323,.F.);
#2338 = ORIENTED_EDGE('',*,*,#2141,.F.);
#2339 = CYLINDRICAL_SURFACE('',#2340,1.55);
#2340 = AXIS2_PLACEMENT_3D('',#2341,#2342,#2343);
#2341 = CARTESIAN_POINT('',(-29.352521,-25.548425,7.4));
#2342 = DIRECTION('',(0.,0.,-1.));
#2343 = DIRECTION('',(1.,0.,0.));
#2344 = ADVANCED_FACE('',(#2345),#2364,.F.);
#2345 = FACE_BOUND('',#2346,.F.);
#2346 = EDGE_LOOP('',(#2347,#2355,#2362,#2363));
#2347 = ORIENTED_EDGE('',*,*,#2348,.T.);
#2348 = EDGE_CURVE('',#2167,#2349,#2351,.T.);
#2349 = VERTEX_POINT('',#2350);
#2350 = CARTESIAN_POINT('',(14.349999,-25.548425,9.5));
#2351 = LINE('',#2352,#2353);
#2352 = CARTESIAN_POINT('',(14.349999,-25.548425,7.4));
#2353 = VECTOR('',#2354,1.);
#2354 = DIRECTION('',(0.,0.,1.));
#2355 = ORIENTED_EDGE('',*,*,#2356,.T.);
#2356 = EDGE_CURVE('',#2349,#2349,#2357,.T.);
#2357 = CIRCLE('',#2358,1.55);
#2358 = AXIS2_PLACEMENT_3D('',#2359,#2360,#2361);
#2359 = CARTESIAN_POINT('',(12.799999,-25.548425,9.5));
#2360 = DIRECTION('',(0.,0.,-1.));
#2361 = DIRECTION('',(1.,0.,0.));
#2362 = ORIENTED_EDGE('',*,*,#2348,.F.);
#2363 = ORIENTED_EDGE('',*,*,#2166,.F.);
#2364 = CYLINDRICAL_SURFACE('',#2365,1.55);
#2365 = AXIS2_PLACEMENT_3D('',#2366,#2367,#2368);
#2366 = CARTESIAN_POINT('',(12.799999,-25.548425,7.4));
#2367 = DIRECTION('',(0.,0.,-1.));
#2368 = DIRECTION('',(1.,0.,0.));
#2369 = ADVANCED_FACE('',(#2370),#2389,.F.);
#2370 = FACE_BOUND('',#2371,.F.);
#2371 = EDGE_LOOP('',(#2372,#2380,#2387,#2388));
#2372 = ORIENTED_EDGE('',*,*,#2373,.T.);
#2373 = EDGE_CURVE('',#2192,#2374,#2376,.T.);
#2374 = VERTEX_POINT('',#2375);
#2375 = CARTESIAN_POINT('',(14.349999,19.049998,9.5));
#2376 = LINE('',#2377,#2378);
#2377 = CARTESIAN_POINT('',(14.349999,19.049998,7.4));
#2378 = VECTOR('',#2379,1.);
#2379 = DIRECTION('',(0.,0.,1.));
#2380 = ORIENTED_EDGE('',*,*,#2381,.T.);
#2381 = EDGE_CURVE('',#2374,#2374,#2382,.T.);
#2382 = CIRCLE('',#2383,1.55);
#2383 = AXIS2_PLACEMENT_3D('',#2384,#2385,#2386);
#2384 = CARTESIAN_POINT('',(12.799999,19.049998,9.5));
#2385 = DIRECTION('',(0.,0.,-1.));
#2386 = DIRECTION('',(1.,0.,0.));
#2387 = ORIENTED_EDGE('',*,*,#2373,.F.);
#2388 = ORIENTED_EDGE('',*,*,#2191,.F.);
#2389 = CYLINDRICAL_SURFACE('',#2390,1.55);
#2390 = AXIS2_PLACEMENT_3D('',#2391,#2392,#2393);
#2391 = CARTESIAN_POINT('',(12.799999,19.049998,7.4));
#2392 = DIRECTION('',(0.,0.,-1.));
#2393 = DIRECTION('',(1.,0.,0.));
#2394 = ADVANCED_FACE('',(#2395),#2414,.F.);
#2395 = FACE_BOUND('',#2396,.F.);
#2396 = EDGE_LOOP('',(#2397,#2405,#2412,#2413));
#2397 = ORIENTED_EDGE('',*,*,#2398,.T.);
#2398 = EDGE_CURVE('',#2217,#2399,#2401,.T.);
#2399 = VERTEX_POINT('',#2400);
#2400 = CARTESIAN_POINT('',(-27.802521,19.049998,9.5));
#2401 = LINE('',#2402,#2403);
#2402 = CARTESIAN_POINT('',(-27.802521,19.049998,7.4));
#2403 = VECTOR('',#2404,1.);
#2404 = DIRECTION('',(0.,0.,1.));
#2405 = ORIENTED_EDGE('',*,*,#2406,.T.);
#2406 = EDGE_CURVE('',#2399,#2399,#2407,.T.);
#2407 = CIRCLE('',#2408,1.55);
#2408 = AXIS2_PLACEMENT_3D('',#2409,#2410,#2411);
#2409 = CARTESIAN_POINT('',(-29.352521,19.049998,9.5));
#2410 = DIRECTION('',(0.,0.,-1.));
#2411 = DIRECTION('',(1.,0.,0.));
#2412 = ORIENTED_EDGE('',*,*,#2398,.F.);
#2413 = ORIENTED_EDGE('',*,*,#2216,.F.);
#2414 = CYLINDRICAL_SURFACE('',#2415,1.55);
#2415 = AXIS2_PLACEMENT_3D('',#2416,#2417,#2418);
#2416 = CARTESIAN_POINT('',(-29.352521,19.049998,7.4));
#2417 = DIRECTION('',(0.,0.,-1.));
#2418 = DIRECTION('',(1.,0.,0.));
#2419 = ADVANCED_FACE('',(#2420),#2423,.F.);
#2420 = FACE_BOUND('',#2421,.T.);
#2421 = EDGE_LOOP('',(#2422));
#2422 = ORIENTED_EDGE('',*,*,#2331,.T.);
#2423 = PLANE('',#2424);
#2424 = AXIS2_PLACEMENT_3D('',#2425,#2426,#2427);
#2425 = CARTESIAN_POINT('',(-8.276261,-3.2492135,9.5));
#2426 = DIRECTION('',(0.,0.,1.));
#2427 = DIRECTION('',(1.,0.,-0.));
#2428 = ADVANCED_FACE('',(#2429),#2432,.F.);
#2429 = FACE_BOUND('',#2430,.T.);
#2430 = EDGE_LOOP('',(#2431));
#2431 = ORIENTED_EDGE('',*,*,#2356,.T.);
#2432 = PLANE('',#2433);
#2433 = AXIS2_PLACEMENT_3D('',#2434,#2435,#2436);
#2434 = CARTESIAN_POINT('',(-8.276261,-3.2492135,9.5));
#2435 = DIRECTION('',(0.,0.,1.));
#2436 = DIRECTION('',(1.,0.,-0.));
#2437 = ADVANCED_FACE('',(#2438),#2441,.F.);
#2438 = FACE_BOUND('',#2439,.T.);
#2439 = EDGE_LOOP('',(#2440));
#2440 = ORIENTED_EDGE('',*,*,#2381,.T.);
#2441 = PLANE('',#2442);
#2442 = AXIS2_PLACEMENT_3D('',#2443,#2444,#2445);
#2443 = CARTESIAN_POINT('',(-8.276261,-3.2492135,9.5));
#2444 = DIRECTION('',(0.,0.,1.));
#2445 = DIRECTION('',(1.,0.,-0.));
#2446 = ADVANCED_FACE('',(#2447),#2450,.F.);
#2447 = FACE_BOUND('',#2448,.T.);
#2448 = EDGE_LOOP('',(#2449));
#2449 = ORIENTED_EDGE('',*,*,#2406,.T.);
#2450 = PLANE('',#2451);
#2451 = AXIS2_PLACEMENT_3D('',#2452,#2453,#2454);
#2452 = CARTESIAN_POINT('',(-8.276261,-3.2492135,9.5));
#2453 = DIRECTION('',(0.,0.,1.));
#2454 = DIRECTION('',(1.,0.,-0.));
#2455 = ( GEOMETRIC_REPRESENTATION_CONTEXT(3) 
GLOBAL_UNCERTAINTY_ASSIGNED_CONTEXT((#2459)) 
GLOBAL_UNIT_ASSIGNED_CONTEXT((#2456,#2457,#2458)) REPRESENTATION_CONTEXT
('Context #1','3D Context with UNIT and UNCERTAINTY') );
#2456 = ( LENGTH_UNIT() NAMED_UNIT(*) SI_UNIT(.MILLI.,.METRE.) );
#2457 = ( NAMED_UNIT(*) PLANE_ANGLE_UNIT() SI_UNIT($,.RADIAN.) );
#2458 = ( NAMED_UNIT(*) SI_UNIT($,.STERADIAN.) SOLID_ANGLE_UNIT() );
#2459 = UNCERTAINTY_MEASURE_WITH_UNIT(LENGTH_MEASURE(1.E-07),#2456,
  'distance_accuracy_value','confusion accuracy');
#2460 = CONTEXT_DEPENDENT_SHAPE_REPRESENTATION(#2461,#2463);
#2461 = ( REPRESENTATION_RELATIONSHIP('','',#1720,#10) 
REPRESENTATION_RELATIONSHIP_WITH_TRANSFORMATION(#2462) 
SHAPE_REPRESENTATION_RELATIONSHIP() );
#2462 = ITEM_DEFINED_TRANSFORMATION('','',#11,#19);
#2463 = PRODUCT_DEFINITION_SHAPE('Placement','Placement of an item',
  #2464);
#2464 = NEXT_ASSEMBLY_USAGE_OCCURRENCE('2','Lid','',#5,#1715,$);
#2465 = PRODUCT_RELATED_PRODUCT_CATEGORY('part',$,(#1717));
#2466 = MECHANICAL_DESIGN_GEOMETRIC_PRESENTATION_REPRESENTATION('',(
    #2467),#1702);
#2467 = STYLED_ITEM('color',(#2468),#37);
#2468 = PRESENTATION_STYLE_ASSIGNMENT((#2469,#2475));
#2469 = SURFACE_STYLE_USAGE(.BOTH.,#2470);
#2470 = SURFACE_SIDE_STYLE('',(#2471));
#2471 = SURFACE_STYLE_FILL_AREA(#2472);
#2472 = FILL_AREA_STYLE('',(#2473));
#2473 = FILL_AREA_STYLE_COLOUR('',#2474);
#2474 = COLOUR_RGB('',0.678431390124,0.709803936702,0.741176476869);
#2475 = CURVE_STYLE('',#2476,POSITIVE_LENGTH_MEASURE(0.1),#2477);
#2476 = DRAUGHTING_PRE_DEFINED_CURVE_FONT('continuous');
#2477 = COLOUR_RGB('',9.803921802644E-02,9.803921802644E-02,
  9.803921802644E-02);
#2478 = MECHANICAL_DESIGN_GEOMETRIC_PRESENTATION_REPRESENTATION('',(
    #2479),#2455);
#2479 = STYLED_ITEM('color',(#2480),#1721);
#2480 = PRESENTATION_STYLE_ASSIGNMENT((#2481,#2486));
#2481 = SURFACE_STYLE_USAGE(.BOTH.,#2482);
#2482 = SURFACE_SIDE_STYLE('',(#2483));
#2483 = SURFACE_STYLE_FILL_AREA(#2484);
#2484 = FILL_AREA_STYLE('',(#2485));
#2485 = FILL_AREA_STYLE_COLOUR('',#2474);
#2486 = CURVE_STYLE('',#2487,POSITIVE_LENGTH_MEASURE(0.1),#2477);
#2487 = DRAUGHTING_PRE_DEFINED_CURVE_FONT('continuous');
ENDSEC;
END-ISO-10303-21;
