ISO-10303-21;
HEADER;
FILE_DESCRIPTION(('KiCad electronic assembly'),'2;1');
FILE_NAME('Flat_Probe.step','2026-08-12T16:16:28',('Pcbnew'),('Kicad'),
  'Open CASCADE STEP processor 7.9','KiCad to STEP converter','Unknown'
  );
FILE_SCHEMA(('AUTOMOTIVE_DESIGN { 1 0 10303 214 1 1 1 1 }'));
ENDSEC;
DATA;
#1 = APPLICATION_PROTOCOL_DEFINITION('international standard',
  'automotive_design',2000,#2);
#2 = APPLICATION_CONTEXT(
  'core data for automotive mechanical design processes');
#3 = SHAPE_DEFINITION_REPRESENTATION(#4,#10);
#4 = PRODUCT_DEFINITION_SHAPE('','',#5);
#5 = PRODUCT_DEFINITION('design','',#6,#9);
#6 = PRODUCT_DEFINITION_FORMATION('','',#7);
#7 = PRODUCT('Flat_Probe 1','Flat_Probe 1','',(#8));
#8 = PRODUCT_CONTEXT('',#2,'mechanical');
#9 = PRODUCT_DEFINITION_CONTEXT('part definition',#2,'design');
#10 = SHAPE_REPRESENTATION('',(#11,#15,#19,#23,#27),#31);
#11 = AXIS2_PLACEMENT_3D('',#12,#13,#14);
#12 = CARTESIAN_POINT('',(0.,0.,0.));
#13 = DIRECTION('',(0.,0.,1.));
#14 = DIRECTION('',(1.,0.,-0.));
#15 = AXIS2_PLACEMENT_3D('',#16,#17,#18);
#16 = CARTESIAN_POINT('',(512.,-152.5,0.335));
#17 = DIRECTION('',(-0.,0.,1.));
#18 = DIRECTION('',(1.110223024625E-16,-1.,0.));
#19 = AXIS2_PLACEMENT_3D('',#20,#21,#22);
#20 = CARTESIAN_POINT('',(510.5,-152.5,0.335));
#21 = DIRECTION('',(0.,-0.,1.));
#22 = DIRECTION('',(1.110223024625E-16,1.,0.));
#23 = AXIS2_PLACEMENT_3D('',#24,#25,#26);
#24 = CARTESIAN_POINT('',(0.,0.,0.));
#25 = DIRECTION('',(0.,0.,1.));
#26 = DIRECTION('',(1.,0.,-0.));
#27 = AXIS2_PLACEMENT_3D('',#28,#29,#30);
#28 = CARTESIAN_POINT('',(0.,0.,0.));
#29 = DIRECTION('',(0.,0.,1.));
#30 = DIRECTION('',(1.,0.,-0.));
#31 = ( GEOMETRIC_REPRESENTATION_CONTEXT(3) 
GLOBAL_UNCERTAINTY_ASSIGNED_CONTEXT((#35)) GLOBAL_UNIT_ASSIGNED_CONTEXT(
(#32,#33,#34)) REPRESENTATION_CONTEXT('Context #1',
  '3D Context with UNIT and UNCERTAINTY') );
#32 = ( LENGTH_UNIT() NAMED_UNIT(*) SI_UNIT(.MILLI.,.METRE.) );
#33 = ( NAMED_UNIT(*) PLANE_ANGLE_UNIT() SI_UNIT($,.RADIAN.) );
#34 = ( NAMED_UNIT(*) SI_UNIT($,.STERADIAN.) SOLID_ANGLE_UNIT() );
#35 = UNCERTAINTY_MEASURE_WITH_UNIT(LENGTH_MEASURE(1.E-07),#32,
  'distance_accuracy_value','confusion accuracy');
#36 = PRODUCT_RELATED_PRODUCT_CATEGORY('part',$,(#7));
#37 = SHAPE_DEFINITION_REPRESENTATION(#38,#44);
#38 = PRODUCT_DEFINITION_SHAPE('','',#39);
#39 = PRODUCT_DEFINITION('design','',#40,#43);
#40 = PRODUCT_DEFINITION_FORMATION('','',#41);
#41 = PRODUCT('SOT-563','SOT-563','',(#42));
#42 = PRODUCT_CONTEXT('',#2,'mechanical');
#43 = PRODUCT_DEFINITION_CONTEXT('part definition',#2,'design');
#44 = SHAPE_REPRESENTATION('',(#11,#45),#49);
#45 = AXIS2_PLACEMENT_3D('',#46,#47,#48);
#46 = CARTESIAN_POINT('',(0.,0.,0.));
#47 = DIRECTION('',(0.,0.,1.));
#48 = DIRECTION('',(1.,0.,-0.));
#49 = ( GEOMETRIC_REPRESENTATION_CONTEXT(3) 
GLOBAL_UNCERTAINTY_ASSIGNED_CONTEXT((#53)) GLOBAL_UNIT_ASSIGNED_CONTEXT(
(#50,#51,#52)) REPRESENTATION_CONTEXT('Context #1',
  '3D Context with UNIT and UNCERTAINTY') );
#50 = ( LENGTH_UNIT() NAMED_UNIT(*) SI_UNIT(.MILLI.,.METRE.) );
#51 = ( NAMED_UNIT(*) PLANE_ANGLE_UNIT() SI_UNIT($,.RADIAN.) );
#52 = ( NAMED_UNIT(*) SI_UNIT($,.STERADIAN.) SOLID_ANGLE_UNIT() );
#53 = UNCERTAINTY_MEASURE_WITH_UNIT(LENGTH_MEASURE(1.E-07),#50,
  'distance_accuracy_value','confusion accuracy');
#54 = CONTEXT_DEPENDENT_SHAPE_REPRESENTATION(#55,#57);
#55 = ( REPRESENTATION_RELATIONSHIP('','',#44,#10) 
REPRESENTATION_RELATIONSHIP_WITH_TRANSFORMATION(#56) 
SHAPE_REPRESENTATION_RELATIONSHIP() );
#56 = ITEM_DEFINED_TRANSFORMATION('','',#11,#15);
#57 = PRODUCT_DEFINITION_SHAPE('Placement','Placement of an item',#58);
#58 = NEXT_ASSEMBLY_USAGE_OCCURRENCE('2','U1','',#5,#39,$);
#59 = PRODUCT_RELATED_PRODUCT_CATEGORY('part',$,(#41));
#60 = SHAPE_DEFINITION_REPRESENTATION(#61,#67);
#61 = PRODUCT_DEFINITION_SHAPE('','',#62);
#62 = PRODUCT_DEFINITION('design','',#63,#66);
#63 = PRODUCT_DEFINITION_FORMATION('','',#64);
#64 = PRODUCT('SOT_563','SOT_563','',(#65));
#65 = PRODUCT_CONTEXT('',#2,'mechanical');
#66 = PRODUCT_DEFINITION_CONTEXT('part definition',#2,'design');
#67 = ADVANCED_BREP_SHAPE_REPRESENTATION('',(#11,#68),#2697);
#68 = MANIFOLD_SOLID_BREP('',#69);
#69 = CLOSED_SHELL('',(#70,#110,#141,#271,#295,#418,#545,#562,#585,#707,
    #835,#852,#883,#1110,#1141,#1368,#1399,#1430,#1657,#1785,#1816,#1839
    ,#1961,#2006,#2038,#2088,#2120,#2137,#2169,#2186,#2218,#2250,#2267,
    #2299,#2331,#2348,#2380,#2397,#2429,#2461,#2478,#2495,#2512,#2535,
    #2552,#2564,#2581,#2598,#2615,#2627,#2639,#2651,#2663,#2688));
#70 = ADVANCED_FACE('',(#71),#105,.F.);
#71 = FACE_BOUND('',#72,.F.);
#72 = EDGE_LOOP('',(#73,#83,#91,#99));
#73 = ORIENTED_EDGE('',*,*,#74,.F.);
#74 = EDGE_CURVE('',#75,#77,#79,.T.);
#75 = VERTEX_POINT('',#76);
#76 = CARTESIAN_POINT('',(0.595807377657,0.39,0.));
#77 = VERTEX_POINT('',#78);
#78 = CARTESIAN_POINT('',(0.595807377657,0.61,0.));
#79 = LINE('',#80,#81);
#80 = CARTESIAN_POINT('',(0.595807377657,0.39,0.));
#81 = VECTOR('',#82,1.);
#82 = DIRECTION('',(-1.110223024625E-16,1.,0.));
#83 = ORIENTED_EDGE('',*,*,#84,.T.);
#84 = EDGE_CURVE('',#75,#85,#87,.T.);
#85 = VERTEX_POINT('',#86);
#86 = CARTESIAN_POINT('',(0.8,0.39,0.));
#87 = LINE('',#88,#89);
#88 = CARTESIAN_POINT('',(0.595807377657,0.39,0.));
#89 = VECTOR('',#90,1.);
#90 = DIRECTION('',(1.,1.110223024625E-16,0.));
#91 = ORIENTED_EDGE('',*,*,#92,.T.);
#92 = EDGE_CURVE('',#85,#93,#95,.T.);
#93 = VERTEX_POINT('',#94);
#94 = CARTESIAN_POINT('',(0.8,0.61,0.));
#95 = LINE('',#96,#97);
#96 = CARTESIAN_POINT('',(0.8,0.39,0.));
#97 = VECTOR('',#98,1.);
#98 = DIRECTION('',(-1.110223024625E-16,1.,0.));
#99 = ORIENTED_EDGE('',*,*,#100,.F.);
#100 = EDGE_CURVE('',#77,#93,#101,.T.);
#101 = LINE('',#102,#103);
#102 = CARTESIAN_POINT('',(0.595807377657,0.61,0.));
#103 = VECTOR('',#104,1.);
#104 = DIRECTION('',(1.,1.110223024625E-16,0.));
#105 = PLANE('',#106);
#106 = AXIS2_PLACEMENT_3D('',#107,#108,#109);
#107 = CARTESIAN_POINT('',(0.595807377657,0.39,0.));
#108 = DIRECTION('',(0.,0.,1.));
#109 = DIRECTION('',(1.,1.110223024625E-16,-0.));
#110 = ADVANCED_FACE('',(#111),#136,.F.);
#111 = FACE_BOUND('',#112,.F.);
#112 = EDGE_LOOP('',(#113,#121,#122,#130));
#113 = ORIENTED_EDGE('',*,*,#114,.F.);
#114 = EDGE_CURVE('',#75,#115,#117,.T.);
#115 = VERTEX_POINT('',#116);
#116 = CARTESIAN_POINT('',(0.595807377657,0.39,3.E-02));
#117 = LINE('',#118,#119);
#118 = CARTESIAN_POINT('',(0.595807377657,0.39,0.));
#119 = VECTOR('',#120,1.);
#120 = DIRECTION('',(0.,0.,1.));
#121 = ORIENTED_EDGE('',*,*,#74,.T.);
#122 = ORIENTED_EDGE('',*,*,#123,.T.);
#123 = EDGE_CURVE('',#77,#124,#126,.T.);
#124 = VERTEX_POINT('',#125);
#125 = CARTESIAN_POINT('',(0.595807377657,0.61,3.E-02));
#126 = LINE('',#127,#128);
#127 = CARTESIAN_POINT('',(0.595807377657,0.61,0.));
#128 = VECTOR('',#129,1.);
#129 = DIRECTION('',(0.,0.,1.));
#130 = ORIENTED_EDGE('',*,*,#131,.F.);
#131 = EDGE_CURVE('',#115,#124,#132,.T.);
#132 = LINE('',#133,#134);
#133 = CARTESIAN_POINT('',(0.595807377657,-0.795807377657,3.E-02));
#134 = VECTOR('',#135,1.);
#135 = DIRECTION('',(-2.22044604925E-16,1.,0.));
#136 = PLANE('',#137);
#137 = AXIS2_PLACEMENT_3D('',#138,#139,#140);
#138 = CARTESIAN_POINT('',(0.595807377657,0.39,0.));
#139 = DIRECTION('',(1.,1.110223024625E-16,0.));
#140 = DIRECTION('',(0.,-0.,1.));
#141 = ADVANCED_FACE('',(#142),#266,.T.);
#142 = FACE_BOUND('',#143,.T.);
#143 = EDGE_LOOP('',(#144,#152,#153,#154,#260));
#144 = ORIENTED_EDGE('',*,*,#145,.F.);
#145 = EDGE_CURVE('',#93,#146,#148,.T.);
#146 = VERTEX_POINT('',#147);
#147 = CARTESIAN_POINT('',(0.8,0.61,0.11));
#148 = LINE('',#149,#150);
#149 = CARTESIAN_POINT('',(0.8,0.61,0.));
#150 = VECTOR('',#151,1.);
#151 = DIRECTION('',(0.,0.,1.));
#152 = ORIENTED_EDGE('',*,*,#100,.F.);
#153 = ORIENTED_EDGE('',*,*,#123,.T.);
#154 = ORIENTED_EDGE('',*,*,#155,.T.);
#155 = EDGE_CURVE('',#124,#156,#158,.T.);
#156 = VERTEX_POINT('',#157);
#157 = CARTESIAN_POINT('',(0.6,0.61,0.11));
#158 = B_SPLINE_CURVE_WITH_KNOTS('',4,(#159,#160,#161,#162,#163,#164,
    #165,#166,#167,#168,#169,#170,#171,#172,#173,#174,#175,#176,#177,
    #178,#179,#180,#181,#182,#183,#184,#185,#186,#187,#188,#189,#190,
    #191,#192,#193,#194,#195,#196,#197,#198,#199,#200,#201,#202,#203,
    #204,#205,#206,#207,#208,#209,#210,#211,#212,#213,#214,#215,#216,
    #217,#218,#219,#220,#221,#222,#223,#224,#225,#226,#227,#228,#229,
    #230,#231,#232,#233,#234,#235,#236,#237,#238,#239,#240,#241,#242,
    #243,#244,#245,#246,#247,#248,#249,#250,#251,#252,#253,#254,#255,
    #256,#257,#258,#259),.UNSPECIFIED.,.F.,.F.,(5,3,3,3,3,3,3,3,3,3,3,3,
    3,3,3,3,3,3,3,3,3,3,3,3,3,3,3,3,3,3,3,3,3,5),(0.,3.000088527397E-02,
    6.000171535369E-02,9.000249028111E-02,0.120003210098,0.150003874847,
    0.180004484568,0.210005039305,0.240005539099,0.270005983992,
    0.300006374024,0.330006709239,0.360006989677,0.39000721538,
    0.42000738639,0.450007502748,0.480007564495,0.510007571674,
    0.540007524325,0.570007422489,0.600007266209,0.630007055525,
    0.660006790478,0.69000647111,0.720006097462,0.750005669576,
    0.780005187491,0.810004651249,0.840004060892,0.87000341646,
    0.900002717994,0.930001965535,0.960001159124,1.),.UNSPECIFIED.);
#159 = CARTESIAN_POINT('',(0.595807377657,0.61,3.E-02));
#160 = CARTESIAN_POINT('',(0.595838822296,0.61,3.059999944783E-02));
#161 = CARTESIAN_POINT('',(0.595870266954,0.61,3.119999926388E-02));
#162 = CARTESIAN_POINT('',(0.595901711631,0.61,3.179999944803E-02));
#163 = CARTESIAN_POINT('',(0.595964600966,0.61,3.299999944838E-02));
#164 = CARTESIAN_POINT('',(0.595996045624,0.61,3.359999926458E-02));
#165 = CARTESIAN_POINT('',(0.596027490301,0.61,3.419999944858E-02));
#166 = CARTESIAN_POINT('',(0.596090379637,0.61,3.539999944893E-02));
#167 = CARTESIAN_POINT('',(0.596121824295,0.61,3.599999926526E-02));
#168 = CARTESIAN_POINT('',(0.596153268972,0.61,3.659999944913E-02));
#169 = CARTESIAN_POINT('',(0.596216158307,0.61,3.779999944948E-02));
#170 = CARTESIAN_POINT('',(0.596247602965,0.61,3.839999926595E-02));
#171 = CARTESIAN_POINT('',(0.596279047642,0.61,3.899999944968E-02));
#172 = CARTESIAN_POINT('',(0.596341936977,0.61,4.019999945003E-02));
#173 = CARTESIAN_POINT('',(0.596373381635,0.61,4.079999926664E-02));
#174 = CARTESIAN_POINT('',(0.596404826312,0.61,4.139999945023E-02));
#175 = CARTESIAN_POINT('',(0.596467715648,0.61,4.259999945058E-02));
#176 = CARTESIAN_POINT('',(0.596499160305,0.61,4.319999926733E-02));
#177 = CARTESIAN_POINT('',(0.596530604983,0.61,4.379999945078E-02));
#178 = CARTESIAN_POINT('',(0.596593494318,0.61,4.499999945112E-02));
#179 = CARTESIAN_POINT('',(0.596624938976,0.61,4.559999926801E-02));
#180 = CARTESIAN_POINT('',(0.596656383653,0.61,4.619999945133E-02));
#181 = CARTESIAN_POINT('',(0.596719272988,0.61,4.739999945167E-02));
#182 = CARTESIAN_POINT('',(0.596750717646,0.61,4.79999992687E-02));
#183 = CARTESIAN_POINT('',(0.596782162323,0.61,4.859999945188E-02));
#184 = CARTESIAN_POINT('',(0.596845051658,0.61,4.979999945222E-02));
#185 = CARTESIAN_POINT('',(0.596876496316,0.61,5.039999926939E-02));
#186 = CARTESIAN_POINT('',(0.596907940994,0.61,5.099999945242E-02));
#187 = CARTESIAN_POINT('',(0.596970830329,0.61,5.219999945277E-02));
#188 = CARTESIAN_POINT('',(0.597002274987,0.61,5.279999927007E-02));
#189 = CARTESIAN_POINT('',(0.597033719664,0.61,5.339999945297E-02));
#190 = CARTESIAN_POINT('',(0.597096608999,0.61,5.459999945331E-02));
#191 = CARTESIAN_POINT('',(0.597128053657,0.61,5.519999927076E-02));
#192 = CARTESIAN_POINT('',(0.597159498334,0.61,5.579999945351E-02));
#193 = CARTESIAN_POINT('',(0.597222387669,0.61,5.699999945386E-02));
#194 = CARTESIAN_POINT('',(0.597253832327,0.61,5.759999927144E-02));
#195 = CARTESIAN_POINT('',(0.597285277005,0.61,5.819999945406E-02));
#196 = CARTESIAN_POINT('',(0.59734816634,0.61,5.93999994544E-02));
#197 = CARTESIAN_POINT('',(0.597379610998,0.61,5.999999927213E-02));
#198 = CARTESIAN_POINT('',(0.597411055675,0.61,6.059999945461E-02));
#199 = CARTESIAN_POINT('',(0.59747394501,0.61,6.179999945495E-02));
#200 = CARTESIAN_POINT('',(0.597505389668,0.61,6.239999927281E-02));
#201 = CARTESIAN_POINT('',(0.597536834345,0.61,6.299999945515E-02));
#202 = CARTESIAN_POINT('',(0.59759972368,0.61,6.419999945549E-02));
#203 = CARTESIAN_POINT('',(0.597631168338,0.61,6.479999927349E-02));
#204 = CARTESIAN_POINT('',(0.597662613015,0.61,6.539999945569E-02));
#205 = CARTESIAN_POINT('',(0.597725502351,0.61,6.659999945604E-02));
#206 = CARTESIAN_POINT('',(0.597756947009,0.61,6.719999927417E-02));
#207 = CARTESIAN_POINT('',(0.597788391686,0.61,6.779999945624E-02));
#208 = CARTESIAN_POINT('',(0.597851281021,0.61,6.899999945658E-02));
#209 = CARTESIAN_POINT('',(0.597882725679,0.61,6.959999927485E-02));
#210 = CARTESIAN_POINT('',(0.597914170356,0.61,7.019999945678E-02));
#211 = CARTESIAN_POINT('',(0.597977059691,0.61,7.139999945712E-02));
#212 = CARTESIAN_POINT('',(0.598008504349,0.61,7.199999927553E-02));
#213 = CARTESIAN_POINT('',(0.598039949026,0.61,7.259999945732E-02));
#214 = CARTESIAN_POINT('',(0.598102838362,0.61,7.379999945766E-02));
#215 = CARTESIAN_POINT('',(0.59813428302,0.61,7.439999927621E-02));
#216 = CARTESIAN_POINT('',(0.598165727697,0.61,7.499999945787E-02));
#217 = CARTESIAN_POINT('',(0.598228617032,0.61,7.619999945821E-02));
#218 = CARTESIAN_POINT('',(0.59826006169,0.61,7.679999927689E-02));
#219 = CARTESIAN_POINT('',(0.598291506367,0.61,7.739999945841E-02));
#220 = CARTESIAN_POINT('',(0.598354395702,0.61,7.859999945875E-02));
#221 = CARTESIAN_POINT('',(0.59838584036,0.61,7.919999927757E-02));
#222 = CARTESIAN_POINT('',(0.598417285037,0.61,7.979999945895E-02));
#223 = CARTESIAN_POINT('',(0.598480174372,0.61,8.099999945929E-02));
#224 = CARTESIAN_POINT('',(0.598511619031,0.61,8.159999927825E-02));
#225 = CARTESIAN_POINT('',(0.598543063708,0.61,8.219999945949E-02));
#226 = CARTESIAN_POINT('',(0.598605953043,0.61,8.339999945983E-02));
#227 = CARTESIAN_POINT('',(0.598637397701,0.61,8.399999927893E-02));
#228 = CARTESIAN_POINT('',(0.598668842378,0.61,8.459999946003E-02));
#229 = CARTESIAN_POINT('',(0.598731731713,0.61,8.579999946037E-02));
#230 = CARTESIAN_POINT('',(0.598763176371,0.61,8.63999992796E-02));
#231 = CARTESIAN_POINT('',(0.598794621048,0.61,8.699999946057E-02));
#232 = CARTESIAN_POINT('',(0.598857510383,0.61,8.819999946091E-02));
#233 = CARTESIAN_POINT('',(0.598888955041,0.61,8.879999928028E-02));
#234 = CARTESIAN_POINT('',(0.598920399719,0.61,8.939999946111E-02));
#235 = CARTESIAN_POINT('',(0.598983289054,0.61,9.059999946145E-02));
#236 = CARTESIAN_POINT('',(0.599014733712,0.61,9.119999928096E-02));
#237 = CARTESIAN_POINT('',(0.599046178389,0.61,9.179999946165E-02));
#238 = CARTESIAN_POINT('',(0.599109067724,0.61,9.299999946199E-02));
#239 = CARTESIAN_POINT('',(0.599140512382,0.61,9.359999928163E-02));
#240 = CARTESIAN_POINT('',(0.599171957059,0.61,9.419999946219E-02));
#241 = CARTESIAN_POINT('',(0.599234846394,0.61,9.539999946253E-02));
#242 = CARTESIAN_POINT('',(0.599266291052,0.61,9.599999928231E-02));
#243 = CARTESIAN_POINT('',(0.599297735729,0.61,9.659999946273E-02));
#244 = CARTESIAN_POINT('',(0.599360625065,0.61,9.779999946306E-02));
#245 = CARTESIAN_POINT('',(0.599392069723,0.61,9.839999928298E-02));
#246 = CARTESIAN_POINT('',(0.5994235144,0.61,9.899999946326E-02));
#247 = CARTESIAN_POINT('',(0.599486403735,0.61,0.100199999464));
#248 = CARTESIAN_POINT('',(0.599517848393,0.61,0.100799999284));
#249 = CARTESIAN_POINT('',(0.59954929307,0.61,0.101399999464));
#250 = CARTESIAN_POINT('',(0.599612182405,0.61,0.102599999464));
#251 = CARTESIAN_POINT('',(0.599643627063,0.61,0.103199999284));
#252 = CARTESIAN_POINT('',(0.59967507174,0.61,0.103799999464));
#253 = CARTESIAN_POINT('',(0.599737961076,0.61,0.104999999465));
#254 = CARTESIAN_POINT('',(0.599769405734,0.61,0.105599999285));
#255 = CARTESIAN_POINT('',(0.599800850411,0.61,0.106199999465));
#256 = CARTESIAN_POINT('',(0.59987422128,0.61,0.107599999045));
#257 = CARTESIAN_POINT('',(0.599916147486,0.61,0.108399998725));
#258 = CARTESIAN_POINT('',(0.599958073726,0.61,0.109199999043));
#259 = CARTESIAN_POINT('',(0.6,0.61,0.11));
#260 = ORIENTED_EDGE('',*,*,#261,.T.);
#261 = EDGE_CURVE('',#156,#146,#262,.T.);
#262 = LINE('',#263,#264);
#263 = CARTESIAN_POINT('',(0.595807377657,0.61,0.11));
#264 = VECTOR('',#265,1.);
#265 = DIRECTION('',(1.,1.110223024625E-16,0.));
#266 = PLANE('',#267);
#267 = AXIS2_PLACEMENT_3D('',#268,#269,#270);
#268 = CARTESIAN_POINT('',(0.595807377657,0.61,0.));
#269 = DIRECTION('',(-1.110223024625E-16,1.,0.));
#270 = DIRECTION('',(0.,0.,1.));
#271 = ADVANCED_FACE('',(#272),#290,.T.);
#272 = FACE_BOUND('',#273,.T.);
#273 = EDGE_LOOP('',(#274,#282,#283,#284));
#274 = ORIENTED_EDGE('',*,*,#275,.F.);
#275 = EDGE_CURVE('',#85,#276,#278,.T.);
#276 = VERTEX_POINT('',#277);
#277 = CARTESIAN_POINT('',(0.8,0.39,0.11));
#278 = LINE('',#279,#280);
#279 = CARTESIAN_POINT('',(0.8,0.39,0.));
#280 = VECTOR('',#281,1.);
#281 = DIRECTION('',(0.,0.,1.));
#282 = ORIENTED_EDGE('',*,*,#92,.T.);
#283 = ORIENTED_EDGE('',*,*,#145,.T.);
#284 = ORIENTED_EDGE('',*,*,#285,.F.);
#285 = EDGE_CURVE('',#276,#146,#286,.T.);
#286 = LINE('',#287,#288);
#287 = CARTESIAN_POINT('',(0.8,0.39,0.11));
#288 = VECTOR('',#289,1.);
#289 = DIRECTION('',(-1.110223024625E-16,1.,0.));
#290 = PLANE('',#291);
#291 = AXIS2_PLACEMENT_3D('',#292,#293,#294);
#292 = CARTESIAN_POINT('',(0.8,0.39,0.));
#293 = DIRECTION('',(1.,1.110223024625E-16,0.));
#294 = DIRECTION('',(0.,-0.,1.));
#295 = ADVANCED_FACE('',(#296),#413,.F.);
#296 = FACE_BOUND('',#297,.F.);
#297 = EDGE_LOOP('',(#298,#299,#300,#301,#407));
#298 = ORIENTED_EDGE('',*,*,#275,.F.);
#299 = ORIENTED_EDGE('',*,*,#84,.F.);
#300 = ORIENTED_EDGE('',*,*,#114,.T.);
#301 = ORIENTED_EDGE('',*,*,#302,.T.);
#302 = EDGE_CURVE('',#115,#303,#305,.T.);
#303 = VERTEX_POINT('',#304);
#304 = CARTESIAN_POINT('',(0.6,0.39,0.11));
#305 = B_SPLINE_CURVE_WITH_KNOTS('',4,(#306,#307,#308,#309,#310,#311,
    #312,#313,#314,#315,#316,#317,#318,#319,#320,#321,#322,#323,#324,
    #325,#326,#327,#328,#329,#330,#331,#332,#333,#334,#335,#336,#337,
    #338,#339,#340,#341,#342,#343,#344,#345,#346,#347,#348,#349,#350,
    #351,#352,#353,#354,#355,#356,#357,#358,#359,#360,#361,#362,#363,
    #364,#365,#366,#367,#368,#369,#370,#371,#372,#373,#374,#375,#376,
    #377,#378,#379,#380,#381,#382,#383,#384,#385,#386,#387,#388,#389,
    #390,#391,#392,#393,#394,#395,#396,#397,#398,#399,#400,#401,#402,
    #403,#404,#405,#406),.UNSPECIFIED.,.F.,.F.,(5,3,3,3,3,3,3,3,3,3,3,3,
    3,3,3,3,3,3,3,3,3,3,3,3,3,3,3,3,3,3,3,3,3,5),(0.,3.00003729932E-02,
    6.000072272729E-02,9.000104922036E-02,0.12000135249,0.150001632556,
    0.180001889434,0.210002123143,0.240002333701,0.270002521127,
    0.300002685437,0.33000282665,0.360002944784,0.390003039857,
    0.420003111886,0.45000316089,0.480003186886,0.510003189893,
    0.540003169927,0.570003127007,0.600003061151,0.630002972377,
    0.660002860701,0.690002726142,0.720002568718,0.750002388446,
    0.780002185344,0.810001959429,0.84000171072,0.870001439234,
    0.900001144989,0.930000828001,0.960000488289,1.),.UNSPECIFIED.);
#306 = CARTESIAN_POINT('',(0.595807377657,0.39,3.E-02));
#307 = CARTESIAN_POINT('',(0.595838822313,0.39,3.059999976731E-02));
#308 = CARTESIAN_POINT('',(0.595870266976,0.39,3.119999968979E-02));
#309 = CARTESIAN_POINT('',(0.595901711648,0.39,3.179999976739E-02));
#310 = CARTESIAN_POINT('',(0.595964600983,0.39,3.299999976754E-02));
#311 = CARTESIAN_POINT('',(0.595996045647,0.39,3.359999969008E-02));
#312 = CARTESIAN_POINT('',(0.596027490318,0.39,3.419999976763E-02));
#313 = CARTESIAN_POINT('',(0.596090379653,0.39,3.539999976777E-02));
#314 = CARTESIAN_POINT('',(0.596121824317,0.39,3.599999969038E-02));
#315 = CARTESIAN_POINT('',(0.596153268988,0.39,3.659999976786E-02));
#316 = CARTESIAN_POINT('',(0.596216158324,0.39,3.779999976801E-02));
#317 = CARTESIAN_POINT('',(0.596247602987,0.39,3.839999969067E-02));
#318 = CARTESIAN_POINT('',(0.596279047659,0.39,3.899999976809E-02));
#319 = CARTESIAN_POINT('',(0.596341936994,0.39,4.019999976824E-02));
#320 = CARTESIAN_POINT('',(0.596373381657,0.39,4.079999969097E-02));
#321 = CARTESIAN_POINT('',(0.596404826329,0.39,4.139999976833E-02));
#322 = CARTESIAN_POINT('',(0.596467715664,0.39,4.259999976848E-02));
#323 = CARTESIAN_POINT('',(0.596499160328,0.39,4.319999969126E-02));
#324 = CARTESIAN_POINT('',(0.596530604999,0.39,4.379999976856E-02));
#325 = CARTESIAN_POINT('',(0.596593494334,0.39,4.499999976871E-02));
#326 = CARTESIAN_POINT('',(0.596624938998,0.39,4.559999969155E-02));
#327 = CARTESIAN_POINT('',(0.59665638367,0.39,4.61999997688E-02));
#328 = CARTESIAN_POINT('',(0.596719273005,0.39,4.739999976894E-02));
#329 = CARTESIAN_POINT('',(0.596750717668,0.39,4.799999969185E-02));
#330 = CARTESIAN_POINT('',(0.59678216234,0.39,4.859999976903E-02));
#331 = CARTESIAN_POINT('',(0.596845051675,0.39,4.979999976918E-02));
#332 = CARTESIAN_POINT('',(0.596876496339,0.39,5.039999969214E-02));
#333 = CARTESIAN_POINT('',(0.59690794101,0.39,5.099999976926E-02));
#334 = CARTESIAN_POINT('',(0.596970830345,0.39,5.219999976941E-02));
#335 = CARTESIAN_POINT('',(0.597002275009,0.39,5.279999969243E-02));
#336 = CARTESIAN_POINT('',(0.59703371968,0.39,5.339999976949E-02));
#337 = CARTESIAN_POINT('',(0.597096609016,0.39,5.459999976964E-02));
#338 = CARTESIAN_POINT('',(0.597128053679,0.39,5.519999969272E-02));
#339 = CARTESIAN_POINT('',(0.597159498351,0.39,5.579999976973E-02));
#340 = CARTESIAN_POINT('',(0.597222387686,0.39,5.699999976987E-02));
#341 = CARTESIAN_POINT('',(0.597253832349,0.39,5.759999969302E-02));
#342 = CARTESIAN_POINT('',(0.597285277021,0.39,5.819999976996E-02));
#343 = CARTESIAN_POINT('',(0.597348166356,0.39,5.939999977011E-02));
#344 = CARTESIAN_POINT('',(0.59737961102,0.39,5.999999969331E-02));
#345 = CARTESIAN_POINT('',(0.597411055691,0.39,6.059999977019E-02));
#346 = CARTESIAN_POINT('',(0.597473945027,0.39,6.179999977034E-02));
#347 = CARTESIAN_POINT('',(0.59750538969,0.39,6.23999996936E-02));
#348 = CARTESIAN_POINT('',(0.597536834362,0.39,6.299999977042E-02));
#349 = CARTESIAN_POINT('',(0.597599723697,0.39,6.419999977057E-02));
#350 = CARTESIAN_POINT('',(0.59763116836,0.39,6.479999969389E-02));
#351 = CARTESIAN_POINT('',(0.597662613032,0.39,6.539999977066E-02));
#352 = CARTESIAN_POINT('',(0.597725502367,0.39,6.65999997708E-02));
#353 = CARTESIAN_POINT('',(0.597756947031,0.39,6.719999969418E-02));
#354 = CARTESIAN_POINT('',(0.597788391702,0.39,6.779999977089E-02));
#355 = CARTESIAN_POINT('',(0.597851281037,0.39,6.899999977103E-02));
#356 = CARTESIAN_POINT('',(0.597882725701,0.39,6.959999969447E-02));
#357 = CARTESIAN_POINT('',(0.597914170373,0.39,7.019999977112E-02));
#358 = CARTESIAN_POINT('',(0.597977059708,0.39,7.139999977126E-02));
#359 = CARTESIAN_POINT('',(0.598008504371,0.39,7.199999969476E-02));
#360 = CARTESIAN_POINT('',(0.598039949043,0.39,7.259999977135E-02));
#361 = CARTESIAN_POINT('',(0.598102838378,0.39,7.379999977149E-02));
#362 = CARTESIAN_POINT('',(0.598134283042,0.39,7.439999969505E-02));
#363 = CARTESIAN_POINT('',(0.598165727713,0.39,7.499999977158E-02));
#364 = CARTESIAN_POINT('',(0.598228617048,0.39,7.619999977173E-02));
#365 = CARTESIAN_POINT('',(0.598260061712,0.39,7.679999969534E-02));
#366 = CARTESIAN_POINT('',(0.598291506383,0.39,7.739999977181E-02));
#367 = CARTESIAN_POINT('',(0.598354395719,0.39,7.859999977196E-02));
#368 = CARTESIAN_POINT('',(0.598385840382,0.39,7.919999969563E-02));
#369 = CARTESIAN_POINT('',(0.598417285054,0.39,7.979999977204E-02));
#370 = CARTESIAN_POINT('',(0.598480174389,0.39,8.099999977219E-02));
#371 = CARTESIAN_POINT('',(0.598511619052,0.39,8.159999969592E-02));
#372 = CARTESIAN_POINT('',(0.598543063724,0.39,8.219999977227E-02));
#373 = CARTESIAN_POINT('',(0.598605953059,0.39,8.339999977242E-02));
#374 = CARTESIAN_POINT('',(0.598637397723,0.39,8.399999969621E-02));
#375 = CARTESIAN_POINT('',(0.598668842394,0.39,8.45999997725E-02));
#376 = CARTESIAN_POINT('',(0.598731731729,0.39,8.579999977265E-02));
#377 = CARTESIAN_POINT('',(0.598763176393,0.39,8.63999996965E-02));
#378 = CARTESIAN_POINT('',(0.598794621065,0.39,8.699999977273E-02));
#379 = CARTESIAN_POINT('',(0.5988575104,0.39,8.819999977288E-02));
#380 = CARTESIAN_POINT('',(0.598888955063,0.39,8.879999969679E-02));
#381 = CARTESIAN_POINT('',(0.598920399735,0.39,8.939999977296E-02));
#382 = CARTESIAN_POINT('',(0.59898328907,0.39,9.059999977311E-02));
#383 = CARTESIAN_POINT('',(0.599014733734,0.39,9.119999969708E-02));
#384 = CARTESIAN_POINT('',(0.599046178405,0.39,9.179999977319E-02));
#385 = CARTESIAN_POINT('',(0.59910906774,0.39,9.299999977334E-02));
#386 = CARTESIAN_POINT('',(0.599140512404,0.39,9.359999969737E-02));
#387 = CARTESIAN_POINT('',(0.599171957075,0.39,9.419999977342E-02));
#388 = CARTESIAN_POINT('',(0.599234846411,0.39,9.539999977356E-02));
#389 = CARTESIAN_POINT('',(0.599266291074,0.39,9.599999969765E-02));
#390 = CARTESIAN_POINT('',(0.599297735746,0.39,9.659999977365E-02));
#391 = CARTESIAN_POINT('',(0.599360625081,0.39,9.779999977379E-02));
#392 = CARTESIAN_POINT('',(0.599392069744,0.39,9.839999969794E-02));
#393 = CARTESIAN_POINT('',(0.599423514416,0.39,9.899999977388E-02));
#394 = CARTESIAN_POINT('',(0.599486403751,0.39,0.100199999774));
#395 = CARTESIAN_POINT('',(0.599517848415,0.39,0.100799999698));
#396 = CARTESIAN_POINT('',(0.599549293086,0.39,0.101399999774));
#397 = CARTESIAN_POINT('',(0.599612182421,0.39,0.102599999774));
#398 = CARTESIAN_POINT('',(0.599643627085,0.39,0.103199999699));
#399 = CARTESIAN_POINT('',(0.599675071757,0.39,0.103799999774));
#400 = CARTESIAN_POINT('',(0.599737961092,0.39,0.104999999774));
#401 = CARTESIAN_POINT('',(0.599769405755,0.39,0.105599999699));
#402 = CARTESIAN_POINT('',(0.599800850427,0.39,0.106199999775));
#403 = CARTESIAN_POINT('',(0.599874221309,0.39,0.107599999598));
#404 = CARTESIAN_POINT('',(0.599916147525,0.39,0.108399999463));
#405 = CARTESIAN_POINT('',(0.599958073755,0.39,0.109199999597));
#406 = CARTESIAN_POINT('',(0.6,0.39,0.11));
#407 = ORIENTED_EDGE('',*,*,#408,.T.);
#408 = EDGE_CURVE('',#303,#276,#409,.T.);
#409 = LINE('',#410,#411);
#410 = CARTESIAN_POINT('',(0.595807377657,0.39,0.11));
#411 = VECTOR('',#412,1.);
#412 = DIRECTION('',(1.,1.110223024625E-16,0.));
#413 = PLANE('',#414);
#414 = AXIS2_PLACEMENT_3D('',#415,#416,#417);
#415 = CARTESIAN_POINT('',(0.595807377657,0.39,0.));
#416 = DIRECTION('',(-1.110223024625E-16,1.,0.));
#417 = DIRECTION('',(0.,0.,1.));
#418 = ADVANCED_FACE('',(#419),#540,.T.);
#419 = FACE_BOUND('',#420,.T.);
#420 = EDGE_LOOP('',(#421,#431,#439,#445,#446,#454,#462,#470,#478,#486,
    #494,#502,#510,#518,#526,#534));
#421 = ORIENTED_EDGE('',*,*,#422,.F.);
#422 = EDGE_CURVE('',#423,#425,#427,.T.);
#423 = VERTEX_POINT('',#424);
#424 = CARTESIAN_POINT('',(-0.595807377657,0.795807377657,3.E-02));
#425 = VERTEX_POINT('',#426);
#426 = CARTESIAN_POINT('',(-0.595807377657,0.61,3.E-02));
#427 = LINE('',#428,#429);
#428 = CARTESIAN_POINT('',(-0.595807377657,0.795807377657,3.E-02));
#429 = VECTOR('',#430,1.);
#430 = DIRECTION('',(2.22044604925E-16,-1.,0.));
#431 = ORIENTED_EDGE('',*,*,#432,.F.);
#432 = EDGE_CURVE('',#433,#423,#435,.T.);
#433 = VERTEX_POINT('',#434);
#434 = CARTESIAN_POINT('',(0.595807377657,0.795807377657,3.E-02));
#435 = LINE('',#436,#437);
#436 = CARTESIAN_POINT('',(0.595807377657,0.795807377657,3.E-02));
#437 = VECTOR('',#438,1.);
#438 = DIRECTION('',(-1.,-2.22044604925E-16,0.));
#439 = ORIENTED_EDGE('',*,*,#440,.F.);
#440 = EDGE_CURVE('',#124,#433,#441,.T.);
#441 = LINE('',#442,#443);
#442 = CARTESIAN_POINT('',(0.595807377657,-0.795807377657,3.E-02));
#443 = VECTOR('',#444,1.);
#444 = DIRECTION('',(-2.22044604925E-16,1.,0.));
#445 = ORIENTED_EDGE('',*,*,#131,.F.);
#446 = ORIENTED_EDGE('',*,*,#447,.F.);
#447 = EDGE_CURVE('',#448,#115,#450,.T.);
#448 = VERTEX_POINT('',#449);
#449 = CARTESIAN_POINT('',(0.595807377657,0.11,3.E-02));
#450 = LINE('',#451,#452);
#451 = CARTESIAN_POINT('',(0.595807377657,-0.795807377657,3.E-02));
#452 = VECTOR('',#453,1.);
#453 = DIRECTION('',(-2.22044604925E-16,1.,0.));
#454 = ORIENTED_EDGE('',*,*,#455,.F.);
#455 = EDGE_CURVE('',#456,#448,#458,.T.);
#456 = VERTEX_POINT('',#457);
#457 = CARTESIAN_POINT('',(0.595807377657,-0.11,3.E-02));
#458 = LINE('',#459,#460);
#459 = CARTESIAN_POINT('',(0.595807377657,-0.795807377657,3.E-02));
#460 = VECTOR('',#461,1.);
#461 = DIRECTION('',(-2.22044604925E-16,1.,0.));
#462 = ORIENTED_EDGE('',*,*,#463,.F.);
#463 = EDGE_CURVE('',#464,#456,#466,.T.);
#464 = VERTEX_POINT('',#465);
#465 = CARTESIAN_POINT('',(0.595807377657,-0.39,3.E-02));
#466 = LINE('',#467,#468);
#467 = CARTESIAN_POINT('',(0.595807377657,-0.795807377657,3.E-02));
#468 = VECTOR('',#469,1.);
#469 = DIRECTION('',(-2.22044604925E-16,1.,0.));
#470 = ORIENTED_EDGE('',*,*,#471,.F.);
#471 = EDGE_CURVE('',#472,#464,#474,.T.);
#472 = VERTEX_POINT('',#473);
#473 = CARTESIAN_POINT('',(0.595807377657,-0.61,3.E-02));
#474 = LINE('',#475,#476);
#475 = CARTESIAN_POINT('',(0.595807377657,-0.795807377657,3.E-02));
#476 = VECTOR('',#477,1.);
#477 = DIRECTION('',(-2.22044604925E-16,1.,0.));
#478 = ORIENTED_EDGE('',*,*,#479,.F.);
#479 = EDGE_CURVE('',#480,#472,#482,.T.);
#480 = VERTEX_POINT('',#481);
#481 = CARTESIAN_POINT('',(0.595807377657,-0.795807377657,3.E-02));
#482 = LINE('',#483,#484);
#483 = CARTESIAN_POINT('',(0.595807377657,-0.795807377657,3.E-02));
#484 = VECTOR('',#485,1.);
#485 = DIRECTION('',(-2.22044604925E-16,1.,0.));
#486 = ORIENTED_EDGE('',*,*,#487,.F.);
#487 = EDGE_CURVE('',#488,#480,#490,.T.);
#488 = VERTEX_POINT('',#489);
#489 = CARTESIAN_POINT('',(-0.595807377657,-0.795807377657,3.E-02));
#490 = LINE('',#491,#492);
#491 = CARTESIAN_POINT('',(-0.595807377657,-0.795807377657,3.E-02));
#492 = VECTOR('',#493,1.);
#493 = DIRECTION('',(1.,2.22044604925E-16,0.));
#494 = ORIENTED_EDGE('',*,*,#495,.F.);
#495 = EDGE_CURVE('',#496,#488,#498,.T.);
#496 = VERTEX_POINT('',#497);
#497 = CARTESIAN_POINT('',(-0.595807377657,-0.61,3.E-02));
#498 = LINE('',#499,#500);
#499 = CARTESIAN_POINT('',(-0.595807377657,0.795807377657,3.E-02));
#500 = VECTOR('',#501,1.);
#501 = DIRECTION('',(2.22044604925E-16,-1.,0.));
#502 = ORIENTED_EDGE('',*,*,#503,.F.);
#503 = EDGE_CURVE('',#504,#496,#506,.T.);
#504 = VERTEX_POINT('',#505);
#505 = CARTESIAN_POINT('',(-0.595807377657,-0.39,3.E-02));
#506 = LINE('',#507,#508);
#507 = CARTESIAN_POINT('',(-0.595807377657,0.795807377657,3.E-02));
#508 = VECTOR('',#509,1.);
#509 = DIRECTION('',(2.22044604925E-16,-1.,0.));
#510 = ORIENTED_EDGE('',*,*,#511,.F.);
#511 = EDGE_CURVE('',#512,#504,#514,.T.);
#512 = VERTEX_POINT('',#513);
#513 = CARTESIAN_POINT('',(-0.595807377657,-0.11,3.E-02));
#514 = LINE('',#515,#516);
#515 = CARTESIAN_POINT('',(-0.595807377657,0.795807377657,3.E-02));
#516 = VECTOR('',#517,1.);
#517 = DIRECTION('',(2.22044604925E-16,-1.,0.));
#518 = ORIENTED_EDGE('',*,*,#519,.F.);
#519 = EDGE_CURVE('',#520,#512,#522,.T.);
#520 = VERTEX_POINT('',#521);
#521 = CARTESIAN_POINT('',(-0.595807377657,0.11,3.E-02));
#522 = LINE('',#523,#524);
#523 = CARTESIAN_POINT('',(-0.595807377657,0.795807377657,3.E-02));
#524 = VECTOR('',#525,1.);
#525 = DIRECTION('',(2.22044604925E-16,-1.,0.));
#526 = ORIENTED_EDGE('',*,*,#527,.F.);
#527 = EDGE_CURVE('',#528,#520,#530,.T.);
#528 = VERTEX_POINT('',#529);
#529 = CARTESIAN_POINT('',(-0.595807377657,0.39,3.E-02));
#530 = LINE('',#531,#532);
#531 = CARTESIAN_POINT('',(-0.595807377657,0.795807377657,3.E-02));
#532 = VECTOR('',#533,1.);
#533 = DIRECTION('',(2.22044604925E-16,-1.,0.));
#534 = ORIENTED_EDGE('',*,*,#535,.F.);
#535 = EDGE_CURVE('',#425,#528,#536,.T.);
#536 = LINE('',#537,#538);
#537 = CARTESIAN_POINT('',(-0.595807377657,0.795807377657,3.E-02));
#538 = VECTOR('',#539,1.);
#539 = DIRECTION('',(2.22044604925E-16,-1.,0.));
#540 = PLANE('',#541);
#541 = AXIS2_PLACEMENT_3D('',#542,#543,#544);
#542 = CARTESIAN_POINT('',(-0.595807377657,0.795807377657,3.E-02));
#543 = DIRECTION('',(0.,0.,-1.));
#544 = DIRECTION('',(0.599325006491,-0.800505800475,0.));
#545 = ADVANCED_FACE('',(#546),#557,.T.);
#546 = FACE_BOUND('',#547,.T.);
#547 = EDGE_LOOP('',(#548,#554,#555,#556));
#548 = ORIENTED_EDGE('',*,*,#549,.F.);
#549 = EDGE_CURVE('',#303,#156,#550,.T.);
#550 = LINE('',#551,#552);
#551 = CARTESIAN_POINT('',(0.6,-0.8,0.11));
#552 = VECTOR('',#553,1.);
#553 = DIRECTION('',(-2.22044604925E-16,1.,0.));
#554 = ORIENTED_EDGE('',*,*,#408,.T.);
#555 = ORIENTED_EDGE('',*,*,#285,.T.);
#556 = ORIENTED_EDGE('',*,*,#261,.F.);
#557 = PLANE('',#558);
#558 = AXIS2_PLACEMENT_3D('',#559,#560,#561);
#559 = CARTESIAN_POINT('',(0.595807377657,0.39,0.11));
#560 = DIRECTION('',(0.,0.,1.));
#561 = DIRECTION('',(1.,1.110223024625E-16,-0.));
#562 = ADVANCED_FACE('',(#563),#580,.T.);
#563 = FACE_BOUND('',#564,.T.);
#564 = EDGE_LOOP('',(#565,#566,#567,#574));
#565 = ORIENTED_EDGE('',*,*,#155,.F.);
#566 = ORIENTED_EDGE('',*,*,#440,.T.);
#567 = ORIENTED_EDGE('',*,*,#568,.T.);
#568 = EDGE_CURVE('',#433,#569,#571,.T.);
#569 = VERTEX_POINT('',#570);
#570 = CARTESIAN_POINT('',(0.6,0.8,0.11));
#571 = B_SPLINE_CURVE_WITH_KNOTS('',1,(#572,#573),.UNSPECIFIED.,.F.,.F.,
  (2,2),(0.,1.),.PIECEWISE_BEZIER_KNOTS.);
#572 = CARTESIAN_POINT('',(0.595807377657,0.795807377657,3.E-02));
#573 = CARTESIAN_POINT('',(0.6,0.8,0.11));
#574 = ORIENTED_EDGE('',*,*,#575,.F.);
#575 = EDGE_CURVE('',#156,#569,#576,.T.);
#576 = LINE('',#577,#578);
#577 = CARTESIAN_POINT('',(0.6,-0.8,0.11));
#578 = VECTOR('',#579,1.);
#579 = DIRECTION('',(-2.22044604925E-16,1.,0.));
#580 = B_SPLINE_SURFACE_WITH_KNOTS('',1,1,(
    (#581,#582)
    ,(#583,#584
  )),.UNSPECIFIED.,.F.,.F.,.F.,(2,2),(2,2),(0.,1.6),(0.,1.),
  .PIECEWISE_BEZIER_KNOTS.);
#581 = CARTESIAN_POINT('',(0.595807377657,-0.795807377657,3.E-02));
#582 = CARTESIAN_POINT('',(0.6,-0.8,0.11));
#583 = CARTESIAN_POINT('',(0.595807377657,0.795807377657,3.E-02));
#584 = CARTESIAN_POINT('',(0.6,0.8,0.11));
#585 = ADVANCED_FACE('',(#586),#702,.T.);
#586 = FACE_BOUND('',#587,.T.);
#587 = EDGE_LOOP('',(#588,#694,#695,#696));
#588 = ORIENTED_EDGE('',*,*,#589,.F.);
#589 = EDGE_CURVE('',#448,#590,#592,.T.);
#590 = VERTEX_POINT('',#591);
#591 = CARTESIAN_POINT('',(0.6,0.11,0.11));
#592 = B_SPLINE_CURVE_WITH_KNOTS('',4,(#593,#594,#595,#596,#597,#598,
    #599,#600,#601,#602,#603,#604,#605,#606,#607,#608,#609,#610,#611,
    #612,#613,#614,#615,#616,#617,#618,#619,#620,#621,#622,#623,#624,
    #625,#626,#627,#628,#629,#630,#631,#632,#633,#634,#635,#636,#637,
    #638,#639,#640,#641,#642,#643,#644,#645,#646,#647,#648,#649,#650,
    #651,#652,#653,#654,#655,#656,#657,#658,#659,#660,#661,#662,#663,
    #664,#665,#666,#667,#668,#669,#670,#671,#672,#673,#674,#675,#676,
    #677,#678,#679,#680,#681,#682,#683,#684,#685,#686,#687,#688,#689,
    #690,#691,#692,#693),.UNSPECIFIED.,.F.,.F.,(5,3,3,3,3,3,3,3,3,3,3,3,
    3,3,3,3,3,3,3,3,3,3,3,3,3,3,3,3,3,3,3,3,3,5),(0.,3.000003027794E-02,
    6.000005866755E-02,9.000008517035E-02,0.120000109788,0.150000132521,
    0.180000153373,0.210000172343,0.240000189434,0.270000204647,
    0.300000217984,0.330000229446,0.360000239034,0.39000024675,
    0.420000252596,0.450000256573,0.480000258682,0.510000258925,
    0.540000257303,0.570000253818,0.600000248472,0.630000241265,
    0.660000232199,0.690000221276,0.720000208498,0.750000193864,
    0.780000177378,0.810000159041,0.840000138853,0.870000116817,
    0.900000092934,0.930000067205,0.960000039632,1.),.UNSPECIFIED.);
#593 = CARTESIAN_POINT('',(0.595807377657,0.11,3.E-02));
#594 = CARTESIAN_POINT('',(0.595838822324,0.11,3.059999998111E-02));
#595 = CARTESIAN_POINT('',(0.595870266991,0.11,3.119999997481E-02));
#596 = CARTESIAN_POINT('',(0.595901711659,0.11,3.179999998111E-02));
#597 = CARTESIAN_POINT('',(0.595964600994,0.11,3.299999998113E-02));
#598 = CARTESIAN_POINT('',(0.595996045661,0.11,3.359999997484E-02));
#599 = CARTESIAN_POINT('',(0.596027490329,0.11,3.419999998113E-02));
#600 = CARTESIAN_POINT('',(0.596090379664,0.11,3.539999998115E-02));
#601 = CARTESIAN_POINT('',(0.596121824332,0.11,3.599999997486E-02));
#602 = CARTESIAN_POINT('',(0.596153269,0.11,3.659999998115E-02));
#603 = CARTESIAN_POINT('',(0.596216158335,0.11,3.779999998117E-02));
#604 = CARTESIAN_POINT('',(0.596247603002,0.11,3.839999997489E-02));
#605 = CARTESIAN_POINT('',(0.59627904767,0.11,3.899999998117E-02));
#606 = CARTESIAN_POINT('',(0.596341937005,0.11,4.019999998118E-02));
#607 = CARTESIAN_POINT('',(0.596373381672,0.11,4.079999997491E-02));
#608 = CARTESIAN_POINT('',(0.59640482634,0.11,4.139999998119E-02));
#609 = CARTESIAN_POINT('',(0.596467715675,0.11,4.25999999812E-02));
#610 = CARTESIAN_POINT('',(0.596499160343,0.11,4.319999997494E-02));
#611 = CARTESIAN_POINT('',(0.59653060501,0.11,4.379999998121E-02));
#612 = CARTESIAN_POINT('',(0.596593494346,0.11,4.499999998122E-02));
#613 = CARTESIAN_POINT('',(0.596624939013,0.11,4.559999997496E-02));
#614 = CARTESIAN_POINT('',(0.596656383681,0.11,4.619999998123E-02));
#615 = CARTESIAN_POINT('',(0.596719273016,0.11,4.739999998124E-02));
#616 = CARTESIAN_POINT('',(0.596750717683,0.11,4.799999997498E-02));
#617 = CARTESIAN_POINT('',(0.596782162351,0.11,4.859999998125E-02));
#618 = CARTESIAN_POINT('',(0.596845051686,0.11,4.979999998126E-02));
#619 = CARTESIAN_POINT('',(0.596876496353,0.11,5.039999997501E-02));
#620 = CARTESIAN_POINT('',(0.596907941021,0.11,5.099999998127E-02));
#621 = CARTESIAN_POINT('',(0.596970830356,0.11,5.219999998128E-02));
#622 = CARTESIAN_POINT('',(0.597002275024,0.11,5.279999997503E-02));
#623 = CARTESIAN_POINT('',(0.597033719692,0.11,5.339999998129E-02));
#624 = CARTESIAN_POINT('',(0.597096609027,0.11,5.45999999813E-02));
#625 = CARTESIAN_POINT('',(0.597128053694,0.11,5.519999997506E-02));
#626 = CARTESIAN_POINT('',(0.597159498362,0.11,5.579999998131E-02));
#627 = CARTESIAN_POINT('',(0.597222387697,0.11,5.699999998132E-02));
#628 = CARTESIAN_POINT('',(0.597253832364,0.11,5.759999997508E-02));
#629 = CARTESIAN_POINT('',(0.597285277032,0.11,5.819999998133E-02));
#630 = CARTESIAN_POINT('',(0.597348166367,0.11,5.939999998134E-02));
#631 = CARTESIAN_POINT('',(0.597379611035,0.11,5.99999999751E-02));
#632 = CARTESIAN_POINT('',(0.597411055702,0.11,6.059999998134E-02));
#633 = CARTESIAN_POINT('',(0.597473945038,0.11,6.179999998136E-02));
#634 = CARTESIAN_POINT('',(0.597505389705,0.11,6.239999997513E-02));
#635 = CARTESIAN_POINT('',(0.597536834373,0.11,6.299999998136E-02));
#636 = CARTESIAN_POINT('',(0.597599723708,0.11,6.419999998138E-02));
#637 = CARTESIAN_POINT('',(0.597631168375,0.11,6.479999997515E-02));
#638 = CARTESIAN_POINT('',(0.597662613043,0.11,6.539999998138E-02));
#639 = CARTESIAN_POINT('',(0.597725502378,0.11,6.659999998139E-02));
#640 = CARTESIAN_POINT('',(0.597756947045,0.11,6.719999997518E-02));
#641 = CARTESIAN_POINT('',(0.597788391713,0.11,6.77999999814E-02));
#642 = CARTESIAN_POINT('',(0.597851281048,0.11,6.899999998141E-02));
#643 = CARTESIAN_POINT('',(0.597882725716,0.11,6.95999999752E-02));
#644 = CARTESIAN_POINT('',(0.597914170384,0.11,7.019999998142E-02));
#645 = CARTESIAN_POINT('',(0.597977059719,0.11,7.139999998143E-02));
#646 = CARTESIAN_POINT('',(0.598008504386,0.11,7.199999997522E-02));
#647 = CARTESIAN_POINT('',(0.598039949054,0.11,7.259999998144E-02));
#648 = CARTESIAN_POINT('',(0.598102838389,0.11,7.379999998145E-02));
#649 = CARTESIAN_POINT('',(0.598134283056,0.11,7.439999997525E-02));
#650 = CARTESIAN_POINT('',(0.598165727724,0.11,7.499999998146E-02));
#651 = CARTESIAN_POINT('',(0.598228617059,0.11,7.619999998147E-02));
#652 = CARTESIAN_POINT('',(0.598260061727,0.11,7.679999997527E-02));
#653 = CARTESIAN_POINT('',(0.598291506394,0.11,7.739999998148E-02));
#654 = CARTESIAN_POINT('',(0.59835439573,0.11,7.859999998149E-02));
#655 = CARTESIAN_POINT('',(0.598385840397,0.11,7.919999997529E-02));
#656 = CARTESIAN_POINT('',(0.598417285065,0.11,7.97999999815E-02));
#657 = CARTESIAN_POINT('',(0.5984801744,0.11,8.099999998151E-02));
#658 = CARTESIAN_POINT('',(0.598511619067,0.11,8.159999997532E-02));
#659 = CARTESIAN_POINT('',(0.598543063735,0.11,8.219999998151E-02));
#660 = CARTESIAN_POINT('',(0.59860595307,0.11,8.339999998153E-02));
#661 = CARTESIAN_POINT('',(0.598637397737,0.11,8.399999997534E-02));
#662 = CARTESIAN_POINT('',(0.598668842405,0.11,8.459999998153E-02));
#663 = CARTESIAN_POINT('',(0.59873173174,0.11,8.579999998155E-02));
#664 = CARTESIAN_POINT('',(0.598763176408,0.11,8.639999997537E-02));
#665 = CARTESIAN_POINT('',(0.598794621076,0.11,8.699999998155E-02));
#666 = CARTESIAN_POINT('',(0.598857510411,0.11,8.819999998156E-02));
#667 = CARTESIAN_POINT('',(0.598888955078,0.11,8.879999997539E-02));
#668 = CARTESIAN_POINT('',(0.598920399746,0.11,8.939999998157E-02));
#669 = CARTESIAN_POINT('',(0.598983289081,0.11,9.059999998158E-02));
#670 = CARTESIAN_POINT('',(0.599014733748,0.11,9.119999997541E-02));
#671 = CARTESIAN_POINT('',(0.599046178416,0.11,9.179999998159E-02));
#672 = CARTESIAN_POINT('',(0.599109067751,0.11,9.29999999816E-02));
#673 = CARTESIAN_POINT('',(0.599140512418,0.11,9.359999997544E-02));
#674 = CARTESIAN_POINT('',(0.599171957086,0.11,9.419999998161E-02));
#675 = CARTESIAN_POINT('',(0.599234846422,0.11,9.539999998162E-02));
#676 = CARTESIAN_POINT('',(0.599266291089,0.11,9.599999997546E-02));
#677 = CARTESIAN_POINT('',(0.599297735757,0.11,9.659999998163E-02));
#678 = CARTESIAN_POINT('',(0.599360625092,0.11,9.779999998164E-02));
#679 = CARTESIAN_POINT('',(0.599392069759,0.11,9.839999997548E-02));
#680 = CARTESIAN_POINT('',(0.599423514427,0.11,9.899999998165E-02));
#681 = CARTESIAN_POINT('',(0.599486403762,0.11,0.100199999982));
#682 = CARTESIAN_POINT('',(0.599517848429,0.11,0.100799999976));
#683 = CARTESIAN_POINT('',(0.599549293097,0.11,0.101399999982));
#684 = CARTESIAN_POINT('',(0.599612182432,0.11,0.102599999982));
#685 = CARTESIAN_POINT('',(0.5996436271,0.11,0.103199999976));
#686 = CARTESIAN_POINT('',(0.599675071767,0.11,0.103799999982));
#687 = CARTESIAN_POINT('',(0.599737961103,0.11,0.104999999982));
#688 = CARTESIAN_POINT('',(0.59976940577,0.11,0.105599999976));
#689 = CARTESIAN_POINT('',(0.599800850438,0.11,0.106199999982));
#690 = CARTESIAN_POINT('',(0.599874221328,0.11,0.107599999967));
#691 = CARTESIAN_POINT('',(0.599916147551,0.11,0.108399999956));
#692 = CARTESIAN_POINT('',(0.599958073775,0.11,0.109199999967));
#693 = CARTESIAN_POINT('',(0.6,0.11,0.11));
#694 = ORIENTED_EDGE('',*,*,#447,.T.);
#695 = ORIENTED_EDGE('',*,*,#302,.T.);
#696 = ORIENTED_EDGE('',*,*,#697,.F.);
#697 = EDGE_CURVE('',#590,#303,#698,.T.);
#698 = LINE('',#699,#700);
#699 = CARTESIAN_POINT('',(0.6,-0.8,0.11));
#700 = VECTOR('',#701,1.);
#701 = DIRECTION('',(-2.22044604925E-16,1.,0.));
#702 = B_SPLINE_SURFACE_WITH_KNOTS('',1,1,(
    (#703,#704)
    ,(#705,#706
  )),.UNSPECIFIED.,.F.,.F.,.F.,(2,2),(2,2),(0.,1.6),(0.,1.),
  .PIECEWISE_BEZIER_KNOTS.);
#703 = CARTESIAN_POINT('',(0.595807377657,-0.795807377657,3.E-02));
#704 = CARTESIAN_POINT('',(0.6,-0.8,0.11));
#705 = CARTESIAN_POINT('',(0.595807377657,0.795807377657,3.E-02));
#706 = CARTESIAN_POINT('',(0.6,0.8,0.11));
#707 = ADVANCED_FACE('',(#708),#830,.T.);
#708 = FACE_BOUND('',#709,.T.);
#709 = EDGE_LOOP('',(#710,#717,#718,#824));
#710 = ORIENTED_EDGE('',*,*,#711,.F.);
#711 = EDGE_CURVE('',#423,#712,#714,.T.);
#712 = VERTEX_POINT('',#713);
#713 = CARTESIAN_POINT('',(-0.6,0.8,0.11));
#714 = B_SPLINE_CURVE_WITH_KNOTS('',1,(#715,#716),.UNSPECIFIED.,.F.,.F.,
  (2,2),(0.,1.),.PIECEWISE_BEZIER_KNOTS.);
#715 = CARTESIAN_POINT('',(-0.595807377657,0.795807377657,3.E-02));
#716 = CARTESIAN_POINT('',(-0.6,0.8,0.11));
#717 = ORIENTED_EDGE('',*,*,#422,.T.);
#718 = ORIENTED_EDGE('',*,*,#719,.T.);
#719 = EDGE_CURVE('',#425,#720,#722,.T.);
#720 = VERTEX_POINT('',#721);
#721 = CARTESIAN_POINT('',(-0.6,0.61,0.11));
#722 = B_SPLINE_CURVE_WITH_KNOTS('',4,(#723,#724,#725,#726,#727,#728,
    #729,#730,#731,#732,#733,#734,#735,#736,#737,#738,#739,#740,#741,
    #742,#743,#744,#745,#746,#747,#748,#749,#750,#751,#752,#753,#754,
    #755,#756,#757,#758,#759,#760,#761,#762,#763,#764,#765,#766,#767,
    #768,#769,#770,#771,#772,#773,#774,#775,#776,#777,#778,#779,#780,
    #781,#782,#783,#784,#785,#786,#787,#788,#789,#790,#791,#792,#793,
    #794,#795,#796,#797,#798,#799,#800,#801,#802,#803,#804,#805,#806,
    #807,#808,#809,#810,#811,#812,#813,#814,#815,#816,#817,#818,#819,
    #820,#821,#822,#823),.UNSPECIFIED.,.F.,.F.,(5,3,3,3,3,3,3,3,3,3,3,3,
    3,3,3,3,3,3,3,3,3,3,3,3,3,3,3,3,3,3,3,3,3,5),(0.,3.000088527395E-02,
    6.000171535364E-02,9.000249028103E-02,0.120003210098,0.150003874847,
    0.180004484568,0.210005039305,0.240005539099,0.270005983991,
    0.300006374024,0.330006709239,0.360006989677,0.39000721538,
    0.42000738639,0.450007502748,0.480007564495,0.510007571673,
    0.540007524324,0.570007422489,0.600007266208,0.630007055524,
    0.660006790478,0.69000647111,0.720006097462,0.750005669575,
    0.780005187491,0.810004651249,0.840004060892,0.87000341646,
    0.900002717994,0.930001965535,0.960001159124,1.),.UNSPECIFIED.);
#723 = CARTESIAN_POINT('',(-0.595807377657,0.61,3.E-02));
#724 = CARTESIAN_POINT('',(-0.595838822296,0.61,3.059999944783E-02));
#725 = CARTESIAN_POINT('',(-0.595870266954,0.61,3.119999926388E-02));
#726 = CARTESIAN_POINT('',(-0.595901711631,0.61,3.179999944803E-02));
#727 = CARTESIAN_POINT('',(-0.595964600966,0.61,3.299999944838E-02));
#728 = CARTESIAN_POINT('',(-0.595996045624,0.61,3.359999926458E-02));
#729 = CARTESIAN_POINT('',(-0.596027490301,0.61,3.419999944858E-02));
#730 = CARTESIAN_POINT('',(-0.596090379637,0.61,3.539999944893E-02));
#731 = CARTESIAN_POINT('',(-0.596121824295,0.61,3.599999926526E-02));
#732 = CARTESIAN_POINT('',(-0.596153268972,0.61,3.659999944913E-02));
#733 = CARTESIAN_POINT('',(-0.596216158307,0.61,3.779999944948E-02));
#734 = CARTESIAN_POINT('',(-0.596247602965,0.61,3.839999926595E-02));
#735 = CARTESIAN_POINT('',(-0.596279047642,0.61,3.899999944968E-02));
#736 = CARTESIAN_POINT('',(-0.596341936977,0.61,4.019999945003E-02));
#737 = CARTESIAN_POINT('',(-0.596373381635,0.61,4.079999926664E-02));
#738 = CARTESIAN_POINT('',(-0.596404826312,0.61,4.139999945023E-02));
#739 = CARTESIAN_POINT('',(-0.596467715648,0.61,4.259999945058E-02));
#740 = CARTESIAN_POINT('',(-0.596499160305,0.61,4.319999926733E-02));
#741 = CARTESIAN_POINT('',(-0.596530604983,0.61,4.379999945078E-02));
#742 = CARTESIAN_POINT('',(-0.596593494318,0.61,4.499999945112E-02));
#743 = CARTESIAN_POINT('',(-0.596624938976,0.61,4.559999926801E-02));
#744 = CARTESIAN_POINT('',(-0.596656383653,0.61,4.619999945133E-02));
#745 = CARTESIAN_POINT('',(-0.596719272988,0.61,4.739999945167E-02));
#746 = CARTESIAN_POINT('',(-0.596750717646,0.61,4.79999992687E-02));
#747 = CARTESIAN_POINT('',(-0.596782162323,0.61,4.859999945188E-02));
#748 = CARTESIAN_POINT('',(-0.596845051658,0.61,4.979999945222E-02));
#749 = CARTESIAN_POINT('',(-0.596876496316,0.61,5.039999926939E-02));
#750 = CARTESIAN_POINT('',(-0.596907940994,0.61,5.099999945242E-02));
#751 = CARTESIAN_POINT('',(-0.596970830329,0.61,5.219999945277E-02));
#752 = CARTESIAN_POINT('',(-0.597002274987,0.61,5.279999927007E-02));
#753 = CARTESIAN_POINT('',(-0.597033719664,0.61,5.339999945297E-02));
#754 = CARTESIAN_POINT('',(-0.597096608999,0.61,5.459999945331E-02));
#755 = CARTESIAN_POINT('',(-0.597128053657,0.61,5.519999927076E-02));
#756 = CARTESIAN_POINT('',(-0.597159498334,0.61,5.579999945351E-02));
#757 = CARTESIAN_POINT('',(-0.597222387669,0.61,5.699999945386E-02));
#758 = CARTESIAN_POINT('',(-0.597253832327,0.61,5.759999927144E-02));
#759 = CARTESIAN_POINT('',(-0.597285277005,0.61,5.819999945406E-02));
#760 = CARTESIAN_POINT('',(-0.59734816634,0.61,5.93999994544E-02));
#761 = CARTESIAN_POINT('',(-0.597379610998,0.61,5.999999927213E-02));
#762 = CARTESIAN_POINT('',(-0.597411055675,0.61,6.059999945461E-02));
#763 = CARTESIAN_POINT('',(-0.59747394501,0.61,6.179999945495E-02));
#764 = CARTESIAN_POINT('',(-0.597505389668,0.61,6.239999927281E-02));
#765 = CARTESIAN_POINT('',(-0.597536834345,0.61,6.299999945515E-02));
#766 = CARTESIAN_POINT('',(-0.59759972368,0.61,6.419999945549E-02));
#767 = CARTESIAN_POINT('',(-0.597631168338,0.61,6.479999927349E-02));
#768 = CARTESIAN_POINT('',(-0.597662613015,0.61,6.539999945569E-02));
#769 = CARTESIAN_POINT('',(-0.597725502351,0.61,6.659999945604E-02));
#770 = CARTESIAN_POINT('',(-0.597756947009,0.61,6.719999927417E-02));
#771 = CARTESIAN_POINT('',(-0.597788391686,0.61,6.779999945624E-02));
#772 = CARTESIAN_POINT('',(-0.597851281021,0.61,6.899999945658E-02));
#773 = CARTESIAN_POINT('',(-0.597882725679,0.61,6.959999927485E-02));
#774 = CARTESIAN_POINT('',(-0.597914170356,0.61,7.019999945678E-02));
#775 = CARTESIAN_POINT('',(-0.597977059691,0.61,7.139999945712E-02));
#776 = CARTESIAN_POINT('',(-0.598008504349,0.61,7.199999927553E-02));
#777 = CARTESIAN_POINT('',(-0.598039949026,0.61,7.259999945732E-02));
#778 = CARTESIAN_POINT('',(-0.598102838362,0.61,7.379999945766E-02));
#779 = CARTESIAN_POINT('',(-0.59813428302,0.61,7.439999927621E-02));
#780 = CARTESIAN_POINT('',(-0.598165727697,0.61,7.499999945787E-02));
#781 = CARTESIAN_POINT('',(-0.598228617032,0.61,7.619999945821E-02));
#782 = CARTESIAN_POINT('',(-0.59826006169,0.61,7.679999927689E-02));
#783 = CARTESIAN_POINT('',(-0.598291506367,0.61,7.739999945841E-02));
#784 = CARTESIAN_POINT('',(-0.598354395702,0.61,7.859999945875E-02));
#785 = CARTESIAN_POINT('',(-0.59838584036,0.61,7.919999927757E-02));
#786 = CARTESIAN_POINT('',(-0.598417285037,0.61,7.979999945895E-02));
#787 = CARTESIAN_POINT('',(-0.598480174372,0.61,8.099999945929E-02));
#788 = CARTESIAN_POINT('',(-0.598511619031,0.61,8.159999927825E-02));
#789 = CARTESIAN_POINT('',(-0.598543063708,0.61,8.219999945949E-02));
#790 = CARTESIAN_POINT('',(-0.598605953043,0.61,8.339999945983E-02));
#791 = CARTESIAN_POINT('',(-0.598637397701,0.61,8.399999927893E-02));
#792 = CARTESIAN_POINT('',(-0.598668842378,0.61,8.459999946003E-02));
#793 = CARTESIAN_POINT('',(-0.598731731713,0.61,8.579999946037E-02));
#794 = CARTESIAN_POINT('',(-0.598763176371,0.61,8.63999992796E-02));
#795 = CARTESIAN_POINT('',(-0.598794621048,0.61,8.699999946057E-02));
#796 = CARTESIAN_POINT('',(-0.598857510383,0.61,8.819999946091E-02));
#797 = CARTESIAN_POINT('',(-0.598888955041,0.61,8.879999928028E-02));
#798 = CARTESIAN_POINT('',(-0.598920399719,0.61,8.939999946111E-02));
#799 = CARTESIAN_POINT('',(-0.598983289054,0.61,9.059999946145E-02));
#800 = CARTESIAN_POINT('',(-0.599014733712,0.61,9.119999928096E-02));
#801 = CARTESIAN_POINT('',(-0.599046178389,0.61,9.179999946165E-02));
#802 = CARTESIAN_POINT('',(-0.599109067724,0.61,9.299999946199E-02));
#803 = CARTESIAN_POINT('',(-0.599140512382,0.61,9.359999928163E-02));
#804 = CARTESIAN_POINT('',(-0.599171957059,0.61,9.419999946219E-02));
#805 = CARTESIAN_POINT('',(-0.599234846394,0.61,9.539999946253E-02));
#806 = CARTESIAN_POINT('',(-0.599266291052,0.61,9.599999928231E-02));
#807 = CARTESIAN_POINT('',(-0.599297735729,0.61,9.659999946273E-02));
#808 = CARTESIAN_POINT('',(-0.599360625065,0.61,9.779999946306E-02));
#809 = CARTESIAN_POINT('',(-0.599392069723,0.61,9.839999928298E-02));
#810 = CARTESIAN_POINT('',(-0.5994235144,0.61,9.899999946326E-02));
#811 = CARTESIAN_POINT('',(-0.599486403735,0.61,0.100199999464));
#812 = CARTESIAN_POINT('',(-0.599517848393,0.61,0.100799999284));
#813 = CARTESIAN_POINT('',(-0.59954929307,0.61,0.101399999464));
#814 = CARTESIAN_POINT('',(-0.599612182405,0.61,0.102599999464));
#815 = CARTESIAN_POINT('',(-0.599643627063,0.61,0.103199999284));
#816 = CARTESIAN_POINT('',(-0.59967507174,0.61,0.103799999464));
#817 = CARTESIAN_POINT('',(-0.599737961076,0.61,0.104999999465));
#818 = CARTESIAN_POINT('',(-0.599769405734,0.61,0.105599999285));
#819 = CARTESIAN_POINT('',(-0.599800850411,0.61,0.106199999465));
#820 = CARTESIAN_POINT('',(-0.59987422128,0.61,0.107599999045));
#821 = CARTESIAN_POINT('',(-0.599916147486,0.61,0.108399998725));
#822 = CARTESIAN_POINT('',(-0.599958073726,0.61,0.109199999043));
#823 = CARTESIAN_POINT('',(-0.6,0.61,0.11));
#824 = ORIENTED_EDGE('',*,*,#825,.F.);
#825 = EDGE_CURVE('',#712,#720,#826,.T.);
#826 = LINE('',#827,#828);
#827 = CARTESIAN_POINT('',(-0.6,0.8,0.11));
#828 = VECTOR('',#829,1.);
#829 = DIRECTION('',(2.22044604925E-16,-1.,0.));
#830 = B_SPLINE_SURFACE_WITH_KNOTS('',1,1,(
    (#831,#832)
    ,(#833,#834
  )),.UNSPECIFIED.,.F.,.F.,.F.,(2,2),(2,2),(0.,1.6),(0.,1.),
  .PIECEWISE_BEZIER_KNOTS.);
#831 = CARTESIAN_POINT('',(-0.595807377657,0.795807377657,3.E-02));
#832 = CARTESIAN_POINT('',(-0.6,0.8,0.11));
#833 = CARTESIAN_POINT('',(-0.595807377657,-0.795807377657,3.E-02));
#834 = CARTESIAN_POINT('',(-0.6,-0.8,0.11));
#835 = ADVANCED_FACE('',(#836),#847,.T.);
#836 = FACE_BOUND('',#837,.T.);
#837 = EDGE_LOOP('',(#838,#839,#840,#846));
#838 = ORIENTED_EDGE('',*,*,#432,.T.);
#839 = ORIENTED_EDGE('',*,*,#711,.T.);
#840 = ORIENTED_EDGE('',*,*,#841,.F.);
#841 = EDGE_CURVE('',#569,#712,#842,.T.);
#842 = LINE('',#843,#844);
#843 = CARTESIAN_POINT('',(0.6,0.8,0.11));
#844 = VECTOR('',#845,1.);
#845 = DIRECTION('',(-1.,-2.22044604925E-16,0.));
#846 = ORIENTED_EDGE('',*,*,#568,.F.);
#847 = B_SPLINE_SURFACE_WITH_KNOTS('',1,1,(
    (#848,#849)
    ,(#850,#851
  )),.UNSPECIFIED.,.F.,.F.,.F.,(2,2),(2,2),(0.,1.2),(0.,1.),
  .PIECEWISE_BEZIER_KNOTS.);
#848 = CARTESIAN_POINT('',(0.595807377657,0.795807377657,3.E-02));
#849 = CARTESIAN_POINT('',(0.6,0.8,0.11));
#850 = CARTESIAN_POINT('',(-0.595807377657,0.795807377657,3.E-02));
#851 = CARTESIAN_POINT('',(-0.6,0.8,0.11));
#852 = ADVANCED_FACE('',(#853),#878,.F.);
#853 = FACE_BOUND('',#854,.F.);
#854 = EDGE_LOOP('',(#855,#863,#871,#877));
#855 = ORIENTED_EDGE('',*,*,#856,.F.);
#856 = EDGE_CURVE('',#857,#425,#859,.T.);
#857 = VERTEX_POINT('',#858);
#858 = CARTESIAN_POINT('',(-0.595807377657,0.61,0.));
#859 = LINE('',#860,#861);
#860 = CARTESIAN_POINT('',(-0.595807377657,0.61,0.));
#861 = VECTOR('',#862,1.);
#862 = DIRECTION('',(0.,0.,1.));
#863 = ORIENTED_EDGE('',*,*,#864,.T.);
#864 = EDGE_CURVE('',#857,#865,#867,.T.);
#865 = VERTEX_POINT('',#866);
#866 = CARTESIAN_POINT('',(-0.595807377657,0.39,0.));
#867 = LINE('',#868,#869);
#868 = CARTESIAN_POINT('',(-0.595807377657,0.61,0.));
#869 = VECTOR('',#870,1.);
#870 = DIRECTION('',(-1.144237745222E-17,-1.,0.));
#871 = ORIENTED_EDGE('',*,*,#872,.T.);
#872 = EDGE_CURVE('',#865,#528,#873,.T.);
#873 = LINE('',#874,#875);
#874 = CARTESIAN_POINT('',(-0.595807377657,0.39,0.));
#875 = VECTOR('',#876,1.);
#876 = DIRECTION('',(0.,0.,1.));
#877 = ORIENTED_EDGE('',*,*,#535,.F.);
#878 = PLANE('',#879);
#879 = AXIS2_PLACEMENT_3D('',#880,#881,#882);
#880 = CARTESIAN_POINT('',(-0.595807377657,0.61,0.));
#881 = DIRECTION('',(-1.,1.144237745222E-17,0.));
#882 = DIRECTION('',(0.,0.,1.));
#883 = ADVANCED_FACE('',(#884),#1105,.T.);
#884 = FACE_BOUND('',#885,.T.);
#885 = EDGE_LOOP('',(#886,#992,#993,#1099));
#886 = ORIENTED_EDGE('',*,*,#887,.F.);
#887 = EDGE_CURVE('',#528,#888,#890,.T.);
#888 = VERTEX_POINT('',#889);
#889 = CARTESIAN_POINT('',(-0.6,0.39,0.11));
#890 = B_SPLINE_CURVE_WITH_KNOTS('',4,(#891,#892,#893,#894,#895,#896,
    #897,#898,#899,#900,#901,#902,#903,#904,#905,#906,#907,#908,#909,
    #910,#911,#912,#913,#914,#915,#916,#917,#918,#919,#920,#921,#922,
    #923,#924,#925,#926,#927,#928,#929,#930,#931,#932,#933,#934,#935,
    #936,#937,#938,#939,#940,#941,#942,#943,#944,#945,#946,#947,#948,
    #949,#950,#951,#952,#953,#954,#955,#956,#957,#958,#959,#960,#961,
    #962,#963,#964,#965,#966,#967,#968,#969,#970,#971,#972,#973,#974,
    #975,#976,#977,#978,#979,#980,#981,#982,#983,#984,#985,#986,#987,
    #988,#989,#990,#991),.UNSPECIFIED.,.F.,.F.,(5,3,3,3,3,3,3,3,3,3,3,3,
    3,3,3,3,3,3,3,3,3,3,3,3,3,3,3,3,3,3,3,3,3,5),(0.,3.000037299324E-02,
    6.000072272736E-02,9.000104922047E-02,0.120001352491,0.150001632556,
    0.180001889434,0.210002123143,0.240002333702,0.270002521127,
    0.300002685437,0.33000282665,0.360002944785,0.390003039857,
    0.420003111887,0.450003160891,0.480003186887,0.510003189893,
    0.540003169928,0.570003127008,0.600003061152,0.630002972377,
    0.660002860701,0.690002726142,0.720002568718,0.750002388446,
    0.780002185344,0.81000195943,0.84000171072,0.870001439234,
    0.900001144989,0.930000828001,0.96000048829,1.),.UNSPECIFIED.);
#891 = CARTESIAN_POINT('',(-0.595807377657,0.39,3.E-02));
#892 = CARTESIAN_POINT('',(-0.595838822313,0.39,3.059999976731E-02));
#893 = CARTESIAN_POINT('',(-0.595870266976,0.39,3.119999968979E-02));
#894 = CARTESIAN_POINT('',(-0.595901711648,0.39,3.179999976739E-02));
#895 = CARTESIAN_POINT('',(-0.595964600983,0.39,3.299999976754E-02));
#896 = CARTESIAN_POINT('',(-0.595996045647,0.39,3.359999969008E-02));
#897 = CARTESIAN_POINT('',(-0.596027490318,0.39,3.419999976763E-02));
#898 = CARTESIAN_POINT('',(-0.596090379653,0.39,3.539999976777E-02));
#899 = CARTESIAN_POINT('',(-0.596121824317,0.39,3.599999969038E-02));
#900 = CARTESIAN_POINT('',(-0.596153268988,0.39,3.659999976786E-02));
#901 = CARTESIAN_POINT('',(-0.596216158324,0.39,3.779999976801E-02));
#902 = CARTESIAN_POINT('',(-0.596247602987,0.39,3.839999969067E-02));
#903 = CARTESIAN_POINT('',(-0.596279047659,0.39,3.899999976809E-02));
#904 = CARTESIAN_POINT('',(-0.596341936994,0.39,4.019999976824E-02));
#905 = CARTESIAN_POINT('',(-0.596373381657,0.39,4.079999969097E-02));
#906 = CARTESIAN_POINT('',(-0.596404826329,0.39,4.139999976833E-02));
#907 = CARTESIAN_POINT('',(-0.596467715664,0.39,4.259999976848E-02));
#908 = CARTESIAN_POINT('',(-0.596499160328,0.39,4.319999969126E-02));
#909 = CARTESIAN_POINT('',(-0.596530604999,0.39,4.379999976856E-02));
#910 = CARTESIAN_POINT('',(-0.596593494334,0.39,4.499999976871E-02));
#911 = CARTESIAN_POINT('',(-0.596624938998,0.39,4.559999969155E-02));
#912 = CARTESIAN_POINT('',(-0.59665638367,0.39,4.61999997688E-02));
#913 = CARTESIAN_POINT('',(-0.596719273005,0.39,4.739999976894E-02));
#914 = CARTESIAN_POINT('',(-0.596750717668,0.39,4.799999969185E-02));
#915 = CARTESIAN_POINT('',(-0.59678216234,0.39,4.859999976903E-02));
#916 = CARTESIAN_POINT('',(-0.596845051675,0.39,4.979999976918E-02));
#917 = CARTESIAN_POINT('',(-0.596876496339,0.39,5.039999969214E-02));
#918 = CARTESIAN_POINT('',(-0.59690794101,0.39,5.099999976926E-02));
#919 = CARTESIAN_POINT('',(-0.596970830345,0.39,5.219999976941E-02));
#920 = CARTESIAN_POINT('',(-0.597002275009,0.39,5.279999969243E-02));
#921 = CARTESIAN_POINT('',(-0.59703371968,0.39,5.339999976949E-02));
#922 = CARTESIAN_POINT('',(-0.597096609016,0.39,5.459999976964E-02));
#923 = CARTESIAN_POINT('',(-0.597128053679,0.39,5.519999969272E-02));
#924 = CARTESIAN_POINT('',(-0.597159498351,0.39,5.579999976973E-02));
#925 = CARTESIAN_POINT('',(-0.597222387686,0.39,5.699999976987E-02));
#926 = CARTESIAN_POINT('',(-0.597253832349,0.39,5.759999969302E-02));
#927 = CARTESIAN_POINT('',(-0.597285277021,0.39,5.819999976996E-02));
#928 = CARTESIAN_POINT('',(-0.597348166356,0.39,5.939999977011E-02));
#929 = CARTESIAN_POINT('',(-0.59737961102,0.39,5.999999969331E-02));
#930 = CARTESIAN_POINT('',(-0.597411055691,0.39,6.059999977019E-02));
#931 = CARTESIAN_POINT('',(-0.597473945027,0.39,6.179999977034E-02));
#932 = CARTESIAN_POINT('',(-0.59750538969,0.39,6.23999996936E-02));
#933 = CARTESIAN_POINT('',(-0.597536834362,0.39,6.299999977042E-02));
#934 = CARTESIAN_POINT('',(-0.597599723697,0.39,6.419999977057E-02));
#935 = CARTESIAN_POINT('',(-0.59763116836,0.39,6.479999969389E-02));
#936 = CARTESIAN_POINT('',(-0.597662613032,0.39,6.539999977066E-02));
#937 = CARTESIAN_POINT('',(-0.597725502367,0.39,6.65999997708E-02));
#938 = CARTESIAN_POINT('',(-0.597756947031,0.39,6.719999969418E-02));
#939 = CARTESIAN_POINT('',(-0.597788391702,0.39,6.779999977089E-02));
#940 = CARTESIAN_POINT('',(-0.597851281037,0.39,6.899999977103E-02));
#941 = CARTESIAN_POINT('',(-0.597882725701,0.39,6.959999969447E-02));
#942 = CARTESIAN_POINT('',(-0.597914170373,0.39,7.019999977112E-02));
#943 = CARTESIAN_POINT('',(-0.597977059708,0.39,7.139999977126E-02));
#944 = CARTESIAN_POINT('',(-0.598008504371,0.39,7.199999969476E-02));
#945 = CARTESIAN_POINT('',(-0.598039949043,0.39,7.259999977135E-02));
#946 = CARTESIAN_POINT('',(-0.598102838378,0.39,7.379999977149E-02));
#947 = CARTESIAN_POINT('',(-0.598134283042,0.39,7.439999969505E-02));
#948 = CARTESIAN_POINT('',(-0.598165727713,0.39,7.499999977158E-02));
#949 = CARTESIAN_POINT('',(-0.598228617048,0.39,7.619999977173E-02));
#950 = CARTESIAN_POINT('',(-0.598260061712,0.39,7.679999969534E-02));
#951 = CARTESIAN_POINT('',(-0.598291506383,0.39,7.739999977181E-02));
#952 = CARTESIAN_POINT('',(-0.598354395719,0.39,7.859999977196E-02));
#953 = CARTESIAN_POINT('',(-0.598385840382,0.39,7.919999969563E-02));
#954 = CARTESIAN_POINT('',(-0.598417285054,0.39,7.979999977204E-02));
#955 = CARTESIAN_POINT('',(-0.598480174389,0.39,8.099999977219E-02));
#956 = CARTESIAN_POINT('',(-0.598511619052,0.39,8.159999969592E-02));
#957 = CARTESIAN_POINT('',(-0.598543063724,0.39,8.219999977227E-02));
#958 = CARTESIAN_POINT('',(-0.598605953059,0.39,8.339999977242E-02));
#959 = CARTESIAN_POINT('',(-0.598637397723,0.39,8.399999969621E-02));
#960 = CARTESIAN_POINT('',(-0.598668842394,0.39,8.45999997725E-02));
#961 = CARTESIAN_POINT('',(-0.598731731729,0.39,8.579999977265E-02));
#962 = CARTESIAN_POINT('',(-0.598763176393,0.39,8.63999996965E-02));
#963 = CARTESIAN_POINT('',(-0.598794621065,0.39,8.699999977273E-02));
#964 = CARTESIAN_POINT('',(-0.5988575104,0.39,8.819999977288E-02));
#965 = CARTESIAN_POINT('',(-0.598888955063,0.39,8.879999969679E-02));
#966 = CARTESIAN_POINT('',(-0.598920399735,0.39,8.939999977296E-02));
#967 = CARTESIAN_POINT('',(-0.59898328907,0.39,9.059999977311E-02));
#968 = CARTESIAN_POINT('',(-0.599014733734,0.39,9.119999969708E-02));
#969 = CARTESIAN_POINT('',(-0.599046178405,0.39,9.179999977319E-02));
#970 = CARTESIAN_POINT('',(-0.59910906774,0.39,9.299999977334E-02));
#971 = CARTESIAN_POINT('',(-0.599140512404,0.39,9.359999969737E-02));
#972 = CARTESIAN_POINT('',(-0.599171957075,0.39,9.419999977342E-02));
#973 = CARTESIAN_POINT('',(-0.599234846411,0.39,9.539999977356E-02));
#974 = CARTESIAN_POINT('',(-0.599266291074,0.39,9.599999969765E-02));
#975 = CARTESIAN_POINT('',(-0.599297735746,0.39,9.659999977365E-02));
#976 = CARTESIAN_POINT('',(-0.599360625081,0.39,9.779999977379E-02));
#977 = CARTESIAN_POINT('',(-0.599392069744,0.39,9.839999969794E-02));
#978 = CARTESIAN_POINT('',(-0.599423514416,0.39,9.899999977388E-02));
#979 = CARTESIAN_POINT('',(-0.599486403751,0.39,0.100199999774));
#980 = CARTESIAN_POINT('',(-0.599517848415,0.39,0.100799999698));
#981 = CARTESIAN_POINT('',(-0.599549293086,0.39,0.101399999774));
#982 = CARTESIAN_POINT('',(-0.599612182421,0.39,0.102599999774));
#983 = CARTESIAN_POINT('',(-0.599643627085,0.39,0.103199999699));
#984 = CARTESIAN_POINT('',(-0.599675071757,0.39,0.103799999774));
#985 = CARTESIAN_POINT('',(-0.599737961092,0.39,0.104999999774));
#986 = CARTESIAN_POINT('',(-0.599769405755,0.39,0.105599999699));
#987 = CARTESIAN_POINT('',(-0.599800850427,0.39,0.106199999775));
#988 = CARTESIAN_POINT('',(-0.599874221309,0.39,0.107599999598));
#989 = CARTESIAN_POINT('',(-0.599916147525,0.39,0.108399999463));
#990 = CARTESIAN_POINT('',(-0.599958073755,0.39,0.109199999597));
#991 = CARTESIAN_POINT('',(-0.6,0.39,0.11));
#992 = ORIENTED_EDGE('',*,*,#527,.T.);
#993 = ORIENTED_EDGE('',*,*,#994,.T.);
#994 = EDGE_CURVE('',#520,#995,#997,.T.);
#995 = VERTEX_POINT('',#996);
#996 = CARTESIAN_POINT('',(-0.6,0.11,0.11));
#997 = B_SPLINE_CURVE_WITH_KNOTS('',4,(#998,#999,#1000,#1001,#1002,#1003
    ,#1004,#1005,#1006,#1007,#1008,#1009,#1010,#1011,#1012,#1013,#1014,
    #1015,#1016,#1017,#1018,#1019,#1020,#1021,#1022,#1023,#1024,#1025,
    #1026,#1027,#1028,#1029,#1030,#1031,#1032,#1033,#1034,#1035,#1036,
    #1037,#1038,#1039,#1040,#1041,#1042,#1043,#1044,#1045,#1046,#1047,
    #1048,#1049,#1050,#1051,#1052,#1053,#1054,#1055,#1056,#1057,#1058,
    #1059,#1060,#1061,#1062,#1063,#1064,#1065,#1066,#1067,#1068,#1069,
    #1070,#1071,#1072,#1073,#1074,#1075,#1076,#1077,#1078,#1079,#1080,
    #1081,#1082,#1083,#1084,#1085,#1086,#1087,#1088,#1089,#1090,#1091,
    #1092,#1093,#1094,#1095,#1096,#1097,#1098),.UNSPECIFIED.,.F.,.F.,(5,
    3,3,3,3,3,3,3,3,3,3,3,3,3,3,3,3,3,3,3,3,3,3,3,3,3,3,3,3,3,3,3,3,5),(
    0.,3.000003027795E-02,6.000005866758E-02,9.00000851704E-02,
    0.120000109788,0.150000132522,0.180000153373,0.210000172343,
    0.240000189434,0.270000204647,0.300000217984,0.330000229446,
    0.360000239034,0.39000024675,0.420000252596,0.450000256573,
    0.480000258682,0.510000258925,0.540000257303,0.570000253818,
    0.600000248472,0.630000241265,0.6600002322,0.690000221277,
    0.720000208498,0.750000193865,0.780000177379,0.810000159041,
    0.840000138854,0.870000116818,0.900000092934,0.930000067205,
    0.960000039632,1.),.UNSPECIFIED.);
#998 = CARTESIAN_POINT('',(-0.595807377657,0.11,3.E-02));
#999 = CARTESIAN_POINT('',(-0.595838822324,0.11,3.059999998111E-02));
#1000 = CARTESIAN_POINT('',(-0.595870266991,0.11,3.119999997481E-02));
#1001 = CARTESIAN_POINT('',(-0.595901711659,0.11,3.179999998111E-02));
#1002 = CARTESIAN_POINT('',(-0.595964600994,0.11,3.299999998113E-02));
#1003 = CARTESIAN_POINT('',(-0.595996045661,0.11,3.359999997484E-02));
#1004 = CARTESIAN_POINT('',(-0.596027490329,0.11,3.419999998113E-02));
#1005 = CARTESIAN_POINT('',(-0.596090379664,0.11,3.539999998115E-02));
#1006 = CARTESIAN_POINT('',(-0.596121824332,0.11,3.599999997486E-02));
#1007 = CARTESIAN_POINT('',(-0.596153269,0.11,3.659999998115E-02));
#1008 = CARTESIAN_POINT('',(-0.596216158335,0.11,3.779999998117E-02));
#1009 = CARTESIAN_POINT('',(-0.596247603002,0.11,3.839999997489E-02));
#1010 = CARTESIAN_POINT('',(-0.59627904767,0.11,3.899999998117E-02));
#1011 = CARTESIAN_POINT('',(-0.596341937005,0.11,4.019999998118E-02));
#1012 = CARTESIAN_POINT('',(-0.596373381672,0.11,4.079999997491E-02));
#1013 = CARTESIAN_POINT('',(-0.59640482634,0.11,4.139999998119E-02));
#1014 = CARTESIAN_POINT('',(-0.596467715675,0.11,4.25999999812E-02));
#1015 = CARTESIAN_POINT('',(-0.596499160343,0.11,4.319999997494E-02));
#1016 = CARTESIAN_POINT('',(-0.59653060501,0.11,4.379999998121E-02));
#1017 = CARTESIAN_POINT('',(-0.596593494346,0.11,4.499999998122E-02));
#1018 = CARTESIAN_POINT('',(-0.596624939013,0.11,4.559999997496E-02));
#1019 = CARTESIAN_POINT('',(-0.596656383681,0.11,4.619999998123E-02));
#1020 = CARTESIAN_POINT('',(-0.596719273016,0.11,4.739999998124E-02));
#1021 = CARTESIAN_POINT('',(-0.596750717683,0.11,4.799999997498E-02));
#1022 = CARTESIAN_POINT('',(-0.596782162351,0.11,4.859999998125E-02));
#1023 = CARTESIAN_POINT('',(-0.596845051686,0.11,4.979999998126E-02));
#1024 = CARTESIAN_POINT('',(-0.596876496353,0.11,5.039999997501E-02));
#1025 = CARTESIAN_POINT('',(-0.596907941021,0.11,5.099999998127E-02));
#1026 = CARTESIAN_POINT('',(-0.596970830356,0.11,5.219999998128E-02));
#1027 = CARTESIAN_POINT('',(-0.597002275024,0.11,5.279999997503E-02));
#1028 = CARTESIAN_POINT('',(-0.597033719692,0.11,5.339999998129E-02));
#1029 = CARTESIAN_POINT('',(-0.597096609027,0.11,5.45999999813E-02));
#1030 = CARTESIAN_POINT('',(-0.597128053694,0.11,5.519999997506E-02));
#1031 = CARTESIAN_POINT('',(-0.597159498362,0.11,5.579999998131E-02));
#1032 = CARTESIAN_POINT('',(-0.597222387697,0.11,5.699999998132E-02));
#1033 = CARTESIAN_POINT('',(-0.597253832364,0.11,5.759999997508E-02));
#1034 = CARTESIAN_POINT('',(-0.597285277032,0.11,5.819999998133E-02));
#1035 = CARTESIAN_POINT('',(-0.597348166367,0.11,5.939999998134E-02));
#1036 = CARTESIAN_POINT('',(-0.597379611035,0.11,5.99999999751E-02));
#1037 = CARTESIAN_POINT('',(-0.597411055702,0.11,6.059999998134E-02));
#1038 = CARTESIAN_POINT('',(-0.597473945038,0.11,6.179999998136E-02));
#1039 = CARTESIAN_POINT('',(-0.597505389705,0.11,6.239999997513E-02));
#1040 = CARTESIAN_POINT('',(-0.597536834373,0.11,6.299999998136E-02));
#1041 = CARTESIAN_POINT('',(-0.597599723708,0.11,6.419999998138E-02));
#1042 = CARTESIAN_POINT('',(-0.597631168375,0.11,6.479999997515E-02));
#1043 = CARTESIAN_POINT('',(-0.597662613043,0.11,6.539999998138E-02));
#1044 = CARTESIAN_POINT('',(-0.597725502378,0.11,6.659999998139E-02));
#1045 = CARTESIAN_POINT('',(-0.597756947045,0.11,6.719999997518E-02));
#1046 = CARTESIAN_POINT('',(-0.597788391713,0.11,6.77999999814E-02));
#1047 = CARTESIAN_POINT('',(-0.597851281048,0.11,6.899999998141E-02));
#1048 = CARTESIAN_POINT('',(-0.597882725716,0.11,6.95999999752E-02));
#1049 = CARTESIAN_POINT('',(-0.597914170384,0.11,7.019999998142E-02));
#1050 = CARTESIAN_POINT('',(-0.597977059719,0.11,7.139999998143E-02));
#1051 = CARTESIAN_POINT('',(-0.598008504386,0.11,7.199999997522E-02));
#1052 = CARTESIAN_POINT('',(-0.598039949054,0.11,7.259999998144E-02));
#1053 = CARTESIAN_POINT('',(-0.598102838389,0.11,7.379999998145E-02));
#1054 = CARTESIAN_POINT('',(-0.598134283056,0.11,7.439999997525E-02));
#1055 = CARTESIAN_POINT('',(-0.598165727724,0.11,7.499999998146E-02));
#1056 = CARTESIAN_POINT('',(-0.598228617059,0.11,7.619999998147E-02));
#1057 = CARTESIAN_POINT('',(-0.598260061727,0.11,7.679999997527E-02));
#1058 = CARTESIAN_POINT('',(-0.598291506394,0.11,7.739999998148E-02));
#1059 = CARTESIAN_POINT('',(-0.59835439573,0.11,7.859999998149E-02));
#1060 = CARTESIAN_POINT('',(-0.598385840397,0.11,7.919999997529E-02));
#1061 = CARTESIAN_POINT('',(-0.598417285065,0.11,7.97999999815E-02));
#1062 = CARTESIAN_POINT('',(-0.5984801744,0.11,8.099999998151E-02));
#1063 = CARTESIAN_POINT('',(-0.598511619067,0.11,8.159999997532E-02));
#1064 = CARTESIAN_POINT('',(-0.598543063735,0.11,8.219999998151E-02));
#1065 = CARTESIAN_POINT('',(-0.59860595307,0.11,8.339999998153E-02));
#1066 = CARTESIAN_POINT('',(-0.598637397737,0.11,8.399999997534E-02));
#1067 = CARTESIAN_POINT('',(-0.598668842405,0.11,8.459999998153E-02));
#1068 = CARTESIAN_POINT('',(-0.59873173174,0.11,8.579999998155E-02));
#1069 = CARTESIAN_POINT('',(-0.598763176408,0.11,8.639999997537E-02));
#1070 = CARTESIAN_POINT('',(-0.598794621076,0.11,8.699999998155E-02));
#1071 = CARTESIAN_POINT('',(-0.598857510411,0.11,8.819999998156E-02));
#1072 = CARTESIAN_POINT('',(-0.598888955078,0.11,8.879999997539E-02));
#1073 = CARTESIAN_POINT('',(-0.598920399746,0.11,8.939999998157E-02));
#1074 = CARTESIAN_POINT('',(-0.598983289081,0.11,9.059999998158E-02));
#1075 = CARTESIAN_POINT('',(-0.599014733748,0.11,9.119999997541E-02));
#1076 = CARTESIAN_POINT('',(-0.599046178416,0.11,9.179999998159E-02));
#1077 = CARTESIAN_POINT('',(-0.599109067751,0.11,9.29999999816E-02));
#1078 = CARTESIAN_POINT('',(-0.599140512418,0.11,9.359999997544E-02));
#1079 = CARTESIAN_POINT('',(-0.599171957086,0.11,9.419999998161E-02));
#1080 = CARTESIAN_POINT('',(-0.599234846422,0.11,9.539999998162E-02));
#1081 = CARTESIAN_POINT('',(-0.599266291089,0.11,9.599999997546E-02));
#1082 = CARTESIAN_POINT('',(-0.599297735757,0.11,9.659999998163E-02));
#1083 = CARTESIAN_POINT('',(-0.599360625092,0.11,9.779999998164E-02));
#1084 = CARTESIAN_POINT('',(-0.599392069759,0.11,9.839999997548E-02));
#1085 = CARTESIAN_POINT('',(-0.599423514427,0.11,9.899999998165E-02));
#1086 = CARTESIAN_POINT('',(-0.599486403762,0.11,0.100199999982));
#1087 = CARTESIAN_POINT('',(-0.599517848429,0.11,0.100799999976));
#1088 = CARTESIAN_POINT('',(-0.599549293097,0.11,0.101399999982));
#1089 = CARTESIAN_POINT('',(-0.599612182432,0.11,0.102599999982));
#1090 = CARTESIAN_POINT('',(-0.5996436271,0.11,0.103199999976));
#1091 = CARTESIAN_POINT('',(-0.599675071767,0.11,0.103799999982));
#1092 = CARTESIAN_POINT('',(-0.599737961103,0.11,0.104999999982));
#1093 = CARTESIAN_POINT('',(-0.59976940577,0.11,0.105599999976));
#1094 = CARTESIAN_POINT('',(-0.599800850438,0.11,0.106199999982));
#1095 = CARTESIAN_POINT('',(-0.599874221328,0.11,0.107599999967));
#1096 = CARTESIAN_POINT('',(-0.599916147551,0.11,0.108399999956));
#1097 = CARTESIAN_POINT('',(-0.599958073775,0.11,0.109199999967));
#1098 = CARTESIAN_POINT('',(-0.6,0.11,0.11));
#1099 = ORIENTED_EDGE('',*,*,#1100,.F.);
#1100 = EDGE_CURVE('',#888,#995,#1101,.T.);
#1101 = LINE('',#1102,#1103);
#1102 = CARTESIAN_POINT('',(-0.6,0.8,0.11));
#1103 = VECTOR('',#1104,1.);
#1104 = DIRECTION('',(2.22044604925E-16,-1.,0.));
#1105 = B_SPLINE_SURFACE_WITH_KNOTS('',1,1,(
    (#1106,#1107)
    ,(#1108,#1109
    )),.UNSPECIFIED.,.F.,.F.,.F.,(2,2),(2,2),(0.,1.6),(0.,1.),
  .PIECEWISE_BEZIER_KNOTS.);
#1106 = CARTESIAN_POINT('',(-0.595807377657,0.795807377657,3.E-02));
#1107 = CARTESIAN_POINT('',(-0.6,0.8,0.11));
#1108 = CARTESIAN_POINT('',(-0.595807377657,-0.795807377657,3.E-02));
#1109 = CARTESIAN_POINT('',(-0.6,-0.8,0.11));
#1110 = ADVANCED_FACE('',(#1111),#1136,.F.);
#1111 = FACE_BOUND('',#1112,.F.);
#1112 = EDGE_LOOP('',(#1113,#1121,#1129,#1135));
#1113 = ORIENTED_EDGE('',*,*,#1114,.F.);
#1114 = EDGE_CURVE('',#1115,#520,#1117,.T.);
#1115 = VERTEX_POINT('',#1116);
#1116 = CARTESIAN_POINT('',(-0.595807377657,0.11,0.));
#1117 = LINE('',#1118,#1119);
#1118 = CARTESIAN_POINT('',(-0.595807377657,0.11,0.));
#1119 = VECTOR('',#1120,1.);
#1120 = DIRECTION('',(0.,0.,1.));
#1121 = ORIENTED_EDGE('',*,*,#1122,.T.);
#1122 = EDGE_CURVE('',#1115,#1123,#1125,.T.);
#1123 = VERTEX_POINT('',#1124);
#1124 = CARTESIAN_POINT('',(-0.595807377657,-0.11,0.));
#1125 = LINE('',#1126,#1127);
#1126 = CARTESIAN_POINT('',(-0.595807377657,0.11,0.));
#1127 = VECTOR('',#1128,1.);
#1128 = DIRECTION('',(-1.144237745222E-17,-1.,0.));
#1129 = ORIENTED_EDGE('',*,*,#1130,.T.);
#1130 = EDGE_CURVE('',#1123,#512,#1131,.T.);
#1131 = LINE('',#1132,#1133);
#1132 = CARTESIAN_POINT('',(-0.595807377657,-0.11,0.));
#1133 = VECTOR('',#1134,1.);
#1134 = DIRECTION('',(0.,0.,1.));
#1135 = ORIENTED_EDGE('',*,*,#519,.F.);
#1136 = PLANE('',#1137);
#1137 = AXIS2_PLACEMENT_3D('',#1138,#1139,#1140);
#1138 = CARTESIAN_POINT('',(-0.595807377657,0.11,0.));
#1139 = DIRECTION('',(-1.,1.144237745222E-17,0.));
#1140 = DIRECTION('',(0.,0.,1.));
#1141 = ADVANCED_FACE('',(#1142),#1363,.T.);
#1142 = FACE_BOUND('',#1143,.T.);
#1143 = EDGE_LOOP('',(#1144,#1250,#1251,#1357));
#1144 = ORIENTED_EDGE('',*,*,#1145,.F.);
#1145 = EDGE_CURVE('',#512,#1146,#1148,.T.);
#1146 = VERTEX_POINT('',#1147);
#1147 = CARTESIAN_POINT('',(-0.6,-0.11,0.11));
#1148 = B_SPLINE_CURVE_WITH_KNOTS('',4,(#1149,#1150,#1151,#1152,#1153,
    #1154,#1155,#1156,#1157,#1158,#1159,#1160,#1161,#1162,#1163,#1164,
    #1165,#1166,#1167,#1168,#1169,#1170,#1171,#1172,#1173,#1174,#1175,
    #1176,#1177,#1178,#1179,#1180,#1181,#1182,#1183,#1184,#1185,#1186,
    #1187,#1188,#1189,#1190,#1191,#1192,#1193,#1194,#1195,#1196,#1197,
    #1198,#1199,#1200,#1201,#1202,#1203,#1204,#1205,#1206,#1207,#1208,
    #1209,#1210,#1211,#1212,#1213,#1214,#1215,#1216,#1217,#1218,#1219,
    #1220,#1221,#1222,#1223,#1224,#1225,#1226,#1227,#1228,#1229,#1230,
    #1231,#1232,#1233,#1234,#1235,#1236,#1237,#1238,#1239,#1240,#1241,
    #1242,#1243,#1244,#1245,#1246,#1247,#1248,#1249),.UNSPECIFIED.,.F.,
  .F.,(5,3,3,3,3,3,3,3,3,3,3,3,3,3,3,3,3,3,3,3,3,3,3,3,3,3,3,3,3,3,3,3,3
    ,5),(0.,3.000003027796E-02,6.00000586676E-02,9.000008517042E-02,
    0.120000109788,0.150000132522,0.180000153373,0.210000172343,
    0.240000189434,0.270000204647,0.300000217984,0.330000229446,
    0.360000239034,0.39000024675,0.420000252596,0.450000256573,
    0.480000258682,0.510000258925,0.540000257303,0.570000253818,
    0.600000248472,0.630000241265,0.6600002322,0.690000221277,
    0.720000208498,0.750000193865,0.780000177379,0.810000159041,
    0.840000138854,0.870000116818,0.900000092934,0.930000067205,
    0.960000039632,1.),.UNSPECIFIED.);
#1149 = CARTESIAN_POINT('',(-0.595807377657,-0.11,3.E-02));
#1150 = CARTESIAN_POINT('',(-0.595838822324,-0.11,3.059999998111E-02));
#1151 = CARTESIAN_POINT('',(-0.595870266991,-0.11,3.119999997481E-02));
#1152 = CARTESIAN_POINT('',(-0.595901711659,-0.11,3.179999998111E-02));
#1153 = CARTESIAN_POINT('',(-0.595964600994,-0.11,3.299999998113E-02));
#1154 = CARTESIAN_POINT('',(-0.595996045661,-0.11,3.359999997484E-02));
#1155 = CARTESIAN_POINT('',(-0.596027490329,-0.11,3.419999998113E-02));
#1156 = CARTESIAN_POINT('',(-0.596090379664,-0.11,3.539999998115E-02));
#1157 = CARTESIAN_POINT('',(-0.596121824332,-0.11,3.599999997486E-02));
#1158 = CARTESIAN_POINT('',(-0.596153269,-0.11,3.659999998115E-02));
#1159 = CARTESIAN_POINT('',(-0.596216158335,-0.11,3.779999998117E-02));
#1160 = CARTESIAN_POINT('',(-0.596247603002,-0.11,3.839999997489E-02));
#1161 = CARTESIAN_POINT('',(-0.59627904767,-0.11,3.899999998117E-02));
#1162 = CARTESIAN_POINT('',(-0.596341937005,-0.11,4.019999998118E-02));
#1163 = CARTESIAN_POINT('',(-0.596373381672,-0.11,4.079999997491E-02));
#1164 = CARTESIAN_POINT('',(-0.59640482634,-0.11,4.139999998119E-02));
#1165 = CARTESIAN_POINT('',(-0.596467715675,-0.11,4.25999999812E-02));
#1166 = CARTESIAN_POINT('',(-0.596499160343,-0.11,4.319999997494E-02));
#1167 = CARTESIAN_POINT('',(-0.59653060501,-0.11,4.379999998121E-02));
#1168 = CARTESIAN_POINT('',(-0.596593494346,-0.11,4.499999998122E-02));
#1169 = CARTESIAN_POINT('',(-0.596624939013,-0.11,4.559999997496E-02));
#1170 = CARTESIAN_POINT('',(-0.596656383681,-0.11,4.619999998123E-02));
#1171 = CARTESIAN_POINT('',(-0.596719273016,-0.11,4.739999998124E-02));
#1172 = CARTESIAN_POINT('',(-0.596750717683,-0.11,4.799999997498E-02));
#1173 = CARTESIAN_POINT('',(-0.596782162351,-0.11,4.859999998125E-02));
#1174 = CARTESIAN_POINT('',(-0.596845051686,-0.11,4.979999998126E-02));
#1175 = CARTESIAN_POINT('',(-0.596876496353,-0.11,5.039999997501E-02));
#1176 = CARTESIAN_POINT('',(-0.596907941021,-0.11,5.099999998127E-02));
#1177 = CARTESIAN_POINT('',(-0.596970830356,-0.11,5.219999998128E-02));
#1178 = CARTESIAN_POINT('',(-0.597002275024,-0.11,5.279999997503E-02));
#1179 = CARTESIAN_POINT('',(-0.597033719692,-0.11,5.339999998129E-02));
#1180 = CARTESIAN_POINT('',(-0.597096609027,-0.11,5.45999999813E-02));
#1181 = CARTESIAN_POINT('',(-0.597128053694,-0.11,5.519999997506E-02));
#1182 = CARTESIAN_POINT('',(-0.597159498362,-0.11,5.579999998131E-02));
#1183 = CARTESIAN_POINT('',(-0.597222387697,-0.11,5.699999998132E-02));
#1184 = CARTESIAN_POINT('',(-0.597253832364,-0.11,5.759999997508E-02));
#1185 = CARTESIAN_POINT('',(-0.597285277032,-0.11,5.819999998133E-02));
#1186 = CARTESIAN_POINT('',(-0.597348166367,-0.11,5.939999998134E-02));
#1187 = CARTESIAN_POINT('',(-0.597379611035,-0.11,5.99999999751E-02));
#1188 = CARTESIAN_POINT('',(-0.597411055702,-0.11,6.059999998134E-02));
#1189 = CARTESIAN_POINT('',(-0.597473945038,-0.11,6.179999998136E-02));
#1190 = CARTESIAN_POINT('',(-0.597505389705,-0.11,6.239999997513E-02));
#1191 = CARTESIAN_POINT('',(-0.597536834373,-0.11,6.299999998136E-02));
#1192 = CARTESIAN_POINT('',(-0.597599723708,-0.11,6.419999998138E-02));
#1193 = CARTESIAN_POINT('',(-0.597631168375,-0.11,6.479999997515E-02));
#1194 = CARTESIAN_POINT('',(-0.597662613043,-0.11,6.539999998138E-02));
#1195 = CARTESIAN_POINT('',(-0.597725502378,-0.11,6.659999998139E-02));
#1196 = CARTESIAN_POINT('',(-0.597756947045,-0.11,6.719999997518E-02));
#1197 = CARTESIAN_POINT('',(-0.597788391713,-0.11,6.77999999814E-02));
#1198 = CARTESIAN_POINT('',(-0.597851281048,-0.11,6.899999998141E-02));
#1199 = CARTESIAN_POINT('',(-0.597882725716,-0.11,6.95999999752E-02));
#1200 = CARTESIAN_POINT('',(-0.597914170384,-0.11,7.019999998142E-02));
#1201 = CARTESIAN_POINT('',(-0.597977059719,-0.11,7.139999998143E-02));
#1202 = CARTESIAN_POINT('',(-0.598008504386,-0.11,7.199999997522E-02));
#1203 = CARTESIAN_POINT('',(-0.598039949054,-0.11,7.259999998144E-02));
#1204 = CARTESIAN_POINT('',(-0.598102838389,-0.11,7.379999998145E-02));
#1205 = CARTESIAN_POINT('',(-0.598134283056,-0.11,7.439999997525E-02));
#1206 = CARTESIAN_POINT('',(-0.598165727724,-0.11,7.499999998146E-02));
#1207 = CARTESIAN_POINT('',(-0.598228617059,-0.11,7.619999998147E-02));
#1208 = CARTESIAN_POINT('',(-0.598260061727,-0.11,7.679999997527E-02));
#1209 = CARTESIAN_POINT('',(-0.598291506394,-0.11,7.739999998148E-02));
#1210 = CARTESIAN_POINT('',(-0.59835439573,-0.11,7.859999998149E-02));
#1211 = CARTESIAN_POINT('',(-0.598385840397,-0.11,7.919999997529E-02));
#1212 = CARTESIAN_POINT('',(-0.598417285065,-0.11,7.97999999815E-02));
#1213 = CARTESIAN_POINT('',(-0.5984801744,-0.11,8.099999998151E-02));
#1214 = CARTESIAN_POINT('',(-0.598511619067,-0.11,8.159999997532E-02));
#1215 = CARTESIAN_POINT('',(-0.598543063735,-0.11,8.219999998152E-02));
#1216 = CARTESIAN_POINT('',(-0.59860595307,-0.11,8.339999998153E-02));
#1217 = CARTESIAN_POINT('',(-0.598637397737,-0.11,8.399999997534E-02));
#1218 = CARTESIAN_POINT('',(-0.598668842405,-0.11,8.459999998153E-02));
#1219 = CARTESIAN_POINT('',(-0.59873173174,-0.11,8.579999998155E-02));
#1220 = CARTESIAN_POINT('',(-0.598763176408,-0.11,8.639999997537E-02));
#1221 = CARTESIAN_POINT('',(-0.598794621076,-0.11,8.699999998155E-02));
#1222 = CARTESIAN_POINT('',(-0.598857510411,-0.11,8.819999998156E-02));
#1223 = CARTESIAN_POINT('',(-0.598888955078,-0.11,8.879999997539E-02));
#1224 = CARTESIAN_POINT('',(-0.598920399746,-0.11,8.939999998157E-02));
#1225 = CARTESIAN_POINT('',(-0.598983289081,-0.11,9.059999998158E-02));
#1226 = CARTESIAN_POINT('',(-0.599014733748,-0.11,9.119999997541E-02));
#1227 = CARTESIAN_POINT('',(-0.599046178416,-0.11,9.179999998159E-02));
#1228 = CARTESIAN_POINT('',(-0.599109067751,-0.11,9.29999999816E-02));
#1229 = CARTESIAN_POINT('',(-0.599140512418,-0.11,9.359999997544E-02));
#1230 = CARTESIAN_POINT('',(-0.599171957086,-0.11,9.419999998161E-02));
#1231 = CARTESIAN_POINT('',(-0.599234846422,-0.11,9.539999998162E-02));
#1232 = CARTESIAN_POINT('',(-0.599266291089,-0.11,9.599999997546E-02));
#1233 = CARTESIAN_POINT('',(-0.599297735757,-0.11,9.659999998163E-02));
#1234 = CARTESIAN_POINT('',(-0.599360625092,-0.11,9.779999998164E-02));
#1235 = CARTESIAN_POINT('',(-0.599392069759,-0.11,9.839999997548E-02));
#1236 = CARTESIAN_POINT('',(-0.599423514427,-0.11,9.899999998165E-02));
#1237 = CARTESIAN_POINT('',(-0.599486403762,-0.11,0.100199999982));
#1238 = CARTESIAN_POINT('',(-0.599517848429,-0.11,0.100799999976));
#1239 = CARTESIAN_POINT('',(-0.599549293097,-0.11,0.101399999982));
#1240 = CARTESIAN_POINT('',(-0.599612182432,-0.11,0.102599999982));
#1241 = CARTESIAN_POINT('',(-0.5996436271,-0.11,0.103199999976));
#1242 = CARTESIAN_POINT('',(-0.599675071767,-0.11,0.103799999982));
#1243 = CARTESIAN_POINT('',(-0.599737961103,-0.11,0.104999999982));
#1244 = CARTESIAN_POINT('',(-0.59976940577,-0.11,0.105599999976));
#1245 = CARTESIAN_POINT('',(-0.599800850438,-0.11,0.106199999982));
#1246 = CARTESIAN_POINT('',(-0.599874221328,-0.11,0.107599999967));
#1247 = CARTESIAN_POINT('',(-0.599916147551,-0.11,0.108399999956));
#1248 = CARTESIAN_POINT('',(-0.599958073775,-0.11,0.109199999967));
#1249 = CARTESIAN_POINT('',(-0.6,-0.11,0.11));
#1250 = ORIENTED_EDGE('',*,*,#511,.T.);
#1251 = ORIENTED_EDGE('',*,*,#1252,.T.);
#1252 = EDGE_CURVE('',#504,#1253,#1255,.T.);
#1253 = VERTEX_POINT('',#1254);
#1254 = CARTESIAN_POINT('',(-0.6,-0.39,0.11));
#1255 = B_SPLINE_CURVE_WITH_KNOTS('',4,(#1256,#1257,#1258,#1259,#1260,
    #1261,#1262,#1263,#1264,#1265,#1266,#1267,#1268,#1269,#1270,#1271,
    #1272,#1273,#1274,#1275,#1276,#1277,#1278,#1279,#1280,#1281,#1282,
    #1283,#1284,#1285,#1286,#1287,#1288,#1289,#1290,#1291,#1292,#1293,
    #1294,#1295,#1296,#1297,#1298,#1299,#1300,#1301,#1302,#1303,#1304,
    #1305,#1306,#1307,#1308,#1309,#1310,#1311,#1312,#1313,#1314,#1315,
    #1316,#1317,#1318,#1319,#1320,#1321,#1322,#1323,#1324,#1325,#1326,
    #1327,#1328,#1329,#1330,#1331,#1332,#1333,#1334,#1335,#1336,#1337,
    #1338,#1339,#1340,#1341,#1342,#1343,#1344,#1345,#1346,#1347,#1348,
    #1349,#1350,#1351,#1352,#1353,#1354,#1355,#1356),.UNSPECIFIED.,.F.,
  .F.,(5,3,3,3,3,3,3,3,3,3,3,3,3,3,3,3,3,3,3,3,3,3,3,3,3,3,3,3,3,3,3,3,3
    ,5),(0.,3.000037299323E-02,6.000072272734E-02,9.000104922043E-02,
    0.120001352491,0.150001632556,0.180001889434,0.210002123143,
    0.240002333701,0.270002521127,0.300002685437,0.33000282665,
    0.360002944785,0.390003039857,0.420003111887,0.450003160891,
    0.480003186887,0.510003189893,0.540003169928,0.570003127008,
    0.600003061152,0.630002972377,0.660002860701,0.690002726142,
    0.720002568718,0.750002388446,0.780002185344,0.810001959429,
    0.84000171072,0.870001439234,0.900001144989,0.930000828001,
    0.96000048829,1.),.UNSPECIFIED.);
#1256 = CARTESIAN_POINT('',(-0.595807377657,-0.39,3.E-02));
#1257 = CARTESIAN_POINT('',(-0.595838822313,-0.39,3.05999997673E-02));
#1258 = CARTESIAN_POINT('',(-0.595870266976,-0.39,3.119999968979E-02));
#1259 = CARTESIAN_POINT('',(-0.595901711648,-0.39,3.179999976739E-02));
#1260 = CARTESIAN_POINT('',(-0.595964600983,-0.39,3.299999976754E-02));
#1261 = CARTESIAN_POINT('',(-0.595996045647,-0.39,3.359999969008E-02));
#1262 = CARTESIAN_POINT('',(-0.596027490318,-0.39,3.419999976763E-02));
#1263 = CARTESIAN_POINT('',(-0.596090379653,-0.39,3.539999976777E-02));
#1264 = CARTESIAN_POINT('',(-0.596121824317,-0.39,3.599999969038E-02));
#1265 = CARTESIAN_POINT('',(-0.596153268988,-0.39,3.659999976786E-02));
#1266 = CARTESIAN_POINT('',(-0.596216158324,-0.39,3.779999976801E-02));
#1267 = CARTESIAN_POINT('',(-0.596247602987,-0.39,3.839999969067E-02));
#1268 = CARTESIAN_POINT('',(-0.596279047659,-0.39,3.899999976809E-02));
#1269 = CARTESIAN_POINT('',(-0.596341936994,-0.39,4.019999976824E-02));
#1270 = CARTESIAN_POINT('',(-0.596373381657,-0.39,4.079999969097E-02));
#1271 = CARTESIAN_POINT('',(-0.596404826329,-0.39,4.139999976833E-02));
#1272 = CARTESIAN_POINT('',(-0.596467715664,-0.39,4.259999976848E-02));
#1273 = CARTESIAN_POINT('',(-0.596499160328,-0.39,4.319999969126E-02));
#1274 = CARTESIAN_POINT('',(-0.596530604999,-0.39,4.379999976856E-02));
#1275 = CARTESIAN_POINT('',(-0.596593494334,-0.39,4.499999976871E-02));
#1276 = CARTESIAN_POINT('',(-0.596624938998,-0.39,4.559999969155E-02));
#1277 = CARTESIAN_POINT('',(-0.59665638367,-0.39,4.61999997688E-02));
#1278 = CARTESIAN_POINT('',(-0.596719273005,-0.39,4.739999976894E-02));
#1279 = CARTESIAN_POINT('',(-0.596750717668,-0.39,4.799999969185E-02));
#1280 = CARTESIAN_POINT('',(-0.59678216234,-0.39,4.859999976903E-02));
#1281 = CARTESIAN_POINT('',(-0.596845051675,-0.39,4.979999976918E-02));
#1282 = CARTESIAN_POINT('',(-0.596876496339,-0.39,5.039999969214E-02));
#1283 = CARTESIAN_POINT('',(-0.59690794101,-0.39,5.099999976926E-02));
#1284 = CARTESIAN_POINT('',(-0.596970830345,-0.39,5.219999976941E-02));
#1285 = CARTESIAN_POINT('',(-0.597002275009,-0.39,5.279999969243E-02));
#1286 = CARTESIAN_POINT('',(-0.59703371968,-0.39,5.339999976949E-02));
#1287 = CARTESIAN_POINT('',(-0.597096609016,-0.39,5.459999976964E-02));
#1288 = CARTESIAN_POINT('',(-0.597128053679,-0.39,5.519999969272E-02));
#1289 = CARTESIAN_POINT('',(-0.597159498351,-0.39,5.579999976973E-02));
#1290 = CARTESIAN_POINT('',(-0.597222387686,-0.39,5.699999976987E-02));
#1291 = CARTESIAN_POINT('',(-0.597253832349,-0.39,5.759999969302E-02));
#1292 = CARTESIAN_POINT('',(-0.597285277021,-0.39,5.819999976996E-02));
#1293 = CARTESIAN_POINT('',(-0.597348166356,-0.39,5.939999977011E-02));
#1294 = CARTESIAN_POINT('',(-0.59737961102,-0.39,5.999999969331E-02));
#1295 = CARTESIAN_POINT('',(-0.597411055691,-0.39,6.059999977019E-02));
#1296 = CARTESIAN_POINT('',(-0.597473945027,-0.39,6.179999977034E-02));
#1297 = CARTESIAN_POINT('',(-0.59750538969,-0.39,6.23999996936E-02));
#1298 = CARTESIAN_POINT('',(-0.597536834362,-0.39,6.299999977042E-02));
#1299 = CARTESIAN_POINT('',(-0.597599723697,-0.39,6.419999977057E-02));
#1300 = CARTESIAN_POINT('',(-0.59763116836,-0.39,6.479999969389E-02));
#1301 = CARTESIAN_POINT('',(-0.597662613032,-0.39,6.539999977066E-02));
#1302 = CARTESIAN_POINT('',(-0.597725502367,-0.39,6.65999997708E-02));
#1303 = CARTESIAN_POINT('',(-0.597756947031,-0.39,6.719999969418E-02));
#1304 = CARTESIAN_POINT('',(-0.597788391702,-0.39,6.779999977089E-02));
#1305 = CARTESIAN_POINT('',(-0.597851281037,-0.39,6.899999977103E-02));
#1306 = CARTESIAN_POINT('',(-0.597882725701,-0.39,6.959999969447E-02));
#1307 = CARTESIAN_POINT('',(-0.597914170373,-0.39,7.019999977112E-02));
#1308 = CARTESIAN_POINT('',(-0.597977059708,-0.39,7.139999977126E-02));
#1309 = CARTESIAN_POINT('',(-0.598008504371,-0.39,7.199999969476E-02));
#1310 = CARTESIAN_POINT('',(-0.598039949043,-0.39,7.259999977135E-02));
#1311 = CARTESIAN_POINT('',(-0.598102838378,-0.39,7.379999977149E-02));
#1312 = CARTESIAN_POINT('',(-0.598134283042,-0.39,7.439999969505E-02));
#1313 = CARTESIAN_POINT('',(-0.598165727713,-0.39,7.499999977158E-02));
#1314 = CARTESIAN_POINT('',(-0.598228617048,-0.39,7.619999977173E-02));
#1315 = CARTESIAN_POINT('',(-0.598260061712,-0.39,7.679999969534E-02));
#1316 = CARTESIAN_POINT('',(-0.598291506383,-0.39,7.739999977181E-02));
#1317 = CARTESIAN_POINT('',(-0.598354395719,-0.39,7.859999977196E-02));
#1318 = CARTESIAN_POINT('',(-0.598385840382,-0.39,7.919999969563E-02));
#1319 = CARTESIAN_POINT('',(-0.598417285054,-0.39,7.979999977204E-02));
#1320 = CARTESIAN_POINT('',(-0.598480174389,-0.39,8.099999977219E-02));
#1321 = CARTESIAN_POINT('',(-0.598511619052,-0.39,8.159999969592E-02));
#1322 = CARTESIAN_POINT('',(-0.598543063724,-0.39,8.219999977227E-02));
#1323 = CARTESIAN_POINT('',(-0.598605953059,-0.39,8.339999977242E-02));
#1324 = CARTESIAN_POINT('',(-0.598637397723,-0.39,8.399999969621E-02));
#1325 = CARTESIAN_POINT('',(-0.598668842394,-0.39,8.45999997725E-02));
#1326 = CARTESIAN_POINT('',(-0.598731731729,-0.39,8.579999977265E-02));
#1327 = CARTESIAN_POINT('',(-0.598763176393,-0.39,8.63999996965E-02));
#1328 = CARTESIAN_POINT('',(-0.598794621065,-0.39,8.699999977273E-02));
#1329 = CARTESIAN_POINT('',(-0.5988575104,-0.39,8.819999977288E-02));
#1330 = CARTESIAN_POINT('',(-0.598888955063,-0.39,8.879999969679E-02));
#1331 = CARTESIAN_POINT('',(-0.598920399735,-0.39,8.939999977296E-02));
#1332 = CARTESIAN_POINT('',(-0.59898328907,-0.39,9.059999977311E-02));
#1333 = CARTESIAN_POINT('',(-0.599014733734,-0.39,9.119999969708E-02));
#1334 = CARTESIAN_POINT('',(-0.599046178405,-0.39,9.179999977319E-02));
#1335 = CARTESIAN_POINT('',(-0.59910906774,-0.39,9.299999977334E-02));
#1336 = CARTESIAN_POINT('',(-0.599140512404,-0.39,9.359999969736E-02));
#1337 = CARTESIAN_POINT('',(-0.599171957075,-0.39,9.419999977342E-02));
#1338 = CARTESIAN_POINT('',(-0.599234846411,-0.39,9.539999977356E-02));
#1339 = CARTESIAN_POINT('',(-0.599266291074,-0.39,9.599999969765E-02));
#1340 = CARTESIAN_POINT('',(-0.599297735746,-0.39,9.659999977365E-02));
#1341 = CARTESIAN_POINT('',(-0.599360625081,-0.39,9.779999977379E-02));
#1342 = CARTESIAN_POINT('',(-0.599392069744,-0.39,9.839999969794E-02));
#1343 = CARTESIAN_POINT('',(-0.599423514416,-0.39,9.899999977388E-02));
#1344 = CARTESIAN_POINT('',(-0.599486403751,-0.39,0.100199999774));
#1345 = CARTESIAN_POINT('',(-0.599517848415,-0.39,0.100799999698));
#1346 = CARTESIAN_POINT('',(-0.599549293086,-0.39,0.101399999774));
#1347 = CARTESIAN_POINT('',(-0.599612182421,-0.39,0.102599999774));
#1348 = CARTESIAN_POINT('',(-0.599643627085,-0.39,0.103199999699));
#1349 = CARTESIAN_POINT('',(-0.599675071757,-0.39,0.103799999774));
#1350 = CARTESIAN_POINT('',(-0.599737961092,-0.39,0.104999999774));
#1351 = CARTESIAN_POINT('',(-0.599769405755,-0.39,0.105599999699));
#1352 = CARTESIAN_POINT('',(-0.599800850427,-0.39,0.106199999775));
#1353 = CARTESIAN_POINT('',(-0.599874221309,-0.39,0.107599999598));
#1354 = CARTESIAN_POINT('',(-0.599916147525,-0.39,0.108399999463));
#1355 = CARTESIAN_POINT('',(-0.599958073755,-0.39,0.109199999597));
#1356 = CARTESIAN_POINT('',(-0.6,-0.39,0.11));
#1357 = ORIENTED_EDGE('',*,*,#1358,.F.);
#1358 = EDGE_CURVE('',#1146,#1253,#1359,.T.);
#1359 = LINE('',#1360,#1361);
#1360 = CARTESIAN_POINT('',(-0.6,0.8,0.11));
#1361 = VECTOR('',#1362,1.);
#1362 = DIRECTION('',(2.22044604925E-16,-1.,0.));
#1363 = B_SPLINE_SURFACE_WITH_KNOTS('',1,1,(
    (#1364,#1365)
    ,(#1366,#1367
    )),.UNSPECIFIED.,.F.,.F.,.F.,(2,2),(2,2),(0.,1.6),(0.,1.),
  .PIECEWISE_BEZIER_KNOTS.);
#1364 = CARTESIAN_POINT('',(-0.595807377657,0.795807377657,3.E-02));
#1365 = CARTESIAN_POINT('',(-0.6,0.8,0.11));
#1366 = CARTESIAN_POINT('',(-0.595807377657,-0.795807377657,3.E-02));
#1367 = CARTESIAN_POINT('',(-0.6,-0.8,0.11));
#1368 = ADVANCED_FACE('',(#1369),#1394,.F.);
#1369 = FACE_BOUND('',#1370,.F.);
#1370 = EDGE_LOOP('',(#1371,#1379,#1387,#1393));
#1371 = ORIENTED_EDGE('',*,*,#1372,.F.);
#1372 = EDGE_CURVE('',#1373,#456,#1375,.T.);
#1373 = VERTEX_POINT('',#1374);
#1374 = CARTESIAN_POINT('',(0.595807377657,-0.11,0.));
#1375 = LINE('',#1376,#1377);
#1376 = CARTESIAN_POINT('',(0.595807377657,-0.11,0.));
#1377 = VECTOR('',#1378,1.);
#1378 = DIRECTION('',(0.,0.,1.));
#1379 = ORIENTED_EDGE('',*,*,#1380,.T.);
#1380 = EDGE_CURVE('',#1373,#1381,#1383,.T.);
#1381 = VERTEX_POINT('',#1382);
#1382 = CARTESIAN_POINT('',(0.595807377657,0.11,0.));
#1383 = LINE('',#1384,#1385);
#1384 = CARTESIAN_POINT('',(0.595807377657,-0.11,0.));
#1385 = VECTOR('',#1386,1.);
#1386 = DIRECTION('',(-1.110223024625E-16,1.,0.));
#1387 = ORIENTED_EDGE('',*,*,#1388,.T.);
#1388 = EDGE_CURVE('',#1381,#448,#1389,.T.);
#1389 = LINE('',#1390,#1391);
#1390 = CARTESIAN_POINT('',(0.595807377657,0.11,0.));
#1391 = VECTOR('',#1392,1.);
#1392 = DIRECTION('',(0.,0.,1.));
#1393 = ORIENTED_EDGE('',*,*,#455,.F.);
#1394 = PLANE('',#1395);
#1395 = AXIS2_PLACEMENT_3D('',#1396,#1397,#1398);
#1396 = CARTESIAN_POINT('',(0.595807377657,-0.11,0.));
#1397 = DIRECTION('',(1.,1.110223024625E-16,0.));
#1398 = DIRECTION('',(0.,-0.,1.));
#1399 = ADVANCED_FACE('',(#1400),#1425,.F.);
#1400 = FACE_BOUND('',#1401,.F.);
#1401 = EDGE_LOOP('',(#1402,#1410,#1418,#1424));
#1402 = ORIENTED_EDGE('',*,*,#1403,.F.);
#1403 = EDGE_CURVE('',#1404,#504,#1406,.T.);
#1404 = VERTEX_POINT('',#1405);
#1405 = CARTESIAN_POINT('',(-0.595807377657,-0.39,0.));
#1406 = LINE('',#1407,#1408);
#1407 = CARTESIAN_POINT('',(-0.595807377657,-0.39,0.));
#1408 = VECTOR('',#1409,1.);
#1409 = DIRECTION('',(0.,0.,1.));
#1410 = ORIENTED_EDGE('',*,*,#1411,.T.);
#1411 = EDGE_CURVE('',#1404,#1412,#1414,.T.);
#1412 = VERTEX_POINT('',#1413);
#1413 = CARTESIAN_POINT('',(-0.595807377657,-0.61,0.));
#1414 = LINE('',#1415,#1416);
#1415 = CARTESIAN_POINT('',(-0.595807377657,-0.39,0.));
#1416 = VECTOR('',#1417,1.);
#1417 = DIRECTION('',(-1.144237745222E-17,-1.,0.));
#1418 = ORIENTED_EDGE('',*,*,#1419,.T.);
#1419 = EDGE_CURVE('',#1412,#496,#1420,.T.);
#1420 = LINE('',#1421,#1422);
#1421 = CARTESIAN_POINT('',(-0.595807377657,-0.61,0.));
#1422 = VECTOR('',#1423,1.);
#1423 = DIRECTION('',(0.,0.,1.));
#1424 = ORIENTED_EDGE('',*,*,#503,.F.);
#1425 = PLANE('',#1426);
#1426 = AXIS2_PLACEMENT_3D('',#1427,#1428,#1429);
#1427 = CARTESIAN_POINT('',(-0.595807377657,-0.39,0.));
#1428 = DIRECTION('',(-1.,1.144237745222E-17,0.));
#1429 = DIRECTION('',(0.,0.,1.));
#1430 = ADVANCED_FACE('',(#1431),#1652,.T.);
#1431 = FACE_BOUND('',#1432,.T.);
#1432 = EDGE_LOOP('',(#1433,#1539,#1540,#1646));
#1433 = ORIENTED_EDGE('',*,*,#1434,.F.);
#1434 = EDGE_CURVE('',#464,#1435,#1437,.T.);
#1435 = VERTEX_POINT('',#1436);
#1436 = CARTESIAN_POINT('',(0.6,-0.39,0.11));
#1437 = B_SPLINE_CURVE_WITH_KNOTS('',4,(#1438,#1439,#1440,#1441,#1442,
    #1443,#1444,#1445,#1446,#1447,#1448,#1449,#1450,#1451,#1452,#1453,
    #1454,#1455,#1456,#1457,#1458,#1459,#1460,#1461,#1462,#1463,#1464,
    #1465,#1466,#1467,#1468,#1469,#1470,#1471,#1472,#1473,#1474,#1475,
    #1476,#1477,#1478,#1479,#1480,#1481,#1482,#1483,#1484,#1485,#1486,
    #1487,#1488,#1489,#1490,#1491,#1492,#1493,#1494,#1495,#1496,#1497,
    #1498,#1499,#1500,#1501,#1502,#1503,#1504,#1505,#1506,#1507,#1508,
    #1509,#1510,#1511,#1512,#1513,#1514,#1515,#1516,#1517,#1518,#1519,
    #1520,#1521,#1522,#1523,#1524,#1525,#1526,#1527,#1528,#1529,#1530,
    #1531,#1532,#1533,#1534,#1535,#1536,#1537,#1538),.UNSPECIFIED.,.F.,
  .F.,(5,3,3,3,3,3,3,3,3,3,3,3,3,3,3,3,3,3,3,3,3,3,3,3,3,3,3,3,3,3,3,3,3
    ,5),(0.,3.000037299321E-02,6.00007227273E-02,9.000104922037E-02,
    0.12000135249,0.150001632556,0.180001889434,0.210002123143,
    0.240002333701,0.270002521127,0.300002685437,0.33000282665,
    0.360002944784,0.390003039857,0.420003111887,0.45000316089,
    0.480003186887,0.510003189893,0.540003169928,0.570003127008,
    0.600003061152,0.630002972377,0.660002860701,0.690002726142,
    0.720002568718,0.750002388446,0.780002185344,0.810001959429,
    0.84000171072,0.870001439234,0.900001144989,0.930000828001,
    0.960000488289,1.),.UNSPECIFIED.);
#1438 = CARTESIAN_POINT('',(0.595807377657,-0.39,3.E-02));
#1439 = CARTESIAN_POINT('',(0.595838822313,-0.39,3.059999976731E-02));
#1440 = CARTESIAN_POINT('',(0.595870266976,-0.39,3.119999968979E-02));
#1441 = CARTESIAN_POINT('',(0.595901711648,-0.39,3.179999976739E-02));
#1442 = CARTESIAN_POINT('',(0.595964600983,-0.39,3.299999976754E-02));
#1443 = CARTESIAN_POINT('',(0.595996045647,-0.39,3.359999969008E-02));
#1444 = CARTESIAN_POINT('',(0.596027490318,-0.39,3.419999976763E-02));
#1445 = CARTESIAN_POINT('',(0.596090379653,-0.39,3.539999976777E-02));
#1446 = CARTESIAN_POINT('',(0.596121824317,-0.39,3.599999969038E-02));
#1447 = CARTESIAN_POINT('',(0.596153268988,-0.39,3.659999976786E-02));
#1448 = CARTESIAN_POINT('',(0.596216158324,-0.39,3.779999976801E-02));
#1449 = CARTESIAN_POINT('',(0.596247602987,-0.39,3.839999969067E-02));
#1450 = CARTESIAN_POINT('',(0.596279047659,-0.39,3.899999976809E-02));
#1451 = CARTESIAN_POINT('',(0.596341936994,-0.39,4.019999976824E-02));
#1452 = CARTESIAN_POINT('',(0.596373381657,-0.39,4.079999969097E-02));
#1453 = CARTESIAN_POINT('',(0.596404826329,-0.39,4.139999976833E-02));
#1454 = CARTESIAN_POINT('',(0.596467715664,-0.39,4.259999976848E-02));
#1455 = CARTESIAN_POINT('',(0.596499160328,-0.39,4.319999969126E-02));
#1456 = CARTESIAN_POINT('',(0.596530604999,-0.39,4.379999976856E-02));
#1457 = CARTESIAN_POINT('',(0.596593494334,-0.39,4.499999976871E-02));
#1458 = CARTESIAN_POINT('',(0.596624938998,-0.39,4.559999969155E-02));
#1459 = CARTESIAN_POINT('',(0.59665638367,-0.39,4.61999997688E-02));
#1460 = CARTESIAN_POINT('',(0.596719273005,-0.39,4.739999976894E-02));
#1461 = CARTESIAN_POINT('',(0.596750717668,-0.39,4.799999969185E-02));
#1462 = CARTESIAN_POINT('',(0.59678216234,-0.39,4.859999976903E-02));
#1463 = CARTESIAN_POINT('',(0.596845051675,-0.39,4.979999976918E-02));
#1464 = CARTESIAN_POINT('',(0.596876496339,-0.39,5.039999969214E-02));
#1465 = CARTESIAN_POINT('',(0.59690794101,-0.39,5.099999976926E-02));
#1466 = CARTESIAN_POINT('',(0.596970830345,-0.39,5.219999976941E-02));
#1467 = CARTESIAN_POINT('',(0.597002275009,-0.39,5.279999969243E-02));
#1468 = CARTESIAN_POINT('',(0.59703371968,-0.39,5.339999976949E-02));
#1469 = CARTESIAN_POINT('',(0.597096609016,-0.39,5.459999976964E-02));
#1470 = CARTESIAN_POINT('',(0.597128053679,-0.39,5.519999969272E-02));
#1471 = CARTESIAN_POINT('',(0.597159498351,-0.39,5.579999976973E-02));
#1472 = CARTESIAN_POINT('',(0.597222387686,-0.39,5.699999976987E-02));
#1473 = CARTESIAN_POINT('',(0.597253832349,-0.39,5.759999969302E-02));
#1474 = CARTESIAN_POINT('',(0.597285277021,-0.39,5.819999976996E-02));
#1475 = CARTESIAN_POINT('',(0.597348166356,-0.39,5.939999977011E-02));
#1476 = CARTESIAN_POINT('',(0.59737961102,-0.39,5.999999969331E-02));
#1477 = CARTESIAN_POINT('',(0.597411055691,-0.39,6.059999977019E-02));
#1478 = CARTESIAN_POINT('',(0.597473945027,-0.39,6.179999977034E-02));
#1479 = CARTESIAN_POINT('',(0.59750538969,-0.39,6.23999996936E-02));
#1480 = CARTESIAN_POINT('',(0.597536834362,-0.39,6.299999977042E-02));
#1481 = CARTESIAN_POINT('',(0.597599723697,-0.39,6.419999977057E-02));
#1482 = CARTESIAN_POINT('',(0.59763116836,-0.39,6.479999969389E-02));
#1483 = CARTESIAN_POINT('',(0.597662613032,-0.39,6.539999977066E-02));
#1484 = CARTESIAN_POINT('',(0.597725502367,-0.39,6.65999997708E-02));
#1485 = CARTESIAN_POINT('',(0.597756947031,-0.39,6.719999969418E-02));
#1486 = CARTESIAN_POINT('',(0.597788391702,-0.39,6.779999977089E-02));
#1487 = CARTESIAN_POINT('',(0.597851281037,-0.39,6.899999977103E-02));
#1488 = CARTESIAN_POINT('',(0.597882725701,-0.39,6.959999969447E-02));
#1489 = CARTESIAN_POINT('',(0.597914170373,-0.39,7.019999977112E-02));
#1490 = CARTESIAN_POINT('',(0.597977059708,-0.39,7.139999977126E-02));
#1491 = CARTESIAN_POINT('',(0.598008504371,-0.39,7.199999969476E-02));
#1492 = CARTESIAN_POINT('',(0.598039949043,-0.39,7.259999977135E-02));
#1493 = CARTESIAN_POINT('',(0.598102838378,-0.39,7.379999977149E-02));
#1494 = CARTESIAN_POINT('',(0.598134283042,-0.39,7.439999969505E-02));
#1495 = CARTESIAN_POINT('',(0.598165727713,-0.39,7.499999977158E-02));
#1496 = CARTESIAN_POINT('',(0.598228617048,-0.39,7.619999977173E-02));
#1497 = CARTESIAN_POINT('',(0.598260061712,-0.39,7.679999969534E-02));
#1498 = CARTESIAN_POINT('',(0.598291506383,-0.39,7.739999977181E-02));
#1499 = CARTESIAN_POINT('',(0.598354395719,-0.39,7.859999977196E-02));
#1500 = CARTESIAN_POINT('',(0.598385840382,-0.39,7.919999969563E-02));
#1501 = CARTESIAN_POINT('',(0.598417285054,-0.39,7.979999977204E-02));
#1502 = CARTESIAN_POINT('',(0.598480174389,-0.39,8.099999977219E-02));
#1503 = CARTESIAN_POINT('',(0.598511619052,-0.39,8.159999969592E-02));
#1504 = CARTESIAN_POINT('',(0.598543063724,-0.39,8.219999977227E-02));
#1505 = CARTESIAN_POINT('',(0.598605953059,-0.39,8.339999977242E-02));
#1506 = CARTESIAN_POINT('',(0.598637397723,-0.39,8.399999969621E-02));
#1507 = CARTESIAN_POINT('',(0.598668842394,-0.39,8.45999997725E-02));
#1508 = CARTESIAN_POINT('',(0.598731731729,-0.39,8.579999977265E-02));
#1509 = CARTESIAN_POINT('',(0.598763176393,-0.39,8.63999996965E-02));
#1510 = CARTESIAN_POINT('',(0.598794621065,-0.39,8.699999977273E-02));
#1511 = CARTESIAN_POINT('',(0.5988575104,-0.39,8.819999977288E-02));
#1512 = CARTESIAN_POINT('',(0.598888955063,-0.39,8.879999969679E-02));
#1513 = CARTESIAN_POINT('',(0.598920399735,-0.39,8.939999977296E-02));
#1514 = CARTESIAN_POINT('',(0.59898328907,-0.39,9.059999977311E-02));
#1515 = CARTESIAN_POINT('',(0.599014733734,-0.39,9.119999969708E-02));
#1516 = CARTESIAN_POINT('',(0.599046178405,-0.39,9.179999977319E-02));
#1517 = CARTESIAN_POINT('',(0.59910906774,-0.39,9.299999977334E-02));
#1518 = CARTESIAN_POINT('',(0.599140512404,-0.39,9.359999969737E-02));
#1519 = CARTESIAN_POINT('',(0.599171957075,-0.39,9.419999977342E-02));
#1520 = CARTESIAN_POINT('',(0.599234846411,-0.39,9.539999977356E-02));
#1521 = CARTESIAN_POINT('',(0.599266291074,-0.39,9.599999969765E-02));
#1522 = CARTESIAN_POINT('',(0.599297735746,-0.39,9.659999977365E-02));
#1523 = CARTESIAN_POINT('',(0.599360625081,-0.39,9.779999977379E-02));
#1524 = CARTESIAN_POINT('',(0.599392069744,-0.39,9.839999969794E-02));
#1525 = CARTESIAN_POINT('',(0.599423514416,-0.39,9.899999977388E-02));
#1526 = CARTESIAN_POINT('',(0.599486403751,-0.39,0.100199999774));
#1527 = CARTESIAN_POINT('',(0.599517848415,-0.39,0.100799999698));
#1528 = CARTESIAN_POINT('',(0.599549293086,-0.39,0.101399999774));
#1529 = CARTESIAN_POINT('',(0.599612182421,-0.39,0.102599999774));
#1530 = CARTESIAN_POINT('',(0.599643627085,-0.39,0.103199999699));
#1531 = CARTESIAN_POINT('',(0.599675071757,-0.39,0.103799999774));
#1532 = CARTESIAN_POINT('',(0.599737961092,-0.39,0.104999999774));
#1533 = CARTESIAN_POINT('',(0.599769405755,-0.39,0.105599999699));
#1534 = CARTESIAN_POINT('',(0.599800850427,-0.39,0.106199999775));
#1535 = CARTESIAN_POINT('',(0.599874221309,-0.39,0.107599999598));
#1536 = CARTESIAN_POINT('',(0.599916147525,-0.39,0.108399999463));
#1537 = CARTESIAN_POINT('',(0.599958073755,-0.39,0.109199999597));
#1538 = CARTESIAN_POINT('',(0.6,-0.39,0.11));
#1539 = ORIENTED_EDGE('',*,*,#463,.T.);
#1540 = ORIENTED_EDGE('',*,*,#1541,.T.);
#1541 = EDGE_CURVE('',#456,#1542,#1544,.T.);
#1542 = VERTEX_POINT('',#1543);
#1543 = CARTESIAN_POINT('',(0.6,-0.11,0.11));
#1544 = B_SPLINE_CURVE_WITH_KNOTS('',4,(#1545,#1546,#1547,#1548,#1549,
    #1550,#1551,#1552,#1553,#1554,#1555,#1556,#1557,#1558,#1559,#1560,
    #1561,#1562,#1563,#1564,#1565,#1566,#1567,#1568,#1569,#1570,#1571,
    #1572,#1573,#1574,#1575,#1576,#1577,#1578,#1579,#1580,#1581,#1582,
    #1583,#1584,#1585,#1586,#1587,#1588,#1589,#1590,#1591,#1592,#1593,
    #1594,#1595,#1596,#1597,#1598,#1599,#1600,#1601,#1602,#1603,#1604,
    #1605,#1606,#1607,#1608,#1609,#1610,#1611,#1612,#1613,#1614,#1615,
    #1616,#1617,#1618,#1619,#1620,#1621,#1622,#1623,#1624,#1625,#1626,
    #1627,#1628,#1629,#1630,#1631,#1632,#1633,#1634,#1635,#1636,#1637,
    #1638,#1639,#1640,#1641,#1642,#1643,#1644,#1645),.UNSPECIFIED.,.F.,
  .F.,(5,3,3,3,3,3,3,3,3,3,3,3,3,3,3,3,3,3,3,3,3,3,3,3,3,3,3,3,3,3,3,3,3
    ,5),(0.,3.000003027794E-02,6.000005866757E-02,9.000008517037E-02,
    0.120000109788,0.150000132521,0.180000153373,0.210000172343,
    0.240000189434,0.270000204647,0.300000217984,0.330000229446,
    0.360000239034,0.39000024675,0.420000252596,0.450000256572,
    0.480000258682,0.510000258925,0.540000257303,0.570000253818,
    0.600000248471,0.630000241265,0.660000232199,0.690000221276,
    0.720000208498,0.750000193864,0.780000177378,0.810000159041,
    0.840000138853,0.870000116817,0.900000092934,0.930000067205,
    0.960000039632,1.),.UNSPECIFIED.);
#1545 = CARTESIAN_POINT('',(0.595807377657,-0.11,3.E-02));
#1546 = CARTESIAN_POINT('',(0.595838822324,-0.11,3.059999998111E-02));
#1547 = CARTESIAN_POINT('',(0.595870266991,-0.11,3.119999997481E-02));
#1548 = CARTESIAN_POINT('',(0.595901711659,-0.11,3.179999998111E-02));
#1549 = CARTESIAN_POINT('',(0.595964600994,-0.11,3.299999998113E-02));
#1550 = CARTESIAN_POINT('',(0.595996045661,-0.11,3.359999997484E-02));
#1551 = CARTESIAN_POINT('',(0.596027490329,-0.11,3.419999998113E-02));
#1552 = CARTESIAN_POINT('',(0.596090379664,-0.11,3.539999998115E-02));
#1553 = CARTESIAN_POINT('',(0.596121824332,-0.11,3.599999997486E-02));
#1554 = CARTESIAN_POINT('',(0.596153269,-0.11,3.659999998115E-02));
#1555 = CARTESIAN_POINT('',(0.596216158335,-0.11,3.779999998117E-02));
#1556 = CARTESIAN_POINT('',(0.596247603002,-0.11,3.839999997489E-02));
#1557 = CARTESIAN_POINT('',(0.59627904767,-0.11,3.899999998117E-02));
#1558 = CARTESIAN_POINT('',(0.596341937005,-0.11,4.019999998118E-02));
#1559 = CARTESIAN_POINT('',(0.596373381672,-0.11,4.079999997491E-02));
#1560 = CARTESIAN_POINT('',(0.59640482634,-0.11,4.139999998119E-02));
#1561 = CARTESIAN_POINT('',(0.596467715675,-0.11,4.25999999812E-02));
#1562 = CARTESIAN_POINT('',(0.596499160343,-0.11,4.319999997494E-02));
#1563 = CARTESIAN_POINT('',(0.59653060501,-0.11,4.379999998121E-02));
#1564 = CARTESIAN_POINT('',(0.596593494346,-0.11,4.499999998122E-02));
#1565 = CARTESIAN_POINT('',(0.596624939013,-0.11,4.559999997496E-02));
#1566 = CARTESIAN_POINT('',(0.596656383681,-0.11,4.619999998123E-02));
#1567 = CARTESIAN_POINT('',(0.596719273016,-0.11,4.739999998124E-02));
#1568 = CARTESIAN_POINT('',(0.596750717683,-0.11,4.799999997498E-02));
#1569 = CARTESIAN_POINT('',(0.596782162351,-0.11,4.859999998125E-02));
#1570 = CARTESIAN_POINT('',(0.596845051686,-0.11,4.979999998126E-02));
#1571 = CARTESIAN_POINT('',(0.596876496353,-0.11,5.039999997501E-02));
#1572 = CARTESIAN_POINT('',(0.596907941021,-0.11,5.099999998127E-02));
#1573 = CARTESIAN_POINT('',(0.596970830356,-0.11,5.219999998128E-02));
#1574 = CARTESIAN_POINT('',(0.597002275024,-0.11,5.279999997503E-02));
#1575 = CARTESIAN_POINT('',(0.597033719692,-0.11,5.339999998129E-02));
#1576 = CARTESIAN_POINT('',(0.597096609027,-0.11,5.45999999813E-02));
#1577 = CARTESIAN_POINT('',(0.597128053694,-0.11,5.519999997506E-02));
#1578 = CARTESIAN_POINT('',(0.597159498362,-0.11,5.579999998131E-02));
#1579 = CARTESIAN_POINT('',(0.597222387697,-0.11,5.699999998132E-02));
#1580 = CARTESIAN_POINT('',(0.597253832364,-0.11,5.759999997508E-02));
#1581 = CARTESIAN_POINT('',(0.597285277032,-0.11,5.819999998133E-02));
#1582 = CARTESIAN_POINT('',(0.597348166367,-0.11,5.939999998134E-02));
#1583 = CARTESIAN_POINT('',(0.597379611035,-0.11,5.99999999751E-02));
#1584 = CARTESIAN_POINT('',(0.597411055702,-0.11,6.059999998134E-02));
#1585 = CARTESIAN_POINT('',(0.597473945038,-0.11,6.179999998136E-02));
#1586 = CARTESIAN_POINT('',(0.597505389705,-0.11,6.239999997513E-02));
#1587 = CARTESIAN_POINT('',(0.597536834373,-0.11,6.299999998136E-02));
#1588 = CARTESIAN_POINT('',(0.597599723708,-0.11,6.419999998138E-02));
#1589 = CARTESIAN_POINT('',(0.597631168375,-0.11,6.479999997515E-02));
#1590 = CARTESIAN_POINT('',(0.597662613043,-0.11,6.539999998138E-02));
#1591 = CARTESIAN_POINT('',(0.597725502378,-0.11,6.659999998139E-02));
#1592 = CARTESIAN_POINT('',(0.597756947045,-0.11,6.719999997518E-02));
#1593 = CARTESIAN_POINT('',(0.597788391713,-0.11,6.77999999814E-02));
#1594 = CARTESIAN_POINT('',(0.597851281048,-0.11,6.899999998141E-02));
#1595 = CARTESIAN_POINT('',(0.597882725716,-0.11,6.95999999752E-02));
#1596 = CARTESIAN_POINT('',(0.597914170384,-0.11,7.019999998142E-02));
#1597 = CARTESIAN_POINT('',(0.597977059719,-0.11,7.139999998143E-02));
#1598 = CARTESIAN_POINT('',(0.598008504386,-0.11,7.199999997522E-02));
#1599 = CARTESIAN_POINT('',(0.598039949054,-0.11,7.259999998144E-02));
#1600 = CARTESIAN_POINT('',(0.598102838389,-0.11,7.379999998145E-02));
#1601 = CARTESIAN_POINT('',(0.598134283056,-0.11,7.439999997525E-02));
#1602 = CARTESIAN_POINT('',(0.598165727724,-0.11,7.499999998146E-02));
#1603 = CARTESIAN_POINT('',(0.598228617059,-0.11,7.619999998147E-02));
#1604 = CARTESIAN_POINT('',(0.598260061727,-0.11,7.679999997527E-02));
#1605 = CARTESIAN_POINT('',(0.598291506394,-0.11,7.739999998148E-02));
#1606 = CARTESIAN_POINT('',(0.59835439573,-0.11,7.859999998149E-02));
#1607 = CARTESIAN_POINT('',(0.598385840397,-0.11,7.919999997529E-02));
#1608 = CARTESIAN_POINT('',(0.598417285065,-0.11,7.97999999815E-02));
#1609 = CARTESIAN_POINT('',(0.5984801744,-0.11,8.099999998151E-02));
#1610 = CARTESIAN_POINT('',(0.598511619067,-0.11,8.159999997532E-02));
#1611 = CARTESIAN_POINT('',(0.598543063735,-0.11,8.219999998151E-02));
#1612 = CARTESIAN_POINT('',(0.59860595307,-0.11,8.339999998153E-02));
#1613 = CARTESIAN_POINT('',(0.598637397737,-0.11,8.399999997534E-02));
#1614 = CARTESIAN_POINT('',(0.598668842405,-0.11,8.459999998153E-02));
#1615 = CARTESIAN_POINT('',(0.59873173174,-0.11,8.579999998155E-02));
#1616 = CARTESIAN_POINT('',(0.598763176408,-0.11,8.639999997536E-02));
#1617 = CARTESIAN_POINT('',(0.598794621076,-0.11,8.699999998155E-02));
#1618 = CARTESIAN_POINT('',(0.598857510411,-0.11,8.819999998156E-02));
#1619 = CARTESIAN_POINT('',(0.598888955078,-0.11,8.879999997539E-02));
#1620 = CARTESIAN_POINT('',(0.598920399746,-0.11,8.939999998157E-02));
#1621 = CARTESIAN_POINT('',(0.598983289081,-0.11,9.059999998158E-02));
#1622 = CARTESIAN_POINT('',(0.599014733748,-0.11,9.119999997541E-02));
#1623 = CARTESIAN_POINT('',(0.599046178416,-0.11,9.179999998159E-02));
#1624 = CARTESIAN_POINT('',(0.599109067751,-0.11,9.29999999816E-02));
#1625 = CARTESIAN_POINT('',(0.599140512418,-0.11,9.359999997544E-02));
#1626 = CARTESIAN_POINT('',(0.599171957086,-0.11,9.419999998161E-02));
#1627 = CARTESIAN_POINT('',(0.599234846422,-0.11,9.539999998162E-02));
#1628 = CARTESIAN_POINT('',(0.599266291089,-0.11,9.599999997546E-02));
#1629 = CARTESIAN_POINT('',(0.599297735757,-0.11,9.659999998163E-02));
#1630 = CARTESIAN_POINT('',(0.599360625092,-0.11,9.779999998164E-02));
#1631 = CARTESIAN_POINT('',(0.599392069759,-0.11,9.839999997548E-02));
#1632 = CARTESIAN_POINT('',(0.599423514427,-0.11,9.899999998165E-02));
#1633 = CARTESIAN_POINT('',(0.599486403762,-0.11,0.100199999982));
#1634 = CARTESIAN_POINT('',(0.599517848429,-0.11,0.100799999976));
#1635 = CARTESIAN_POINT('',(0.599549293097,-0.11,0.101399999982));
#1636 = CARTESIAN_POINT('',(0.599612182432,-0.11,0.102599999982));
#1637 = CARTESIAN_POINT('',(0.5996436271,-0.11,0.103199999976));
#1638 = CARTESIAN_POINT('',(0.599675071767,-0.11,0.103799999982));
#1639 = CARTESIAN_POINT('',(0.599737961103,-0.11,0.104999999982));
#1640 = CARTESIAN_POINT('',(0.59976940577,-0.11,0.105599999976));
#1641 = CARTESIAN_POINT('',(0.599800850438,-0.11,0.106199999982));
#1642 = CARTESIAN_POINT('',(0.599874221328,-0.11,0.107599999967));
#1643 = CARTESIAN_POINT('',(0.599916147551,-0.11,0.108399999956));
#1644 = CARTESIAN_POINT('',(0.599958073775,-0.11,0.109199999967));
#1645 = CARTESIAN_POINT('',(0.6,-0.11,0.11));
#1646 = ORIENTED_EDGE('',*,*,#1647,.F.);
#1647 = EDGE_CURVE('',#1435,#1542,#1648,.T.);
#1648 = LINE('',#1649,#1650);
#1649 = CARTESIAN_POINT('',(0.6,-0.8,0.11));
#1650 = VECTOR('',#1651,1.);
#1651 = DIRECTION('',(-2.22044604925E-16,1.,0.));
#1652 = B_SPLINE_SURFACE_WITH_KNOTS('',1,1,(
    (#1653,#1654)
    ,(#1655,#1656
    )),.UNSPECIFIED.,.F.,.F.,.F.,(2,2),(2,2),(0.,1.6),(0.,1.),
  .PIECEWISE_BEZIER_KNOTS.);
#1653 = CARTESIAN_POINT('',(0.595807377657,-0.795807377657,3.E-02));
#1654 = CARTESIAN_POINT('',(0.6,-0.8,0.11));
#1655 = CARTESIAN_POINT('',(0.595807377657,0.795807377657,3.E-02));
#1656 = CARTESIAN_POINT('',(0.6,0.8,0.11));
#1657 = ADVANCED_FACE('',(#1658),#1780,.T.);
#1658 = FACE_BOUND('',#1659,.T.);
#1659 = EDGE_LOOP('',(#1660,#1766,#1767,#1774));
#1660 = ORIENTED_EDGE('',*,*,#1661,.F.);
#1661 = EDGE_CURVE('',#496,#1662,#1664,.T.);
#1662 = VERTEX_POINT('',#1663);
#1663 = CARTESIAN_POINT('',(-0.6,-0.61,0.11));
#1664 = B_SPLINE_CURVE_WITH_KNOTS('',4,(#1665,#1666,#1667,#1668,#1669,
    #1670,#1671,#1672,#1673,#1674,#1675,#1676,#1677,#1678,#1679,#1680,
    #1681,#1682,#1683,#1684,#1685,#1686,#1687,#1688,#1689,#1690,#1691,
    #1692,#1693,#1694,#1695,#1696,#1697,#1698,#1699,#1700,#1701,#1702,
    #1703,#1704,#1705,#1706,#1707,#1708,#1709,#1710,#1711,#1712,#1713,
    #1714,#1715,#1716,#1717,#1718,#1719,#1720,#1721,#1722,#1723,#1724,
    #1725,#1726,#1727,#1728,#1729,#1730,#1731,#1732,#1733,#1734,#1735,
    #1736,#1737,#1738,#1739,#1740,#1741,#1742,#1743,#1744,#1745,#1746,
    #1747,#1748,#1749,#1750,#1751,#1752,#1753,#1754,#1755,#1756,#1757,
    #1758,#1759,#1760,#1761,#1762,#1763,#1764,#1765),.UNSPECIFIED.,.F.,
  .F.,(5,3,3,3,3,3,3,3,3,3,3,3,3,3,3,3,3,3,3,3,3,3,3,3,3,3,3,3,3,3,3,3,3
    ,5),(0.,3.000088527396E-02,6.000171535367E-02,9.000249028108E-02,
    0.120003210098,0.150003874847,0.180004484568,0.210005039305,
    0.240005539099,0.270005983992,0.300006374024,0.330006709239,
    0.360006989677,0.39000721538,0.42000738639,0.450007502748,
    0.480007564495,0.510007571674,0.540007524325,0.570007422489,
    0.600007266209,0.630007055525,0.660006790478,0.69000647111,
    0.720006097463,0.750005669576,0.780005187491,0.810004651249,
    0.840004060892,0.87000341646,0.900002717994,0.930001965535,
    0.960001159124,1.),.UNSPECIFIED.);
#1665 = CARTESIAN_POINT('',(-0.595807377657,-0.61,3.E-02));
#1666 = CARTESIAN_POINT('',(-0.595838822296,-0.61,3.059999944783E-02));
#1667 = CARTESIAN_POINT('',(-0.595870266954,-0.61,3.119999926389E-02));
#1668 = CARTESIAN_POINT('',(-0.595901711631,-0.61,3.179999944803E-02));
#1669 = CARTESIAN_POINT('',(-0.595964600966,-0.61,3.299999944838E-02));
#1670 = CARTESIAN_POINT('',(-0.595996045624,-0.61,3.359999926458E-02));
#1671 = CARTESIAN_POINT('',(-0.596027490301,-0.61,3.419999944858E-02));
#1672 = CARTESIAN_POINT('',(-0.596090379637,-0.61,3.539999944893E-02));
#1673 = CARTESIAN_POINT('',(-0.596121824295,-0.61,3.599999926526E-02));
#1674 = CARTESIAN_POINT('',(-0.596153268972,-0.61,3.659999944913E-02));
#1675 = CARTESIAN_POINT('',(-0.596216158307,-0.61,3.779999944948E-02));
#1676 = CARTESIAN_POINT('',(-0.596247602965,-0.61,3.839999926595E-02));
#1677 = CARTESIAN_POINT('',(-0.596279047642,-0.61,3.899999944968E-02));
#1678 = CARTESIAN_POINT('',(-0.596341936977,-0.61,4.019999945003E-02));
#1679 = CARTESIAN_POINT('',(-0.596373381635,-0.61,4.079999926664E-02));
#1680 = CARTESIAN_POINT('',(-0.596404826312,-0.61,4.139999945023E-02));
#1681 = CARTESIAN_POINT('',(-0.596467715648,-0.61,4.259999945058E-02));
#1682 = CARTESIAN_POINT('',(-0.596499160305,-0.61,4.319999926733E-02));
#1683 = CARTESIAN_POINT('',(-0.596530604983,-0.61,4.379999945078E-02));
#1684 = CARTESIAN_POINT('',(-0.596593494318,-0.61,4.499999945112E-02));
#1685 = CARTESIAN_POINT('',(-0.596624938976,-0.61,4.559999926801E-02));
#1686 = CARTESIAN_POINT('',(-0.596656383653,-0.61,4.619999945133E-02));
#1687 = CARTESIAN_POINT('',(-0.596719272988,-0.61,4.739999945167E-02));
#1688 = CARTESIAN_POINT('',(-0.596750717646,-0.61,4.79999992687E-02));
#1689 = CARTESIAN_POINT('',(-0.596782162323,-0.61,4.859999945188E-02));
#1690 = CARTESIAN_POINT('',(-0.596845051658,-0.61,4.979999945222E-02));
#1691 = CARTESIAN_POINT('',(-0.596876496316,-0.61,5.039999926939E-02));
#1692 = CARTESIAN_POINT('',(-0.596907940994,-0.61,5.099999945242E-02));
#1693 = CARTESIAN_POINT('',(-0.596970830329,-0.61,5.219999945277E-02));
#1694 = CARTESIAN_POINT('',(-0.597002274987,-0.61,5.279999927007E-02));
#1695 = CARTESIAN_POINT('',(-0.597033719664,-0.61,5.339999945297E-02));
#1696 = CARTESIAN_POINT('',(-0.597096608999,-0.61,5.459999945331E-02));
#1697 = CARTESIAN_POINT('',(-0.597128053657,-0.61,5.519999927076E-02));
#1698 = CARTESIAN_POINT('',(-0.597159498334,-0.61,5.579999945351E-02));
#1699 = CARTESIAN_POINT('',(-0.597222387669,-0.61,5.699999945386E-02));
#1700 = CARTESIAN_POINT('',(-0.597253832327,-0.61,5.759999927144E-02));
#1701 = CARTESIAN_POINT('',(-0.597285277005,-0.61,5.819999945406E-02));
#1702 = CARTESIAN_POINT('',(-0.59734816634,-0.61,5.93999994544E-02));
#1703 = CARTESIAN_POINT('',(-0.597379610998,-0.61,5.999999927213E-02));
#1704 = CARTESIAN_POINT('',(-0.597411055675,-0.61,6.059999945461E-02));
#1705 = CARTESIAN_POINT('',(-0.59747394501,-0.61,6.179999945495E-02));
#1706 = CARTESIAN_POINT('',(-0.597505389668,-0.61,6.239999927281E-02));
#1707 = CARTESIAN_POINT('',(-0.597536834345,-0.61,6.299999945515E-02));
#1708 = CARTESIAN_POINT('',(-0.59759972368,-0.61,6.419999945549E-02));
#1709 = CARTESIAN_POINT('',(-0.597631168338,-0.61,6.479999927349E-02));
#1710 = CARTESIAN_POINT('',(-0.597662613015,-0.61,6.539999945569E-02));
#1711 = CARTESIAN_POINT('',(-0.597725502351,-0.61,6.659999945604E-02));
#1712 = CARTESIAN_POINT('',(-0.597756947009,-0.61,6.719999927417E-02));
#1713 = CARTESIAN_POINT('',(-0.597788391686,-0.61,6.779999945624E-02));
#1714 = CARTESIAN_POINT('',(-0.597851281021,-0.61,6.899999945658E-02));
#1715 = CARTESIAN_POINT('',(-0.597882725679,-0.61,6.959999927485E-02));
#1716 = CARTESIAN_POINT('',(-0.597914170356,-0.61,7.019999945678E-02));
#1717 = CARTESIAN_POINT('',(-0.597977059691,-0.61,7.139999945712E-02));
#1718 = CARTESIAN_POINT('',(-0.598008504349,-0.61,7.199999927553E-02));
#1719 = CARTESIAN_POINT('',(-0.598039949026,-0.61,7.259999945732E-02));
#1720 = CARTESIAN_POINT('',(-0.598102838362,-0.61,7.379999945766E-02));
#1721 = CARTESIAN_POINT('',(-0.59813428302,-0.61,7.439999927621E-02));
#1722 = CARTESIAN_POINT('',(-0.598165727697,-0.61,7.499999945787E-02));
#1723 = CARTESIAN_POINT('',(-0.598228617032,-0.61,7.619999945821E-02));
#1724 = CARTESIAN_POINT('',(-0.59826006169,-0.61,7.679999927689E-02));
#1725 = CARTESIAN_POINT('',(-0.598291506367,-0.61,7.739999945841E-02));
#1726 = CARTESIAN_POINT('',(-0.598354395702,-0.61,7.859999945875E-02));
#1727 = CARTESIAN_POINT('',(-0.59838584036,-0.61,7.919999927757E-02));
#1728 = CARTESIAN_POINT('',(-0.598417285037,-0.61,7.979999945895E-02));
#1729 = CARTESIAN_POINT('',(-0.598480174372,-0.61,8.099999945929E-02));
#1730 = CARTESIAN_POINT('',(-0.598511619031,-0.61,8.159999927825E-02));
#1731 = CARTESIAN_POINT('',(-0.598543063708,-0.61,8.219999945949E-02));
#1732 = CARTESIAN_POINT('',(-0.598605953043,-0.61,8.339999945983E-02));
#1733 = CARTESIAN_POINT('',(-0.598637397701,-0.61,8.399999927893E-02));
#1734 = CARTESIAN_POINT('',(-0.598668842378,-0.61,8.459999946003E-02));
#1735 = CARTESIAN_POINT('',(-0.598731731713,-0.61,8.579999946037E-02));
#1736 = CARTESIAN_POINT('',(-0.598763176371,-0.61,8.63999992796E-02));
#1737 = CARTESIAN_POINT('',(-0.598794621048,-0.61,8.699999946057E-02));
#1738 = CARTESIAN_POINT('',(-0.598857510383,-0.61,8.819999946091E-02));
#1739 = CARTESIAN_POINT('',(-0.598888955041,-0.61,8.879999928028E-02));
#1740 = CARTESIAN_POINT('',(-0.598920399719,-0.61,8.939999946111E-02));
#1741 = CARTESIAN_POINT('',(-0.598983289054,-0.61,9.059999946145E-02));
#1742 = CARTESIAN_POINT('',(-0.599014733712,-0.61,9.119999928096E-02));
#1743 = CARTESIAN_POINT('',(-0.599046178389,-0.61,9.179999946165E-02));
#1744 = CARTESIAN_POINT('',(-0.599109067724,-0.61,9.299999946199E-02));
#1745 = CARTESIAN_POINT('',(-0.599140512382,-0.61,9.359999928163E-02));
#1746 = CARTESIAN_POINT('',(-0.599171957059,-0.61,9.419999946219E-02));
#1747 = CARTESIAN_POINT('',(-0.599234846394,-0.61,9.539999946253E-02));
#1748 = CARTESIAN_POINT('',(-0.599266291052,-0.61,9.599999928231E-02));
#1749 = CARTESIAN_POINT('',(-0.599297735729,-0.61,9.659999946273E-02));
#1750 = CARTESIAN_POINT('',(-0.599360625065,-0.61,9.779999946306E-02));
#1751 = CARTESIAN_POINT('',(-0.599392069723,-0.61,9.839999928298E-02));
#1752 = CARTESIAN_POINT('',(-0.5994235144,-0.61,9.899999946326E-02));
#1753 = CARTESIAN_POINT('',(-0.599486403735,-0.61,0.100199999464));
#1754 = CARTESIAN_POINT('',(-0.599517848393,-0.61,0.100799999284));
#1755 = CARTESIAN_POINT('',(-0.59954929307,-0.61,0.101399999464));
#1756 = CARTESIAN_POINT('',(-0.599612182405,-0.61,0.102599999464));
#1757 = CARTESIAN_POINT('',(-0.599643627063,-0.61,0.103199999284));
#1758 = CARTESIAN_POINT('',(-0.59967507174,-0.61,0.103799999464));
#1759 = CARTESIAN_POINT('',(-0.599737961076,-0.61,0.104999999465));
#1760 = CARTESIAN_POINT('',(-0.599769405734,-0.61,0.105599999285));
#1761 = CARTESIAN_POINT('',(-0.599800850411,-0.61,0.106199999465));
#1762 = CARTESIAN_POINT('',(-0.59987422128,-0.61,0.107599999045));
#1763 = CARTESIAN_POINT('',(-0.599916147486,-0.61,0.108399998725));
#1764 = CARTESIAN_POINT('',(-0.599958073726,-0.61,0.109199999043));
#1765 = CARTESIAN_POINT('',(-0.6,-0.61,0.11));
#1766 = ORIENTED_EDGE('',*,*,#495,.T.);
#1767 = ORIENTED_EDGE('',*,*,#1768,.T.);
#1768 = EDGE_CURVE('',#488,#1769,#1771,.T.);
#1769 = VERTEX_POINT('',#1770);
#1770 = CARTESIAN_POINT('',(-0.6,-0.8,0.11));
#1771 = B_SPLINE_CURVE_WITH_KNOTS('',1,(#1772,#1773),.UNSPECIFIED.,.F.,
  .F.,(2,2),(0.,1.),.PIECEWISE_BEZIER_KNOTS.);
#1772 = CARTESIAN_POINT('',(-0.595807377657,-0.795807377657,3.E-02));
#1773 = CARTESIAN_POINT('',(-0.6,-0.8,0.11));
#1774 = ORIENTED_EDGE('',*,*,#1775,.F.);
#1775 = EDGE_CURVE('',#1662,#1769,#1776,.T.);
#1776 = LINE('',#1777,#1778);
#1777 = CARTESIAN_POINT('',(-0.6,0.8,0.11));
#1778 = VECTOR('',#1779,1.);
#1779 = DIRECTION('',(2.22044604925E-16,-1.,0.));
#1780 = B_SPLINE_SURFACE_WITH_KNOTS('',1,1,(
    (#1781,#1782)
    ,(#1783,#1784
    )),.UNSPECIFIED.,.F.,.F.,.F.,(2,2),(2,2),(0.,1.6),(0.,1.),
  .PIECEWISE_BEZIER_KNOTS.);
#1781 = CARTESIAN_POINT('',(-0.595807377657,0.795807377657,3.E-02));
#1782 = CARTESIAN_POINT('',(-0.6,0.8,0.11));
#1783 = CARTESIAN_POINT('',(-0.595807377657,-0.795807377657,3.E-02));
#1784 = CARTESIAN_POINT('',(-0.6,-0.8,0.11));
#1785 = ADVANCED_FACE('',(#1786),#1811,.F.);
#1786 = FACE_BOUND('',#1787,.F.);
#1787 = EDGE_LOOP('',(#1788,#1796,#1804,#1810));
#1788 = ORIENTED_EDGE('',*,*,#1789,.F.);
#1789 = EDGE_CURVE('',#1790,#472,#1792,.T.);
#1790 = VERTEX_POINT('',#1791);
#1791 = CARTESIAN_POINT('',(0.595807377657,-0.61,0.));
#1792 = LINE('',#1793,#1794);
#1793 = CARTESIAN_POINT('',(0.595807377657,-0.61,0.));
#1794 = VECTOR('',#1795,1.);
#1795 = DIRECTION('',(0.,0.,1.));
#1796 = ORIENTED_EDGE('',*,*,#1797,.T.);
#1797 = EDGE_CURVE('',#1790,#1798,#1800,.T.);
#1798 = VERTEX_POINT('',#1799);
#1799 = CARTESIAN_POINT('',(0.595807377657,-0.39,0.));
#1800 = LINE('',#1801,#1802);
#1801 = CARTESIAN_POINT('',(0.595807377657,-0.61,0.));
#1802 = VECTOR('',#1803,1.);
#1803 = DIRECTION('',(-1.110223024625E-16,1.,0.));
#1804 = ORIENTED_EDGE('',*,*,#1805,.T.);
#1805 = EDGE_CURVE('',#1798,#464,#1806,.T.);
#1806 = LINE('',#1807,#1808);
#1807 = CARTESIAN_POINT('',(0.595807377657,-0.39,0.));
#1808 = VECTOR('',#1809,1.);
#1809 = DIRECTION('',(0.,0.,1.));
#1810 = ORIENTED_EDGE('',*,*,#471,.F.);
#1811 = PLANE('',#1812);
#1812 = AXIS2_PLACEMENT_3D('',#1813,#1814,#1815);
#1813 = CARTESIAN_POINT('',(0.595807377657,-0.61,0.));
#1814 = DIRECTION('',(1.,1.110223024625E-16,0.));
#1815 = DIRECTION('',(0.,-0.,1.));
#1816 = ADVANCED_FACE('',(#1817),#1834,.T.);
#1817 = FACE_BOUND('',#1818,.T.);
#1818 = EDGE_LOOP('',(#1819,#1820,#1827,#1833));
#1819 = ORIENTED_EDGE('',*,*,#487,.T.);
#1820 = ORIENTED_EDGE('',*,*,#1821,.T.);
#1821 = EDGE_CURVE('',#480,#1822,#1824,.T.);
#1822 = VERTEX_POINT('',#1823);
#1823 = CARTESIAN_POINT('',(0.6,-0.8,0.11));
#1824 = B_SPLINE_CURVE_WITH_KNOTS('',1,(#1825,#1826),.UNSPECIFIED.,.F.,
  .F.,(2,2),(0.,1.),.PIECEWISE_BEZIER_KNOTS.);
#1825 = CARTESIAN_POINT('',(0.595807377657,-0.795807377657,3.E-02));
#1826 = CARTESIAN_POINT('',(0.6,-0.8,0.11));
#1827 = ORIENTED_EDGE('',*,*,#1828,.F.);
#1828 = EDGE_CURVE('',#1769,#1822,#1829,.T.);
#1829 = LINE('',#1830,#1831);
#1830 = CARTESIAN_POINT('',(-0.6,-0.8,0.11));
#1831 = VECTOR('',#1832,1.);
#1832 = DIRECTION('',(1.,2.22044604925E-16,0.));
#1833 = ORIENTED_EDGE('',*,*,#1768,.F.);
#1834 = B_SPLINE_SURFACE_WITH_KNOTS('',1,1,(
    (#1835,#1836)
    ,(#1837,#1838
    )),.UNSPECIFIED.,.F.,.F.,.F.,(2,2),(2,2),(0.,1.2),(0.,1.),
  .PIECEWISE_BEZIER_KNOTS.);
#1835 = CARTESIAN_POINT('',(-0.595807377657,-0.795807377657,3.E-02));
#1836 = CARTESIAN_POINT('',(-0.6,-0.8,0.11));
#1837 = CARTESIAN_POINT('',(0.595807377657,-0.795807377657,3.E-02));
#1838 = CARTESIAN_POINT('',(0.6,-0.8,0.11));
#1839 = ADVANCED_FACE('',(#1840),#1956,.T.);
#1840 = FACE_BOUND('',#1841,.T.);
#1841 = EDGE_LOOP('',(#1842,#1843,#1844,#1950));
#1842 = ORIENTED_EDGE('',*,*,#1821,.F.);
#1843 = ORIENTED_EDGE('',*,*,#479,.T.);
#1844 = ORIENTED_EDGE('',*,*,#1845,.T.);
#1845 = EDGE_CURVE('',#472,#1846,#1848,.T.);
#1846 = VERTEX_POINT('',#1847);
#1847 = CARTESIAN_POINT('',(0.6,-0.61,0.11));
#1848 = B_SPLINE_CURVE_WITH_KNOTS('',4,(#1849,#1850,#1851,#1852,#1853,
    #1854,#1855,#1856,#1857,#1858,#1859,#1860,#1861,#1862,#1863,#1864,
    #1865,#1866,#1867,#1868,#1869,#1870,#1871,#1872,#1873,#1874,#1875,
    #1876,#1877,#1878,#1879,#1880,#1881,#1882,#1883,#1884,#1885,#1886,
    #1887,#1888,#1889,#1890,#1891,#1892,#1893,#1894,#1895,#1896,#1897,
    #1898,#1899,#1900,#1901,#1902,#1903,#1904,#1905,#1906,#1907,#1908,
    #1909,#1910,#1911,#1912,#1913,#1914,#1915,#1916,#1917,#1918,#1919,
    #1920,#1921,#1922,#1923,#1924,#1925,#1926,#1927,#1928,#1929,#1930,
    #1931,#1932,#1933,#1934,#1935,#1936,#1937,#1938,#1939,#1940,#1941,
    #1942,#1943,#1944,#1945,#1946,#1947,#1948,#1949),.UNSPECIFIED.,.F.,
  .F.,(5,3,3,3,3,3,3,3,3,3,3,3,3,3,3,3,3,3,3,3,3,3,3,3,3,3,3,3,3,3,3,3,3
    ,5),(0.,3.000088527394E-02,6.000171535362E-02,9.0002490281E-02,
    0.120003210098,0.150003874846,0.180004484568,0.210005039305,
    0.240005539099,0.270005983991,0.300006374024,0.330006709239,
    0.360006989677,0.39000721538,0.420007386389,0.450007502747,
    0.480007564495,0.510007571673,0.540007524324,0.570007422489,
    0.600007266208,0.630007055524,0.660006790478,0.69000647111,
    0.720006097462,0.750005669575,0.780005187491,0.810004651249,
    0.840004060892,0.87000341646,0.900002717994,0.930001965535,
    0.960001159124,1.),.UNSPECIFIED.);
#1849 = CARTESIAN_POINT('',(0.595807377657,-0.61,3.E-02));
#1850 = CARTESIAN_POINT('',(0.595838822296,-0.61,3.059999944783E-02));
#1851 = CARTESIAN_POINT('',(0.595870266954,-0.61,3.119999926388E-02));
#1852 = CARTESIAN_POINT('',(0.595901711631,-0.61,3.179999944803E-02));
#1853 = CARTESIAN_POINT('',(0.595964600966,-0.61,3.299999944838E-02));
#1854 = CARTESIAN_POINT('',(0.595996045624,-0.61,3.359999926458E-02));
#1855 = CARTESIAN_POINT('',(0.596027490301,-0.61,3.419999944858E-02));
#1856 = CARTESIAN_POINT('',(0.596090379637,-0.61,3.539999944893E-02));
#1857 = CARTESIAN_POINT('',(0.596121824295,-0.61,3.599999926526E-02));
#1858 = CARTESIAN_POINT('',(0.596153268972,-0.61,3.659999944913E-02));
#1859 = CARTESIAN_POINT('',(0.596216158307,-0.61,3.779999944948E-02));
#1860 = CARTESIAN_POINT('',(0.596247602965,-0.61,3.839999926595E-02));
#1861 = CARTESIAN_POINT('',(0.596279047642,-0.61,3.899999944968E-02));
#1862 = CARTESIAN_POINT('',(0.596341936977,-0.61,4.019999945003E-02));
#1863 = CARTESIAN_POINT('',(0.596373381635,-0.61,4.079999926664E-02));
#1864 = CARTESIAN_POINT('',(0.596404826312,-0.61,4.139999945023E-02));
#1865 = CARTESIAN_POINT('',(0.596467715648,-0.61,4.259999945058E-02));
#1866 = CARTESIAN_POINT('',(0.596499160305,-0.61,4.319999926733E-02));
#1867 = CARTESIAN_POINT('',(0.596530604983,-0.61,4.379999945078E-02));
#1868 = CARTESIAN_POINT('',(0.596593494318,-0.61,4.499999945112E-02));
#1869 = CARTESIAN_POINT('',(0.596624938976,-0.61,4.559999926801E-02));
#1870 = CARTESIAN_POINT('',(0.596656383653,-0.61,4.619999945133E-02));
#1871 = CARTESIAN_POINT('',(0.596719272988,-0.61,4.739999945167E-02));
#1872 = CARTESIAN_POINT('',(0.596750717646,-0.61,4.79999992687E-02));
#1873 = CARTESIAN_POINT('',(0.596782162323,-0.61,4.859999945188E-02));
#1874 = CARTESIAN_POINT('',(0.596845051658,-0.61,4.979999945222E-02));
#1875 = CARTESIAN_POINT('',(0.596876496316,-0.61,5.039999926939E-02));
#1876 = CARTESIAN_POINT('',(0.596907940994,-0.61,5.099999945242E-02));
#1877 = CARTESIAN_POINT('',(0.596970830329,-0.61,5.219999945277E-02));
#1878 = CARTESIAN_POINT('',(0.597002274987,-0.61,5.279999927007E-02));
#1879 = CARTESIAN_POINT('',(0.597033719664,-0.61,5.339999945297E-02));
#1880 = CARTESIAN_POINT('',(0.597096608999,-0.61,5.459999945331E-02));
#1881 = CARTESIAN_POINT('',(0.597128053657,-0.61,5.519999927076E-02));
#1882 = CARTESIAN_POINT('',(0.597159498334,-0.61,5.579999945351E-02));
#1883 = CARTESIAN_POINT('',(0.597222387669,-0.61,5.699999945386E-02));
#1884 = CARTESIAN_POINT('',(0.597253832327,-0.61,5.759999927144E-02));
#1885 = CARTESIAN_POINT('',(0.597285277005,-0.61,5.819999945406E-02));
#1886 = CARTESIAN_POINT('',(0.59734816634,-0.61,5.93999994544E-02));
#1887 = CARTESIAN_POINT('',(0.597379610998,-0.61,5.999999927213E-02));
#1888 = CARTESIAN_POINT('',(0.597411055675,-0.61,6.059999945461E-02));
#1889 = CARTESIAN_POINT('',(0.59747394501,-0.61,6.179999945495E-02));
#1890 = CARTESIAN_POINT('',(0.597505389668,-0.61,6.239999927281E-02));
#1891 = CARTESIAN_POINT('',(0.597536834345,-0.61,6.299999945515E-02));
#1892 = CARTESIAN_POINT('',(0.59759972368,-0.61,6.419999945549E-02));
#1893 = CARTESIAN_POINT('',(0.597631168338,-0.61,6.479999927349E-02));
#1894 = CARTESIAN_POINT('',(0.597662613015,-0.61,6.539999945569E-02));
#1895 = CARTESIAN_POINT('',(0.597725502351,-0.61,6.659999945604E-02));
#1896 = CARTESIAN_POINT('',(0.597756947009,-0.61,6.719999927417E-02));
#1897 = CARTESIAN_POINT('',(0.597788391686,-0.61,6.779999945624E-02));
#1898 = CARTESIAN_POINT('',(0.597851281021,-0.61,6.899999945658E-02));
#1899 = CARTESIAN_POINT('',(0.597882725679,-0.61,6.959999927485E-02));
#1900 = CARTESIAN_POINT('',(0.597914170356,-0.61,7.019999945678E-02));
#1901 = CARTESIAN_POINT('',(0.597977059691,-0.61,7.139999945712E-02));
#1902 = CARTESIAN_POINT('',(0.598008504349,-0.61,7.199999927553E-02));
#1903 = CARTESIAN_POINT('',(0.598039949026,-0.61,7.259999945732E-02));
#1904 = CARTESIAN_POINT('',(0.598102838362,-0.61,7.379999945766E-02));
#1905 = CARTESIAN_POINT('',(0.59813428302,-0.61,7.439999927621E-02));
#1906 = CARTESIAN_POINT('',(0.598165727697,-0.61,7.499999945787E-02));
#1907 = CARTESIAN_POINT('',(0.598228617032,-0.61,7.619999945821E-02));
#1908 = CARTESIAN_POINT('',(0.59826006169,-0.61,7.679999927689E-02));
#1909 = CARTESIAN_POINT('',(0.598291506367,-0.61,7.739999945841E-02));
#1910 = CARTESIAN_POINT('',(0.598354395702,-0.61,7.859999945875E-02));
#1911 = CARTESIAN_POINT('',(0.59838584036,-0.61,7.919999927757E-02));
#1912 = CARTESIAN_POINT('',(0.598417285037,-0.61,7.979999945895E-02));
#1913 = CARTESIAN_POINT('',(0.598480174372,-0.61,8.099999945929E-02));
#1914 = CARTESIAN_POINT('',(0.598511619031,-0.61,8.159999927825E-02));
#1915 = CARTESIAN_POINT('',(0.598543063708,-0.61,8.219999945949E-02));
#1916 = CARTESIAN_POINT('',(0.598605953043,-0.61,8.339999945983E-02));
#1917 = CARTESIAN_POINT('',(0.598637397701,-0.61,8.399999927893E-02));
#1918 = CARTESIAN_POINT('',(0.598668842378,-0.61,8.459999946003E-02));
#1919 = CARTESIAN_POINT('',(0.598731731713,-0.61,8.579999946037E-02));
#1920 = CARTESIAN_POINT('',(0.598763176371,-0.61,8.63999992796E-02));
#1921 = CARTESIAN_POINT('',(0.598794621048,-0.61,8.699999946057E-02));
#1922 = CARTESIAN_POINT('',(0.598857510383,-0.61,8.819999946091E-02));
#1923 = CARTESIAN_POINT('',(0.598888955041,-0.61,8.879999928028E-02));
#1924 = CARTESIAN_POINT('',(0.598920399719,-0.61,8.939999946111E-02));
#1925 = CARTESIAN_POINT('',(0.598983289054,-0.61,9.059999946145E-02));
#1926 = CARTESIAN_POINT('',(0.599014733712,-0.61,9.119999928096E-02));
#1927 = CARTESIAN_POINT('',(0.599046178389,-0.61,9.179999946165E-02));
#1928 = CARTESIAN_POINT('',(0.599109067724,-0.61,9.299999946199E-02));
#1929 = CARTESIAN_POINT('',(0.599140512382,-0.61,9.359999928163E-02));
#1930 = CARTESIAN_POINT('',(0.599171957059,-0.61,9.419999946219E-02));
#1931 = CARTESIAN_POINT('',(0.599234846394,-0.61,9.539999946253E-02));
#1932 = CARTESIAN_POINT('',(0.599266291052,-0.61,9.599999928231E-02));
#1933 = CARTESIAN_POINT('',(0.599297735729,-0.61,9.659999946273E-02));
#1934 = CARTESIAN_POINT('',(0.599360625065,-0.61,9.779999946306E-02));
#1935 = CARTESIAN_POINT('',(0.599392069723,-0.61,9.839999928298E-02));
#1936 = CARTESIAN_POINT('',(0.5994235144,-0.61,9.899999946326E-02));
#1937 = CARTESIAN_POINT('',(0.599486403735,-0.61,0.100199999464));
#1938 = CARTESIAN_POINT('',(0.599517848393,-0.61,0.100799999284));
#1939 = CARTESIAN_POINT('',(0.59954929307,-0.61,0.101399999464));
#1940 = CARTESIAN_POINT('',(0.599612182405,-0.61,0.102599999464));
#1941 = CARTESIAN_POINT('',(0.599643627063,-0.61,0.103199999284));
#1942 = CARTESIAN_POINT('',(0.59967507174,-0.61,0.103799999464));
#1943 = CARTESIAN_POINT('',(0.599737961076,-0.61,0.104999999465));
#1944 = CARTESIAN_POINT('',(0.599769405734,-0.61,0.105599999285));
#1945 = CARTESIAN_POINT('',(0.599800850411,-0.61,0.106199999465));
#1946 = CARTESIAN_POINT('',(0.59987422128,-0.61,0.107599999045));
#1947 = CARTESIAN_POINT('',(0.599916147486,-0.61,0.108399998725));
#1948 = CARTESIAN_POINT('',(0.599958073726,-0.61,0.109199999043));
#1949 = CARTESIAN_POINT('',(0.6,-0.61,0.11));
#1950 = ORIENTED_EDGE('',*,*,#1951,.F.);
#1951 = EDGE_CURVE('',#1822,#1846,#1952,.T.);
#1952 = LINE('',#1953,#1954);
#1953 = CARTESIAN_POINT('',(0.6,-0.8,0.11));
#1954 = VECTOR('',#1955,1.);
#1955 = DIRECTION('',(-2.22044604925E-16,1.,0.));
#1956 = B_SPLINE_SURFACE_WITH_KNOTS('',1,1,(
    (#1957,#1958)
    ,(#1959,#1960
    )),.UNSPECIFIED.,.F.,.F.,.F.,(2,2),(2,2),(0.,1.6),(0.,1.),
  .PIECEWISE_BEZIER_KNOTS.);
#1957 = CARTESIAN_POINT('',(0.595807377657,-0.795807377657,3.E-02));
#1958 = CARTESIAN_POINT('',(0.6,-0.8,0.11));
#1959 = CARTESIAN_POINT('',(0.595807377657,0.795807377657,3.E-02));
#1960 = CARTESIAN_POINT('',(0.6,0.8,0.11));
#1961 = ADVANCED_FACE('',(#1962),#2001,.T.);
#1962 = FACE_BOUND('',#1963,.T.);
#1963 = EDGE_LOOP('',(#1964,#1965,#1971,#1972,#1978,#1979,#1980,#1981,
    #1988,#1996));
#1964 = ORIENTED_EDGE('',*,*,#1951,.T.);
#1965 = ORIENTED_EDGE('',*,*,#1966,.T.);
#1966 = EDGE_CURVE('',#1846,#1435,#1967,.T.);
#1967 = LINE('',#1968,#1969);
#1968 = CARTESIAN_POINT('',(0.6,-0.8,0.11));
#1969 = VECTOR('',#1970,1.);
#1970 = DIRECTION('',(-2.22044604925E-16,1.,0.));
#1971 = ORIENTED_EDGE('',*,*,#1647,.T.);
#1972 = ORIENTED_EDGE('',*,*,#1973,.T.);
#1973 = EDGE_CURVE('',#1542,#590,#1974,.T.);
#1974 = LINE('',#1975,#1976);
#1975 = CARTESIAN_POINT('',(0.6,-0.8,0.11));
#1976 = VECTOR('',#1977,1.);
#1977 = DIRECTION('',(-2.22044604925E-16,1.,0.));
#1978 = ORIENTED_EDGE('',*,*,#697,.T.);
#1979 = ORIENTED_EDGE('',*,*,#549,.T.);
#1980 = ORIENTED_EDGE('',*,*,#575,.T.);
#1981 = ORIENTED_EDGE('',*,*,#1982,.T.);
#1982 = EDGE_CURVE('',#569,#1983,#1985,.T.);
#1983 = VERTEX_POINT('',#1984);
#1984 = CARTESIAN_POINT('',(0.572747954773,0.772747954773,0.63));
#1985 = B_SPLINE_CURVE_WITH_KNOTS('',1,(#1986,#1987),.UNSPECIFIED.,.F.,
  .F.,(2,2),(0.,1.),.PIECEWISE_BEZIER_KNOTS.);
#1986 = CARTESIAN_POINT('',(0.6,0.8,0.11));
#1987 = CARTESIAN_POINT('',(0.572747954773,0.772747954773,0.63));
#1988 = ORIENTED_EDGE('',*,*,#1989,.F.);
#1989 = EDGE_CURVE('',#1990,#1983,#1992,.T.);
#1990 = VERTEX_POINT('',#1991);
#1991 = CARTESIAN_POINT('',(0.572747954773,-0.772747954773,0.63));
#1992 = LINE('',#1993,#1994);
#1993 = CARTESIAN_POINT('',(0.572747954773,-0.772747954773,0.63));
#1994 = VECTOR('',#1995,1.);
#1995 = DIRECTION('',(-2.22044604925E-16,1.,0.));
#1996 = ORIENTED_EDGE('',*,*,#1997,.F.);
#1997 = EDGE_CURVE('',#1822,#1990,#1998,.T.);
#1998 = B_SPLINE_CURVE_WITH_KNOTS('',1,(#1999,#2000),.UNSPECIFIED.,.F.,
  .F.,(2,2),(0.,1.),.PIECEWISE_BEZIER_KNOTS.);
#1999 = CARTESIAN_POINT('',(0.6,-0.8,0.11));
#2000 = CARTESIAN_POINT('',(0.572747954773,-0.772747954773,0.63));
#2001 = B_SPLINE_SURFACE_WITH_KNOTS('',1,1,(
    (#2002,#2003)
    ,(#2004,#2005
    )),.UNSPECIFIED.,.F.,.F.,.F.,(2,2),(2,2),(0.,1.6),(0.,1.),
  .PIECEWISE_BEZIER_KNOTS.);
#2002 = CARTESIAN_POINT('',(0.6,-0.8,0.11));
#2003 = CARTESIAN_POINT('',(0.572747954773,-0.772747954773,0.63));
#2004 = CARTESIAN_POINT('',(0.6,0.8,0.11));
#2005 = CARTESIAN_POINT('',(0.572747954773,0.772747954773,0.63));
#2006 = ADVANCED_FACE('',(#2007),#2033,.T.);
#2007 = FACE_BOUND('',#2008,.T.);
#2008 = EDGE_LOOP('',(#2009,#2019,#2025,#2026,#2027));
#2009 = ORIENTED_EDGE('',*,*,#2010,.F.);
#2010 = EDGE_CURVE('',#2011,#2013,#2015,.T.);
#2011 = VERTEX_POINT('',#2012);
#2012 = CARTESIAN_POINT('',(0.8,0.11,0.));
#2013 = VERTEX_POINT('',#2014);
#2014 = CARTESIAN_POINT('',(0.8,0.11,0.11));
#2015 = LINE('',#2016,#2017);
#2016 = CARTESIAN_POINT('',(0.8,0.11,0.));
#2017 = VECTOR('',#2018,1.);
#2018 = DIRECTION('',(0.,0.,1.));
#2019 = ORIENTED_EDGE('',*,*,#2020,.F.);
#2020 = EDGE_CURVE('',#1381,#2011,#2021,.T.);
#2021 = LINE('',#2022,#2023);
#2022 = CARTESIAN_POINT('',(0.595807377657,0.11,0.));
#2023 = VECTOR('',#2024,1.);
#2024 = DIRECTION('',(1.,1.110223024625E-16,0.));
#2025 = ORIENTED_EDGE('',*,*,#1388,.T.);
#2026 = ORIENTED_EDGE('',*,*,#589,.T.);
#2027 = ORIENTED_EDGE('',*,*,#2028,.T.);
#2028 = EDGE_CURVE('',#590,#2013,#2029,.T.);
#2029 = LINE('',#2030,#2031);
#2030 = CARTESIAN_POINT('',(0.595807377657,0.11,0.11));
#2031 = VECTOR('',#2032,1.);
#2032 = DIRECTION('',(1.,1.110223024625E-16,0.));
#2033 = PLANE('',#2034);
#2034 = AXIS2_PLACEMENT_3D('',#2035,#2036,#2037);
#2035 = CARTESIAN_POINT('',(0.595807377657,0.11,0.));
#2036 = DIRECTION('',(-1.110223024625E-16,1.,0.));
#2037 = DIRECTION('',(0.,0.,1.));
#2038 = ADVANCED_FACE('',(#2039),#2083,.T.);
#2039 = FACE_BOUND('',#2040,.T.);
#2040 = EDGE_LOOP('',(#2041,#2042,#2048,#2049,#2055,#2056,#2062,#2063,
    #2070,#2078));
#2041 = ORIENTED_EDGE('',*,*,#825,.T.);
#2042 = ORIENTED_EDGE('',*,*,#2043,.T.);
#2043 = EDGE_CURVE('',#720,#888,#2044,.T.);
#2044 = LINE('',#2045,#2046);
#2045 = CARTESIAN_POINT('',(-0.6,0.8,0.11));
#2046 = VECTOR('',#2047,1.);
#2047 = DIRECTION('',(2.22044604925E-16,-1.,0.));
#2048 = ORIENTED_EDGE('',*,*,#1100,.T.);
#2049 = ORIENTED_EDGE('',*,*,#2050,.T.);
#2050 = EDGE_CURVE('',#995,#1146,#2051,.T.);
#2051 = LINE('',#2052,#2053);
#2052 = CARTESIAN_POINT('',(-0.6,0.8,0.11));
#2053 = VECTOR('',#2054,1.);
#2054 = DIRECTION('',(2.22044604925E-16,-1.,0.));
#2055 = ORIENTED_EDGE('',*,*,#1358,.T.);
#2056 = ORIENTED_EDGE('',*,*,#2057,.T.);
#2057 = EDGE_CURVE('',#1253,#1662,#2058,.T.);
#2058 = LINE('',#2059,#2060);
#2059 = CARTESIAN_POINT('',(-0.6,0.8,0.11));
#2060 = VECTOR('',#2061,1.);
#2061 = DIRECTION('',(2.22044604925E-16,-1.,0.));
#2062 = ORIENTED_EDGE('',*,*,#1775,.T.);
#2063 = ORIENTED_EDGE('',*,*,#2064,.T.);
#2064 = EDGE_CURVE('',#1769,#2065,#2067,.T.);
#2065 = VERTEX_POINT('',#2066);
#2066 = CARTESIAN_POINT('',(-0.572747954773,-0.772747954773,0.63));
#2067 = B_SPLINE_CURVE_WITH_KNOTS('',1,(#2068,#2069),.UNSPECIFIED.,.F.,
  .F.,(2,2),(0.,1.),.PIECEWISE_BEZIER_KNOTS.);
#2068 = CARTESIAN_POINT('',(-0.6,-0.8,0.11));
#2069 = CARTESIAN_POINT('',(-0.572747954773,-0.772747954773,0.63));
#2070 = ORIENTED_EDGE('',*,*,#2071,.F.);
#2071 = EDGE_CURVE('',#2072,#2065,#2074,.T.);
#2072 = VERTEX_POINT('',#2073);
#2073 = CARTESIAN_POINT('',(-0.572747954773,0.772747954773,0.63));
#2074 = LINE('',#2075,#2076);
#2075 = CARTESIAN_POINT('',(-0.572747954773,0.772747954773,0.63));
#2076 = VECTOR('',#2077,1.);
#2077 = DIRECTION('',(2.22044604925E-16,-1.,0.));
#2078 = ORIENTED_EDGE('',*,*,#2079,.F.);
#2079 = EDGE_CURVE('',#712,#2072,#2080,.T.);
#2080 = B_SPLINE_CURVE_WITH_KNOTS('',1,(#2081,#2082),.UNSPECIFIED.,.F.,
  .F.,(2,2),(0.,1.),.PIECEWISE_BEZIER_KNOTS.);
#2081 = CARTESIAN_POINT('',(-0.6,0.8,0.11));
#2082 = CARTESIAN_POINT('',(-0.572747954773,0.772747954773,0.63));
#2083 = B_SPLINE_SURFACE_WITH_KNOTS('',1,1,(
    (#2084,#2085)
    ,(#2086,#2087
    )),.UNSPECIFIED.,.F.,.F.,.F.,(2,2),(2,2),(0.,1.6),(0.,1.),
  .PIECEWISE_BEZIER_KNOTS.);
#2084 = CARTESIAN_POINT('',(-0.6,0.8,0.11));
#2085 = CARTESIAN_POINT('',(-0.572747954773,0.772747954773,0.63));
#2086 = CARTESIAN_POINT('',(-0.6,-0.8,0.11));
#2087 = CARTESIAN_POINT('',(-0.572747954773,-0.772747954773,0.63));
#2088 = ADVANCED_FACE('',(#2089),#2115,.F.);
#2089 = FACE_BOUND('',#2090,.F.);
#2090 = EDGE_LOOP('',(#2091,#2101,#2107,#2108,#2109));
#2091 = ORIENTED_EDGE('',*,*,#2092,.F.);
#2092 = EDGE_CURVE('',#2093,#2095,#2097,.T.);
#2093 = VERTEX_POINT('',#2094);
#2094 = CARTESIAN_POINT('',(-0.8,0.61,0.));
#2095 = VERTEX_POINT('',#2096);
#2096 = CARTESIAN_POINT('',(-0.8,0.61,0.11));
#2097 = LINE('',#2098,#2099);
#2098 = CARTESIAN_POINT('',(-0.8,0.61,0.));
#2099 = VECTOR('',#2100,1.);
#2100 = DIRECTION('',(0.,0.,1.));
#2101 = ORIENTED_EDGE('',*,*,#2102,.F.);
#2102 = EDGE_CURVE('',#857,#2093,#2103,.T.);
#2103 = LINE('',#2104,#2105);
#2104 = CARTESIAN_POINT('',(-0.595807377657,0.61,0.));
#2105 = VECTOR('',#2106,1.);
#2106 = DIRECTION('',(-1.,1.144237745222E-17,0.));
#2107 = ORIENTED_EDGE('',*,*,#856,.T.);
#2108 = ORIENTED_EDGE('',*,*,#719,.T.);
#2109 = ORIENTED_EDGE('',*,*,#2110,.T.);
#2110 = EDGE_CURVE('',#720,#2095,#2111,.T.);
#2111 = LINE('',#2112,#2113);
#2112 = CARTESIAN_POINT('',(-0.595807377657,0.61,0.11));
#2113 = VECTOR('',#2114,1.);
#2114 = DIRECTION('',(-1.,1.144237745222E-17,0.));
#2115 = PLANE('',#2116);
#2116 = AXIS2_PLACEMENT_3D('',#2117,#2118,#2119);
#2117 = CARTESIAN_POINT('',(-0.595807377657,0.61,0.));
#2118 = DIRECTION('',(-1.144237745222E-17,-1.,0.));
#2119 = DIRECTION('',(0.,0.,1.));
#2120 = ADVANCED_FACE('',(#2121),#2132,.T.);
#2121 = FACE_BOUND('',#2122,.T.);
#2122 = EDGE_LOOP('',(#2123,#2124,#2125,#2131));
#2123 = ORIENTED_EDGE('',*,*,#841,.T.);
#2124 = ORIENTED_EDGE('',*,*,#2079,.T.);
#2125 = ORIENTED_EDGE('',*,*,#2126,.F.);
#2126 = EDGE_CURVE('',#1983,#2072,#2127,.T.);
#2127 = LINE('',#2128,#2129);
#2128 = CARTESIAN_POINT('',(0.572747954773,0.772747954773,0.63));
#2129 = VECTOR('',#2130,1.);
#2130 = DIRECTION('',(-1.,-2.22044604925E-16,0.));
#2131 = ORIENTED_EDGE('',*,*,#1982,.F.);
#2132 = B_SPLINE_SURFACE_WITH_KNOTS('',1,1,(
    (#2133,#2134)
    ,(#2135,#2136
    )),.UNSPECIFIED.,.F.,.F.,.F.,(2,2),(2,2),(0.,1.2),(0.,1.),
  .PIECEWISE_BEZIER_KNOTS.);
#2133 = CARTESIAN_POINT('',(0.6,0.8,0.11));
#2134 = CARTESIAN_POINT('',(0.572747954773,0.772747954773,0.63));
#2135 = CARTESIAN_POINT('',(-0.6,0.8,0.11));
#2136 = CARTESIAN_POINT('',(-0.572747954773,0.772747954773,0.63));
#2137 = ADVANCED_FACE('',(#2138),#2164,.T.);
#2138 = FACE_BOUND('',#2139,.T.);
#2139 = EDGE_LOOP('',(#2140,#2150,#2156,#2157,#2158));
#2140 = ORIENTED_EDGE('',*,*,#2141,.F.);
#2141 = EDGE_CURVE('',#2142,#2144,#2146,.T.);
#2142 = VERTEX_POINT('',#2143);
#2143 = CARTESIAN_POINT('',(-0.8,0.39,0.));
#2144 = VERTEX_POINT('',#2145);
#2145 = CARTESIAN_POINT('',(-0.8,0.39,0.11));
#2146 = LINE('',#2147,#2148);
#2147 = CARTESIAN_POINT('',(-0.8,0.39,0.));
#2148 = VECTOR('',#2149,1.);
#2149 = DIRECTION('',(0.,0.,1.));
#2150 = ORIENTED_EDGE('',*,*,#2151,.F.);
#2151 = EDGE_CURVE('',#865,#2142,#2152,.T.);
#2152 = LINE('',#2153,#2154);
#2153 = CARTESIAN_POINT('',(-0.595807377657,0.39,0.));
#2154 = VECTOR('',#2155,1.);
#2155 = DIRECTION('',(-1.,1.144237745222E-17,0.));
#2156 = ORIENTED_EDGE('',*,*,#872,.T.);
#2157 = ORIENTED_EDGE('',*,*,#887,.T.);
#2158 = ORIENTED_EDGE('',*,*,#2159,.T.);
#2159 = EDGE_CURVE('',#888,#2144,#2160,.T.);
#2160 = LINE('',#2161,#2162);
#2161 = CARTESIAN_POINT('',(-0.595807377657,0.39,0.11));
#2162 = VECTOR('',#2163,1.);
#2163 = DIRECTION('',(-1.,1.144237745222E-17,0.));
#2164 = PLANE('',#2165);
#2165 = AXIS2_PLACEMENT_3D('',#2166,#2167,#2168);
#2166 = CARTESIAN_POINT('',(-0.595807377657,0.39,0.));
#2167 = DIRECTION('',(-1.144237745222E-17,-1.,0.));
#2168 = DIRECTION('',(0.,0.,1.));
#2169 = ADVANCED_FACE('',(#2170),#2181,.F.);
#2170 = FACE_BOUND('',#2171,.F.);
#2171 = EDGE_LOOP('',(#2172,#2173,#2174,#2180));
#2172 = ORIENTED_EDGE('',*,*,#864,.F.);
#2173 = ORIENTED_EDGE('',*,*,#2102,.T.);
#2174 = ORIENTED_EDGE('',*,*,#2175,.T.);
#2175 = EDGE_CURVE('',#2093,#2142,#2176,.T.);
#2176 = LINE('',#2177,#2178);
#2177 = CARTESIAN_POINT('',(-0.8,0.61,0.));
#2178 = VECTOR('',#2179,1.);
#2179 = DIRECTION('',(-1.144237745222E-17,-1.,0.));
#2180 = ORIENTED_EDGE('',*,*,#2151,.F.);
#2181 = PLANE('',#2182);
#2182 = AXIS2_PLACEMENT_3D('',#2183,#2184,#2185);
#2183 = CARTESIAN_POINT('',(-0.595807377657,0.61,0.));
#2184 = DIRECTION('',(0.,0.,1.));
#2185 = DIRECTION('',(-1.,1.144237745222E-17,0.));
#2186 = ADVANCED_FACE('',(#2187),#2213,.F.);
#2187 = FACE_BOUND('',#2188,.F.);
#2188 = EDGE_LOOP('',(#2189,#2199,#2205,#2206,#2207));
#2189 = ORIENTED_EDGE('',*,*,#2190,.F.);
#2190 = EDGE_CURVE('',#2191,#2193,#2195,.T.);
#2191 = VERTEX_POINT('',#2192);
#2192 = CARTESIAN_POINT('',(-0.8,0.11,0.));
#2193 = VERTEX_POINT('',#2194);
#2194 = CARTESIAN_POINT('',(-0.8,0.11,0.11));
#2195 = LINE('',#2196,#2197);
#2196 = CARTESIAN_POINT('',(-0.8,0.11,0.));
#2197 = VECTOR('',#2198,1.);
#2198 = DIRECTION('',(0.,0.,1.));
#2199 = ORIENTED_EDGE('',*,*,#2200,.F.);
#2200 = EDGE_CURVE('',#1115,#2191,#2201,.T.);
#2201 = LINE('',#2202,#2203);
#2202 = CARTESIAN_POINT('',(-0.595807377657,0.11,0.));
#2203 = VECTOR('',#2204,1.);
#2204 = DIRECTION('',(-1.,1.144237745222E-17,0.));
#2205 = ORIENTED_EDGE('',*,*,#1114,.T.);
#2206 = ORIENTED_EDGE('',*,*,#994,.T.);
#2207 = ORIENTED_EDGE('',*,*,#2208,.T.);
#2208 = EDGE_CURVE('',#995,#2193,#2209,.T.);
#2209 = LINE('',#2210,#2211);
#2210 = CARTESIAN_POINT('',(-0.595807377657,0.11,0.11));
#2211 = VECTOR('',#2212,1.);
#2212 = DIRECTION('',(-1.,1.144237745222E-17,0.));
#2213 = PLANE('',#2214);
#2214 = AXIS2_PLACEMENT_3D('',#2215,#2216,#2217);
#2215 = CARTESIAN_POINT('',(-0.595807377657,0.11,0.));
#2216 = DIRECTION('',(-1.144237745222E-17,-1.,0.));
#2217 = DIRECTION('',(0.,0.,1.));
#2218 = ADVANCED_FACE('',(#2219),#2245,.T.);
#2219 = FACE_BOUND('',#2220,.T.);
#2220 = EDGE_LOOP('',(#2221,#2231,#2237,#2238,#2239));
#2221 = ORIENTED_EDGE('',*,*,#2222,.F.);
#2222 = EDGE_CURVE('',#2223,#2225,#2227,.T.);
#2223 = VERTEX_POINT('',#2224);
#2224 = CARTESIAN_POINT('',(-0.8,-0.11,0.));
#2225 = VERTEX_POINT('',#2226);
#2226 = CARTESIAN_POINT('',(-0.8,-0.11,0.11));
#2227 = LINE('',#2228,#2229);
#2228 = CARTESIAN_POINT('',(-0.8,-0.11,0.));
#2229 = VECTOR('',#2230,1.);
#2230 = DIRECTION('',(0.,0.,1.));
#2231 = ORIENTED_EDGE('',*,*,#2232,.F.);
#2232 = EDGE_CURVE('',#1123,#2223,#2233,.T.);
#2233 = LINE('',#2234,#2235);
#2234 = CARTESIAN_POINT('',(-0.595807377657,-0.11,0.));
#2235 = VECTOR('',#2236,1.);
#2236 = DIRECTION('',(-1.,1.144237745222E-17,0.));
#2237 = ORIENTED_EDGE('',*,*,#1130,.T.);
#2238 = ORIENTED_EDGE('',*,*,#1145,.T.);
#2239 = ORIENTED_EDGE('',*,*,#2240,.T.);
#2240 = EDGE_CURVE('',#1146,#2225,#2241,.T.);
#2241 = LINE('',#2242,#2243);
#2242 = CARTESIAN_POINT('',(-0.595807377657,-0.11,0.11));
#2243 = VECTOR('',#2244,1.);
#2244 = DIRECTION('',(-1.,1.144237745222E-17,0.));
#2245 = PLANE('',#2246);
#2246 = AXIS2_PLACEMENT_3D('',#2247,#2248,#2249);
#2247 = CARTESIAN_POINT('',(-0.595807377657,-0.11,0.));
#2248 = DIRECTION('',(-1.144237745222E-17,-1.,0.));
#2249 = DIRECTION('',(0.,0.,1.));
#2250 = ADVANCED_FACE('',(#2251),#2262,.F.);
#2251 = FACE_BOUND('',#2252,.F.);
#2252 = EDGE_LOOP('',(#2253,#2254,#2255,#2261));
#2253 = ORIENTED_EDGE('',*,*,#1122,.F.);
#2254 = ORIENTED_EDGE('',*,*,#2200,.T.);
#2255 = ORIENTED_EDGE('',*,*,#2256,.T.);
#2256 = EDGE_CURVE('',#2191,#2223,#2257,.T.);
#2257 = LINE('',#2258,#2259);
#2258 = CARTESIAN_POINT('',(-0.8,0.11,0.));
#2259 = VECTOR('',#2260,1.);
#2260 = DIRECTION('',(-1.144237745222E-17,-1.,0.));
#2261 = ORIENTED_EDGE('',*,*,#2232,.F.);
#2262 = PLANE('',#2263);
#2263 = AXIS2_PLACEMENT_3D('',#2264,#2265,#2266);
#2264 = CARTESIAN_POINT('',(-0.595807377657,0.11,0.));
#2265 = DIRECTION('',(0.,0.,1.));
#2266 = DIRECTION('',(-1.,1.144237745222E-17,0.));
#2267 = ADVANCED_FACE('',(#2268),#2294,.F.);
#2268 = FACE_BOUND('',#2269,.F.);
#2269 = EDGE_LOOP('',(#2270,#2280,#2286,#2287,#2288));
#2270 = ORIENTED_EDGE('',*,*,#2271,.F.);
#2271 = EDGE_CURVE('',#2272,#2274,#2276,.T.);
#2272 = VERTEX_POINT('',#2273);
#2273 = CARTESIAN_POINT('',(-0.8,-0.39,0.));
#2274 = VERTEX_POINT('',#2275);
#2275 = CARTESIAN_POINT('',(-0.8,-0.39,0.11));
#2276 = LINE('',#2277,#2278);
#2277 = CARTESIAN_POINT('',(-0.8,-0.39,0.));
#2278 = VECTOR('',#2279,1.);
#2279 = DIRECTION('',(0.,0.,1.));
#2280 = ORIENTED_EDGE('',*,*,#2281,.F.);
#2281 = EDGE_CURVE('',#1404,#2272,#2282,.T.);
#2282 = LINE('',#2283,#2284);
#2283 = CARTESIAN_POINT('',(-0.595807377657,-0.39,0.));
#2284 = VECTOR('',#2285,1.);
#2285 = DIRECTION('',(-1.,1.144237745222E-17,0.));
#2286 = ORIENTED_EDGE('',*,*,#1403,.T.);
#2287 = ORIENTED_EDGE('',*,*,#1252,.T.);
#2288 = ORIENTED_EDGE('',*,*,#2289,.T.);
#2289 = EDGE_CURVE('',#1253,#2274,#2290,.T.);
#2290 = LINE('',#2291,#2292);
#2291 = CARTESIAN_POINT('',(-0.595807377657,-0.39,0.11));
#2292 = VECTOR('',#2293,1.);
#2293 = DIRECTION('',(-1.,1.144237745222E-17,0.));
#2294 = PLANE('',#2295);
#2295 = AXIS2_PLACEMENT_3D('',#2296,#2297,#2298);
#2296 = CARTESIAN_POINT('',(-0.595807377657,-0.39,0.));
#2297 = DIRECTION('',(-1.144237745222E-17,-1.,0.));
#2298 = DIRECTION('',(0.,0.,1.));
#2299 = ADVANCED_FACE('',(#2300),#2326,.F.);
#2300 = FACE_BOUND('',#2301,.F.);
#2301 = EDGE_LOOP('',(#2302,#2312,#2318,#2319,#2320));
#2302 = ORIENTED_EDGE('',*,*,#2303,.F.);
#2303 = EDGE_CURVE('',#2304,#2306,#2308,.T.);
#2304 = VERTEX_POINT('',#2305);
#2305 = CARTESIAN_POINT('',(0.8,-0.11,0.));
#2306 = VERTEX_POINT('',#2307);
#2307 = CARTESIAN_POINT('',(0.8,-0.11,0.11));
#2308 = LINE('',#2309,#2310);
#2309 = CARTESIAN_POINT('',(0.8,-0.11,0.));
#2310 = VECTOR('',#2311,1.);
#2311 = DIRECTION('',(0.,0.,1.));
#2312 = ORIENTED_EDGE('',*,*,#2313,.F.);
#2313 = EDGE_CURVE('',#1373,#2304,#2314,.T.);
#2314 = LINE('',#2315,#2316);
#2315 = CARTESIAN_POINT('',(0.595807377657,-0.11,0.));
#2316 = VECTOR('',#2317,1.);
#2317 = DIRECTION('',(1.,1.110223024625E-16,0.));
#2318 = ORIENTED_EDGE('',*,*,#1372,.T.);
#2319 = ORIENTED_EDGE('',*,*,#1541,.T.);
#2320 = ORIENTED_EDGE('',*,*,#2321,.T.);
#2321 = EDGE_CURVE('',#1542,#2306,#2322,.T.);
#2322 = LINE('',#2323,#2324);
#2323 = CARTESIAN_POINT('',(0.595807377657,-0.11,0.11));
#2324 = VECTOR('',#2325,1.);
#2325 = DIRECTION('',(1.,1.110223024625E-16,0.));
#2326 = PLANE('',#2327);
#2327 = AXIS2_PLACEMENT_3D('',#2328,#2329,#2330);
#2328 = CARTESIAN_POINT('',(0.595807377657,-0.11,0.));
#2329 = DIRECTION('',(-1.110223024625E-16,1.,0.));
#2330 = DIRECTION('',(0.,0.,1.));
#2331 = ADVANCED_FACE('',(#2332),#2343,.F.);
#2332 = FACE_BOUND('',#2333,.F.);
#2333 = EDGE_LOOP('',(#2334,#2335,#2336,#2342));
#2334 = ORIENTED_EDGE('',*,*,#1380,.F.);
#2335 = ORIENTED_EDGE('',*,*,#2313,.T.);
#2336 = ORIENTED_EDGE('',*,*,#2337,.T.);
#2337 = EDGE_CURVE('',#2304,#2011,#2338,.T.);
#2338 = LINE('',#2339,#2340);
#2339 = CARTESIAN_POINT('',(0.8,-0.11,0.));
#2340 = VECTOR('',#2341,1.);
#2341 = DIRECTION('',(-1.110223024625E-16,1.,0.));
#2342 = ORIENTED_EDGE('',*,*,#2020,.F.);
#2343 = PLANE('',#2344);
#2344 = AXIS2_PLACEMENT_3D('',#2345,#2346,#2347);
#2345 = CARTESIAN_POINT('',(0.595807377657,-0.11,0.));
#2346 = DIRECTION('',(0.,0.,1.));
#2347 = DIRECTION('',(1.,1.110223024625E-16,-0.));
#2348 = ADVANCED_FACE('',(#2349),#2375,.T.);
#2349 = FACE_BOUND('',#2350,.T.);
#2350 = EDGE_LOOP('',(#2351,#2361,#2367,#2368,#2369));
#2351 = ORIENTED_EDGE('',*,*,#2352,.F.);
#2352 = EDGE_CURVE('',#2353,#2355,#2357,.T.);
#2353 = VERTEX_POINT('',#2354);
#2354 = CARTESIAN_POINT('',(-0.8,-0.61,0.));
#2355 = VERTEX_POINT('',#2356);
#2356 = CARTESIAN_POINT('',(-0.8,-0.61,0.11));
#2357 = LINE('',#2358,#2359);
#2358 = CARTESIAN_POINT('',(-0.8,-0.61,0.));
#2359 = VECTOR('',#2360,1.);
#2360 = DIRECTION('',(0.,0.,1.));
#2361 = ORIENTED_EDGE('',*,*,#2362,.F.);
#2362 = EDGE_CURVE('',#1412,#2353,#2363,.T.);
#2363 = LINE('',#2364,#2365);
#2364 = CARTESIAN_POINT('',(-0.595807377657,-0.61,0.));
#2365 = VECTOR('',#2366,1.);
#2366 = DIRECTION('',(-1.,1.144237745222E-17,0.));
#2367 = ORIENTED_EDGE('',*,*,#1419,.T.);
#2368 = ORIENTED_EDGE('',*,*,#1661,.T.);
#2369 = ORIENTED_EDGE('',*,*,#2370,.T.);
#2370 = EDGE_CURVE('',#1662,#2355,#2371,.T.);
#2371 = LINE('',#2372,#2373);
#2372 = CARTESIAN_POINT('',(-0.595807377657,-0.61,0.11));
#2373 = VECTOR('',#2374,1.);
#2374 = DIRECTION('',(-1.,1.144237745222E-17,0.));
#2375 = PLANE('',#2376);
#2376 = AXIS2_PLACEMENT_3D('',#2377,#2378,#2379);
#2377 = CARTESIAN_POINT('',(-0.595807377657,-0.61,0.));
#2378 = DIRECTION('',(-1.144237745222E-17,-1.,0.));
#2379 = DIRECTION('',(0.,0.,1.));
#2380 = ADVANCED_FACE('',(#2381),#2392,.F.);
#2381 = FACE_BOUND('',#2382,.F.);
#2382 = EDGE_LOOP('',(#2383,#2384,#2385,#2391));
#2383 = ORIENTED_EDGE('',*,*,#1411,.F.);
#2384 = ORIENTED_EDGE('',*,*,#2281,.T.);
#2385 = ORIENTED_EDGE('',*,*,#2386,.T.);
#2386 = EDGE_CURVE('',#2272,#2353,#2387,.T.);
#2387 = LINE('',#2388,#2389);
#2388 = CARTESIAN_POINT('',(-0.8,-0.39,0.));
#2389 = VECTOR('',#2390,1.);
#2390 = DIRECTION('',(-1.144237745222E-17,-1.,0.));
#2391 = ORIENTED_EDGE('',*,*,#2362,.F.);
#2392 = PLANE('',#2393);
#2393 = AXIS2_PLACEMENT_3D('',#2394,#2395,#2396);
#2394 = CARTESIAN_POINT('',(-0.595807377657,-0.39,0.));
#2395 = DIRECTION('',(0.,0.,1.));
#2396 = DIRECTION('',(-1.,1.144237745222E-17,0.));
#2397 = ADVANCED_FACE('',(#2398),#2424,.T.);
#2398 = FACE_BOUND('',#2399,.T.);
#2399 = EDGE_LOOP('',(#2400,#2410,#2416,#2417,#2418));
#2400 = ORIENTED_EDGE('',*,*,#2401,.F.);
#2401 = EDGE_CURVE('',#2402,#2404,#2406,.T.);
#2402 = VERTEX_POINT('',#2403);
#2403 = CARTESIAN_POINT('',(0.8,-0.39,0.));
#2404 = VERTEX_POINT('',#2405);
#2405 = CARTESIAN_POINT('',(0.8,-0.39,0.11));
#2406 = LINE('',#2407,#2408);
#2407 = CARTESIAN_POINT('',(0.8,-0.39,0.));
#2408 = VECTOR('',#2409,1.);
#2409 = DIRECTION('',(0.,0.,1.));
#2410 = ORIENTED_EDGE('',*,*,#2411,.F.);
#2411 = EDGE_CURVE('',#1798,#2402,#2412,.T.);
#2412 = LINE('',#2413,#2414);
#2413 = CARTESIAN_POINT('',(0.595807377657,-0.39,0.));
#2414 = VECTOR('',#2415,1.);
#2415 = DIRECTION('',(1.,1.110223024625E-16,0.));
#2416 = ORIENTED_EDGE('',*,*,#1805,.T.);
#2417 = ORIENTED_EDGE('',*,*,#1434,.T.);
#2418 = ORIENTED_EDGE('',*,*,#2419,.T.);
#2419 = EDGE_CURVE('',#1435,#2404,#2420,.T.);
#2420 = LINE('',#2421,#2422);
#2421 = CARTESIAN_POINT('',(0.595807377657,-0.39,0.11));
#2422 = VECTOR('',#2423,1.);
#2423 = DIRECTION('',(1.,1.110223024625E-16,0.));
#2424 = PLANE('',#2425);
#2425 = AXIS2_PLACEMENT_3D('',#2426,#2427,#2428);
#2426 = CARTESIAN_POINT('',(0.595807377657,-0.39,0.));
#2427 = DIRECTION('',(-1.110223024625E-16,1.,0.));
#2428 = DIRECTION('',(0.,0.,1.));
#2429 = ADVANCED_FACE('',(#2430),#2456,.F.);
#2430 = FACE_BOUND('',#2431,.F.);
#2431 = EDGE_LOOP('',(#2432,#2442,#2448,#2449,#2450));
#2432 = ORIENTED_EDGE('',*,*,#2433,.F.);
#2433 = EDGE_CURVE('',#2434,#2436,#2438,.T.);
#2434 = VERTEX_POINT('',#2435);
#2435 = CARTESIAN_POINT('',(0.8,-0.61,0.));
#2436 = VERTEX_POINT('',#2437);
#2437 = CARTESIAN_POINT('',(0.8,-0.61,0.11));
#2438 = LINE('',#2439,#2440);
#2439 = CARTESIAN_POINT('',(0.8,-0.61,0.));
#2440 = VECTOR('',#2441,1.);
#2441 = DIRECTION('',(0.,0.,1.));
#2442 = ORIENTED_EDGE('',*,*,#2443,.F.);
#2443 = EDGE_CURVE('',#1790,#2434,#2444,.T.);
#2444 = LINE('',#2445,#2446);
#2445 = CARTESIAN_POINT('',(0.595807377657,-0.61,0.));
#2446 = VECTOR('',#2447,1.);
#2447 = DIRECTION('',(1.,1.110223024625E-16,0.));
#2448 = ORIENTED_EDGE('',*,*,#1789,.T.);
#2449 = ORIENTED_EDGE('',*,*,#1845,.T.);
#2450 = ORIENTED_EDGE('',*,*,#2451,.T.);
#2451 = EDGE_CURVE('',#1846,#2436,#2452,.T.);
#2452 = LINE('',#2453,#2454);
#2453 = CARTESIAN_POINT('',(0.595807377657,-0.61,0.11));
#2454 = VECTOR('',#2455,1.);
#2455 = DIRECTION('',(1.,1.110223024625E-16,0.));
#2456 = PLANE('',#2457);
#2457 = AXIS2_PLACEMENT_3D('',#2458,#2459,#2460);
#2458 = CARTESIAN_POINT('',(0.595807377657,-0.61,0.));
#2459 = DIRECTION('',(-1.110223024625E-16,1.,0.));
#2460 = DIRECTION('',(0.,0.,1.));
#2461 = ADVANCED_FACE('',(#2462),#2473,.F.);
#2462 = FACE_BOUND('',#2463,.F.);
#2463 = EDGE_LOOP('',(#2464,#2465,#2466,#2472));
#2464 = ORIENTED_EDGE('',*,*,#1797,.F.);
#2465 = ORIENTED_EDGE('',*,*,#2443,.T.);
#2466 = ORIENTED_EDGE('',*,*,#2467,.T.);
#2467 = EDGE_CURVE('',#2434,#2402,#2468,.T.);
#2468 = LINE('',#2469,#2470);
#2469 = CARTESIAN_POINT('',(0.8,-0.61,0.));
#2470 = VECTOR('',#2471,1.);
#2471 = DIRECTION('',(-1.110223024625E-16,1.,0.));
#2472 = ORIENTED_EDGE('',*,*,#2411,.F.);
#2473 = PLANE('',#2474);
#2474 = AXIS2_PLACEMENT_3D('',#2475,#2476,#2477);
#2475 = CARTESIAN_POINT('',(0.595807377657,-0.61,0.));
#2476 = DIRECTION('',(0.,0.,1.));
#2477 = DIRECTION('',(1.,1.110223024625E-16,-0.));
#2478 = ADVANCED_FACE('',(#2479),#2490,.T.);
#2479 = FACE_BOUND('',#2480,.T.);
#2480 = EDGE_LOOP('',(#2481,#2482,#2483,#2489));
#2481 = ORIENTED_EDGE('',*,*,#1828,.T.);
#2482 = ORIENTED_EDGE('',*,*,#1997,.T.);
#2483 = ORIENTED_EDGE('',*,*,#2484,.F.);
#2484 = EDGE_CURVE('',#2065,#1990,#2485,.T.);
#2485 = LINE('',#2486,#2487);
#2486 = CARTESIAN_POINT('',(-0.572747954773,-0.772747954773,0.63));
#2487 = VECTOR('',#2488,1.);
#2488 = DIRECTION('',(1.,2.22044604925E-16,0.));
#2489 = ORIENTED_EDGE('',*,*,#2064,.F.);
#2490 = B_SPLINE_SURFACE_WITH_KNOTS('',1,1,(
    (#2491,#2492)
    ,(#2493,#2494
    )),.UNSPECIFIED.,.F.,.F.,.F.,(2,2),(2,2),(0.,1.2),(0.,1.),
  .PIECEWISE_BEZIER_KNOTS.);
#2491 = CARTESIAN_POINT('',(-0.6,-0.8,0.11));
#2492 = CARTESIAN_POINT('',(-0.572747954773,-0.772747954773,0.63));
#2493 = CARTESIAN_POINT('',(0.6,-0.8,0.11));
#2494 = CARTESIAN_POINT('',(0.572747954773,-0.772747954773,0.63));
#2495 = ADVANCED_FACE('',(#2496),#2507,.T.);
#2496 = FACE_BOUND('',#2497,.T.);
#2497 = EDGE_LOOP('',(#2498,#2499,#2500,#2506));
#2498 = ORIENTED_EDGE('',*,*,#1966,.F.);
#2499 = ORIENTED_EDGE('',*,*,#2451,.T.);
#2500 = ORIENTED_EDGE('',*,*,#2501,.T.);
#2501 = EDGE_CURVE('',#2436,#2404,#2502,.T.);
#2502 = LINE('',#2503,#2504);
#2503 = CARTESIAN_POINT('',(0.8,-0.61,0.11));
#2504 = VECTOR('',#2505,1.);
#2505 = DIRECTION('',(-1.110223024625E-16,1.,0.));
#2506 = ORIENTED_EDGE('',*,*,#2419,.F.);
#2507 = PLANE('',#2508);
#2508 = AXIS2_PLACEMENT_3D('',#2509,#2510,#2511);
#2509 = CARTESIAN_POINT('',(0.595807377657,-0.61,0.11));
#2510 = DIRECTION('',(0.,0.,1.));
#2511 = DIRECTION('',(1.,1.110223024625E-16,-0.));
#2512 = ADVANCED_FACE('',(#2513,#2519),#2530,.F.);
#2513 = FACE_BOUND('',#2514,.F.);
#2514 = EDGE_LOOP('',(#2515,#2516,#2517,#2518));
#2515 = ORIENTED_EDGE('',*,*,#2071,.F.);
#2516 = ORIENTED_EDGE('',*,*,#2126,.F.);
#2517 = ORIENTED_EDGE('',*,*,#1989,.F.);
#2518 = ORIENTED_EDGE('',*,*,#2484,.F.);
#2519 = FACE_BOUND('',#2520,.F.);
#2520 = EDGE_LOOP('',(#2521));
#2521 = ORIENTED_EDGE('',*,*,#2522,.T.);
#2522 = EDGE_CURVE('',#2523,#2523,#2525,.T.);
#2523 = VERTEX_POINT('',#2524);
#2524 = CARTESIAN_POINT('',(-0.222747954773,0.297747954773,0.63));
#2525 = CIRCLE('',#2526,0.125);
#2526 = AXIS2_PLACEMENT_3D('',#2527,#2528,#2529);
#2527 = CARTESIAN_POINT('',(-0.222747954773,0.422747954773,0.63));
#2528 = DIRECTION('',(-0.,0.,1.));
#2529 = DIRECTION('',(2.22044604925E-16,-1.,0.));
#2530 = PLANE('',#2531);
#2531 = AXIS2_PLACEMENT_3D('',#2532,#2533,#2534);
#2532 = CARTESIAN_POINT('',(-0.572747954773,0.772747954773,0.63));
#2533 = DIRECTION('',(0.,0.,-1.));
#2534 = DIRECTION('',(0.595457154844,-0.803387065333,0.));
#2535 = ADVANCED_FACE('',(#2536),#2547,.T.);
#2536 = FACE_BOUND('',#2537,.T.);
#2537 = EDGE_LOOP('',(#2538,#2539,#2540,#2546));
#2538 = ORIENTED_EDGE('',*,*,#1973,.F.);
#2539 = ORIENTED_EDGE('',*,*,#2321,.T.);
#2540 = ORIENTED_EDGE('',*,*,#2541,.T.);
#2541 = EDGE_CURVE('',#2306,#2013,#2542,.T.);
#2542 = LINE('',#2543,#2544);
#2543 = CARTESIAN_POINT('',(0.8,-0.11,0.11));
#2544 = VECTOR('',#2545,1.);
#2545 = DIRECTION('',(-1.110223024625E-16,1.,0.));
#2546 = ORIENTED_EDGE('',*,*,#2028,.F.);
#2547 = PLANE('',#2548);
#2548 = AXIS2_PLACEMENT_3D('',#2549,#2550,#2551);
#2549 = CARTESIAN_POINT('',(0.595807377657,-0.11,0.11));
#2550 = DIRECTION('',(0.,0.,1.));
#2551 = DIRECTION('',(1.,1.110223024625E-16,-0.));
#2552 = ADVANCED_FACE('',(#2553),#2559,.T.);
#2553 = FACE_BOUND('',#2554,.T.);
#2554 = EDGE_LOOP('',(#2555,#2556,#2557,#2558));
#2555 = ORIENTED_EDGE('',*,*,#2303,.F.);
#2556 = ORIENTED_EDGE('',*,*,#2337,.T.);
#2557 = ORIENTED_EDGE('',*,*,#2010,.T.);
#2558 = ORIENTED_EDGE('',*,*,#2541,.F.);
#2559 = PLANE('',#2560);
#2560 = AXIS2_PLACEMENT_3D('',#2561,#2562,#2563);
#2561 = CARTESIAN_POINT('',(0.8,-0.11,0.));
#2562 = DIRECTION('',(1.,1.110223024625E-16,0.));
#2563 = DIRECTION('',(0.,-0.,1.));
#2564 = ADVANCED_FACE('',(#2565),#2576,.T.);
#2565 = FACE_BOUND('',#2566,.T.);
#2566 = EDGE_LOOP('',(#2567,#2568,#2569,#2575));
#2567 = ORIENTED_EDGE('',*,*,#2043,.F.);
#2568 = ORIENTED_EDGE('',*,*,#2110,.T.);
#2569 = ORIENTED_EDGE('',*,*,#2570,.T.);
#2570 = EDGE_CURVE('',#2095,#2144,#2571,.T.);
#2571 = LINE('',#2572,#2573);
#2572 = CARTESIAN_POINT('',(-0.8,0.61,0.11));
#2573 = VECTOR('',#2574,1.);
#2574 = DIRECTION('',(-1.144237745222E-17,-1.,0.));
#2575 = ORIENTED_EDGE('',*,*,#2159,.F.);
#2576 = PLANE('',#2577);
#2577 = AXIS2_PLACEMENT_3D('',#2578,#2579,#2580);
#2578 = CARTESIAN_POINT('',(-0.595807377657,0.61,0.11));
#2579 = DIRECTION('',(0.,0.,1.));
#2580 = DIRECTION('',(-1.,1.144237745222E-17,0.));
#2581 = ADVANCED_FACE('',(#2582),#2593,.T.);
#2582 = FACE_BOUND('',#2583,.T.);
#2583 = EDGE_LOOP('',(#2584,#2585,#2586,#2592));
#2584 = ORIENTED_EDGE('',*,*,#2050,.F.);
#2585 = ORIENTED_EDGE('',*,*,#2208,.T.);
#2586 = ORIENTED_EDGE('',*,*,#2587,.T.);
#2587 = EDGE_CURVE('',#2193,#2225,#2588,.T.);
#2588 = LINE('',#2589,#2590);
#2589 = CARTESIAN_POINT('',(-0.8,0.11,0.11));
#2590 = VECTOR('',#2591,1.);
#2591 = DIRECTION('',(-1.144237745222E-17,-1.,0.));
#2592 = ORIENTED_EDGE('',*,*,#2240,.F.);
#2593 = PLANE('',#2594);
#2594 = AXIS2_PLACEMENT_3D('',#2595,#2596,#2597);
#2595 = CARTESIAN_POINT('',(-0.595807377657,0.11,0.11));
#2596 = DIRECTION('',(0.,0.,1.));
#2597 = DIRECTION('',(-1.,1.144237745222E-17,0.));
#2598 = ADVANCED_FACE('',(#2599),#2610,.T.);
#2599 = FACE_BOUND('',#2600,.T.);
#2600 = EDGE_LOOP('',(#2601,#2602,#2603,#2609));
#2601 = ORIENTED_EDGE('',*,*,#2057,.F.);
#2602 = ORIENTED_EDGE('',*,*,#2289,.T.);
#2603 = ORIENTED_EDGE('',*,*,#2604,.T.);
#2604 = EDGE_CURVE('',#2274,#2355,#2605,.T.);
#2605 = LINE('',#2606,#2607);
#2606 = CARTESIAN_POINT('',(-0.8,-0.39,0.11));
#2607 = VECTOR('',#2608,1.);
#2608 = DIRECTION('',(-1.144237745222E-17,-1.,0.));
#2609 = ORIENTED_EDGE('',*,*,#2370,.F.);
#2610 = PLANE('',#2611);
#2611 = AXIS2_PLACEMENT_3D('',#2612,#2613,#2614);
#2612 = CARTESIAN_POINT('',(-0.595807377657,-0.39,0.11));
#2613 = DIRECTION('',(0.,0.,1.));
#2614 = DIRECTION('',(-1.,1.144237745222E-17,0.));
#2615 = ADVANCED_FACE('',(#2616),#2622,.T.);
#2616 = FACE_BOUND('',#2617,.T.);
#2617 = EDGE_LOOP('',(#2618,#2619,#2620,#2621));
#2618 = ORIENTED_EDGE('',*,*,#2092,.F.);
#2619 = ORIENTED_EDGE('',*,*,#2175,.T.);
#2620 = ORIENTED_EDGE('',*,*,#2141,.T.);
#2621 = ORIENTED_EDGE('',*,*,#2570,.F.);
#2622 = PLANE('',#2623);
#2623 = AXIS2_PLACEMENT_3D('',#2624,#2625,#2626);
#2624 = CARTESIAN_POINT('',(-0.8,0.61,0.));
#2625 = DIRECTION('',(-1.,1.144237745222E-17,0.));
#2626 = DIRECTION('',(0.,0.,1.));
#2627 = ADVANCED_FACE('',(#2628),#2634,.T.);
#2628 = FACE_BOUND('',#2629,.T.);
#2629 = EDGE_LOOP('',(#2630,#2631,#2632,#2633));
#2630 = ORIENTED_EDGE('',*,*,#2190,.F.);
#2631 = ORIENTED_EDGE('',*,*,#2256,.T.);
#2632 = ORIENTED_EDGE('',*,*,#2222,.T.);
#2633 = ORIENTED_EDGE('',*,*,#2587,.F.);
#2634 = PLANE('',#2635);
#2635 = AXIS2_PLACEMENT_3D('',#2636,#2637,#2638);
#2636 = CARTESIAN_POINT('',(-0.8,0.11,0.));
#2637 = DIRECTION('',(-1.,1.144237745222E-17,0.));
#2638 = DIRECTION('',(0.,0.,1.));
#2639 = ADVANCED_FACE('',(#2640),#2646,.T.);
#2640 = FACE_BOUND('',#2641,.T.);
#2641 = EDGE_LOOP('',(#2642,#2643,#2644,#2645));
#2642 = ORIENTED_EDGE('',*,*,#2271,.F.);
#2643 = ORIENTED_EDGE('',*,*,#2386,.T.);
#2644 = ORIENTED_EDGE('',*,*,#2352,.T.);
#2645 = ORIENTED_EDGE('',*,*,#2604,.F.);
#2646 = PLANE('',#2647);
#2647 = AXIS2_PLACEMENT_3D('',#2648,#2649,#2650);
#2648 = CARTESIAN_POINT('',(-0.8,-0.39,0.));
#2649 = DIRECTION('',(-1.,1.144237745222E-17,0.));
#2650 = DIRECTION('',(0.,0.,1.));
#2651 = ADVANCED_FACE('',(#2652),#2658,.T.);
#2652 = FACE_BOUND('',#2653,.T.);
#2653 = EDGE_LOOP('',(#2654,#2655,#2656,#2657));
#2654 = ORIENTED_EDGE('',*,*,#2433,.F.);
#2655 = ORIENTED_EDGE('',*,*,#2467,.T.);
#2656 = ORIENTED_EDGE('',*,*,#2401,.T.);
#2657 = ORIENTED_EDGE('',*,*,#2501,.F.);
#2658 = PLANE('',#2659);
#2659 = AXIS2_PLACEMENT_3D('',#2660,#2661,#2662);
#2660 = CARTESIAN_POINT('',(0.8,-0.61,0.));
#2661 = DIRECTION('',(1.,1.110223024625E-16,0.));
#2662 = DIRECTION('',(0.,-0.,1.));
#2663 = ADVANCED_FACE('',(#2664),#2683,.F.);
#2664 = FACE_BOUND('',#2665,.F.);
#2665 = EDGE_LOOP('',(#2666,#2675,#2681,#2682));
#2666 = ORIENTED_EDGE('',*,*,#2667,.T.);
#2667 = EDGE_CURVE('',#2668,#2668,#2670,.T.);
#2668 = VERTEX_POINT('',#2669);
#2669 = CARTESIAN_POINT('',(-0.222747954773,0.297747954773,0.6));
#2670 = CIRCLE('',#2671,0.125);
#2671 = AXIS2_PLACEMENT_3D('',#2672,#2673,#2674);
#2672 = CARTESIAN_POINT('',(-0.222747954773,0.422747954773,0.6));
#2673 = DIRECTION('',(-0.,0.,1.));
#2674 = DIRECTION('',(2.22044604925E-16,-1.,0.));
#2675 = ORIENTED_EDGE('',*,*,#2676,.F.);
#2676 = EDGE_CURVE('',#2523,#2668,#2677,.T.);
#2677 = LINE('',#2678,#2679);
#2678 = CARTESIAN_POINT('',(-0.222747954773,0.297747954773,0.63));
#2679 = VECTOR('',#2680,1.);
#2680 = DIRECTION('',(0.,-0.,-1.));
#2681 = ORIENTED_EDGE('',*,*,#2522,.F.);
#2682 = ORIENTED_EDGE('',*,*,#2676,.T.);
#2683 = CYLINDRICAL_SURFACE('',#2684,0.125);
#2684 = AXIS2_PLACEMENT_3D('',#2685,#2686,#2687);
#2685 = CARTESIAN_POINT('',(-0.222747954773,0.422747954773,0.63));
#2686 = DIRECTION('',(-0.,0.,-1.));
#2687 = DIRECTION('',(2.22044604925E-16,-1.,-0.));
#2688 = ADVANCED_FACE('',(#2689),#2692,.T.);
#2689 = FACE_BOUND('',#2690,.T.);
#2690 = EDGE_LOOP('',(#2691));
#2691 = ORIENTED_EDGE('',*,*,#2667,.T.);
#2692 = PLANE('',#2693);
#2693 = AXIS2_PLACEMENT_3D('',#2694,#2695,#2696);
#2694 = CARTESIAN_POINT('',(-0.222747954773,0.422747954773,0.6));
#2695 = DIRECTION('',(0.,0.,1.));
#2696 = DIRECTION('',(2.22044604925E-16,-1.,0.));
#2697 = ( GEOMETRIC_REPRESENTATION_CONTEXT(3) 
GLOBAL_UNCERTAINTY_ASSIGNED_CONTEXT((#2701)) 
GLOBAL_UNIT_ASSIGNED_CONTEXT((#2698,#2699,#2700)) REPRESENTATION_CONTEXT
('Context #1','3D Context with UNIT and UNCERTAINTY') );
#2698 = ( LENGTH_UNIT() NAMED_UNIT(*) SI_UNIT(.MILLI.,.METRE.) );
#2699 = ( NAMED_UNIT(*) PLANE_ANGLE_UNIT() SI_UNIT($,.RADIAN.) );
#2700 = ( NAMED_UNIT(*) SI_UNIT($,.STERADIAN.) SOLID_ANGLE_UNIT() );
#2701 = UNCERTAINTY_MEASURE_WITH_UNIT(LENGTH_MEASURE(1.E-07),#2698,
  'distance_accuracy_value','confusion accuracy');
#2702 = CONTEXT_DEPENDENT_SHAPE_REPRESENTATION(#2703,#2705);
#2703 = ( REPRESENTATION_RELATIONSHIP('','',#67,#44) 
REPRESENTATION_RELATIONSHIP_WITH_TRANSFORMATION(#2704) 
SHAPE_REPRESENTATION_RELATIONSHIP() );
#2704 = ITEM_DEFINED_TRANSFORMATION('','',#11,#45);
#2705 = PRODUCT_DEFINITION_SHAPE('Placement','Placement of an item',
  #2706);
#2706 = NEXT_ASSEMBLY_USAGE_OCCURRENCE('1','=>[0:1:1:3]','',#39,#62,$);
#2707 = PRODUCT_RELATED_PRODUCT_CATEGORY('part',$,(#64));
#2708 = SHAPE_DEFINITION_REPRESENTATION(#2709,#2715);
#2709 = PRODUCT_DEFINITION_SHAPE('','',#2710);
#2710 = PRODUCT_DEFINITION('design','',#2711,#2714);
#2711 = PRODUCT_DEFINITION_FORMATION('','',#2712);
#2712 = PRODUCT('R_0402_1005Metric','R_0402_1005Metric','',(#2713));
#2713 = PRODUCT_CONTEXT('',#2,'mechanical');
#2714 = PRODUCT_DEFINITION_CONTEXT('part definition',#2,'design');
#2715 = SHAPE_REPRESENTATION('',(#11,#2716),#2720);
#2716 = AXIS2_PLACEMENT_3D('',#2717,#2718,#2719);
#2717 = CARTESIAN_POINT('',(0.,0.,0.));
#2718 = DIRECTION('',(0.,0.,1.));
#2719 = DIRECTION('',(1.,0.,-0.));
#2720 = ( GEOMETRIC_REPRESENTATION_CONTEXT(3) 
GLOBAL_UNCERTAINTY_ASSIGNED_CONTEXT((#2724)) 
GLOBAL_UNIT_ASSIGNED_CONTEXT((#2721,#2722,#2723)) REPRESENTATION_CONTEXT
('Context #1','3D Context with UNIT and UNCERTAINTY') );
#2721 = ( LENGTH_UNIT() NAMED_UNIT(*) SI_UNIT(.MILLI.,.METRE.) );
#2722 = ( NAMED_UNIT(*) PLANE_ANGLE_UNIT() SI_UNIT($,.RADIAN.) );
#2723 = ( NAMED_UNIT(*) SI_UNIT($,.STERADIAN.) SOLID_ANGLE_UNIT() );
#2724 = UNCERTAINTY_MEASURE_WITH_UNIT(LENGTH_MEASURE(1.E-07),#2721,
  'distance_accuracy_value','confusion accuracy');
#2725 = CONTEXT_DEPENDENT_SHAPE_REPRESENTATION(#2726,#2728);
#2726 = ( REPRESENTATION_RELATIONSHIP('','',#2715,#10) 
REPRESENTATION_RELATIONSHIP_WITH_TRANSFORMATION(#2727) 
SHAPE_REPRESENTATION_RELATIONSHIP() );
#2727 = ITEM_DEFINED_TRANSFORMATION('','',#11,#19);
#2728 = PRODUCT_DEFINITION_SHAPE('Placement','Placement of an item',
  #2729);
#2729 = NEXT_ASSEMBLY_USAGE_OCCURRENCE('4','R1','',#5,#2710,$);
#2730 = PRODUCT_RELATED_PRODUCT_CATEGORY('part',$,(#2712));
#2731 = SHAPE_DEFINITION_REPRESENTATION(#2732,#2738);
#2732 = PRODUCT_DEFINITION_SHAPE('','',#2733);
#2733 = PRODUCT_DEFINITION('design','',#2734,#2737);
#2734 = PRODUCT_DEFINITION_FORMATION('','',#2735);
#2735 = PRODUCT('R_0402_1005Metric','R_0402_1005Metric','',(#2736));
#2736 = PRODUCT_CONTEXT('',#2,'mechanical');
#2737 = PRODUCT_DEFINITION_CONTEXT('part definition',#2,'design');
#2738 = ADVANCED_BREP_SHAPE_REPRESENTATION('',(#11,#2739),#3529);
#2739 = MANIFOLD_SOLID_BREP('',#2740);
#2740 = CLOSED_SHELL('',(#2741,#2781,#2864,#2889,#2914,#2981,#2998,#3015
    ,#3064,#3081,#3098,#3147,#3164,#3233,#3264,#3288,#3357,#3381,#3398,
    #3415,#3432,#3449,#3466,#3483,#3500,#3517));
#2741 = ADVANCED_FACE('',(#2742),#2776,.F.);
#2742 = FACE_BOUND('',#2743,.F.);
#2743 = EDGE_LOOP('',(#2744,#2754,#2762,#2770));
#2744 = ORIENTED_EDGE('',*,*,#2745,.F.);
#2745 = EDGE_CURVE('',#2746,#2748,#2750,.T.);
#2746 = VERTEX_POINT('',#2747);
#2747 = CARTESIAN_POINT('',(-0.5,-0.25,3.5E-02));
#2748 = VERTEX_POINT('',#2749);
#2749 = CARTESIAN_POINT('',(-0.5,-0.25,0.315));
#2750 = LINE('',#2751,#2752);
#2751 = CARTESIAN_POINT('',(-0.5,-0.25,0.));
#2752 = VECTOR('',#2753,1.);
#2753 = DIRECTION('',(0.,0.,1.));
#2754 = ORIENTED_EDGE('',*,*,#2755,.T.);
#2755 = EDGE_CURVE('',#2746,#2756,#2758,.T.);
#2756 = VERTEX_POINT('',#2757);
#2757 = CARTESIAN_POINT('',(-0.5,0.25,3.5E-02));
#2758 = LINE('',#2759,#2760);
#2759 = CARTESIAN_POINT('',(-0.5,-0.25,3.5E-02));
#2760 = VECTOR('',#2761,1.);
#2761 = DIRECTION('',(0.,1.,0.));
#2762 = ORIENTED_EDGE('',*,*,#2763,.T.);
#2763 = EDGE_CURVE('',#2756,#2764,#2766,.T.);
#2764 = VERTEX_POINT('',#2765);
#2765 = CARTESIAN_POINT('',(-0.5,0.25,0.315));
#2766 = LINE('',#2767,#2768);
#2767 = CARTESIAN_POINT('',(-0.5,0.25,0.));
#2768 = VECTOR('',#2769,1.);
#2769 = DIRECTION('',(0.,0.,1.));
#2770 = ORIENTED_EDGE('',*,*,#2771,.F.);
#2771 = EDGE_CURVE('',#2748,#2764,#2772,.T.);
#2772 = LINE('',#2773,#2774);
#2773 = CARTESIAN_POINT('',(-0.5,-0.25,0.315));
#2774 = VECTOR('',#2775,1.);
#2775 = DIRECTION('',(0.,1.,0.));
#2776 = PLANE('',#2777);
#2777 = AXIS2_PLACEMENT_3D('',#2778,#2779,#2780);
#2778 = CARTESIAN_POINT('',(-0.5,-0.25,0.));
#2779 = DIRECTION('',(1.,0.,0.));
#2780 = DIRECTION('',(0.,0.,1.));
#2781 = ADVANCED_FACE('',(#2782),#2859,.F.);
#2782 = FACE_BOUND('',#2783,.F.);
#2783 = EDGE_LOOP('',(#2784,#2794,#2801,#2802,#2811,#2819,#2828,#2836,
    #2844,#2852));
#2784 = ORIENTED_EDGE('',*,*,#2785,.F.);
#2785 = EDGE_CURVE('',#2786,#2788,#2790,.T.);
#2786 = VERTEX_POINT('',#2787);
#2787 = CARTESIAN_POINT('',(-0.465,-0.25,-2.775557561563E-17));
#2788 = VERTEX_POINT('',#2789);
#2789 = CARTESIAN_POINT('',(-0.335,-0.25,-2.775557561563E-17));
#2790 = LINE('',#2791,#2792);
#2791 = CARTESIAN_POINT('',(-0.5,-0.25,0.));
#2792 = VECTOR('',#2793,1.);
#2793 = DIRECTION('',(1.,0.,0.));
#2794 = ORIENTED_EDGE('',*,*,#2795,.F.);
#2795 = EDGE_CURVE('',#2746,#2786,#2796,.T.);
#2796 = CIRCLE('',#2797,3.5E-02);
#2797 = AXIS2_PLACEMENT_3D('',#2798,#2799,#2800);
#2798 = CARTESIAN_POINT('',(-0.465,-0.25,3.5E-02));
#2799 = DIRECTION('',(0.,-1.,0.));
#2800 = DIRECTION('',(0.,0.,1.));
#2801 = ORIENTED_EDGE('',*,*,#2745,.T.);
#2802 = ORIENTED_EDGE('',*,*,#2803,.T.);
#2803 = EDGE_CURVE('',#2748,#2804,#2806,.T.);
#2804 = VERTEX_POINT('',#2805);
#2805 = CARTESIAN_POINT('',(-0.465,-0.25,0.35));
#2806 = CIRCLE('',#2807,3.5E-02);
#2807 = AXIS2_PLACEMENT_3D('',#2808,#2809,#2810);
#2808 = CARTESIAN_POINT('',(-0.465,-0.25,0.315));
#2809 = DIRECTION('',(0.,1.,0.));
#2810 = DIRECTION('',(0.,-0.,1.));
#2811 = ORIENTED_EDGE('',*,*,#2812,.T.);
#2812 = EDGE_CURVE('',#2804,#2813,#2815,.T.);
#2813 = VERTEX_POINT('',#2814);
#2814 = CARTESIAN_POINT('',(-0.335,-0.25,0.35));
#2815 = LINE('',#2816,#2817);
#2816 = CARTESIAN_POINT('',(-0.5,-0.25,0.35));
#2817 = VECTOR('',#2818,1.);
#2818 = DIRECTION('',(1.,0.,0.));
#2819 = ORIENTED_EDGE('',*,*,#2820,.F.);
#2820 = EDGE_CURVE('',#2821,#2813,#2823,.T.);
#2821 = VERTEX_POINT('',#2822);
#2822 = CARTESIAN_POINT('',(-0.3,-0.25,0.315));
#2823 = CIRCLE('',#2824,3.5E-02);
#2824 = AXIS2_PLACEMENT_3D('',#2825,#2826,#2827);
#2825 = CARTESIAN_POINT('',(-0.335,-0.25,0.315));
#2826 = DIRECTION('',(0.,-1.,0.));
#2827 = DIRECTION('',(0.,0.,1.));
#2828 = ORIENTED_EDGE('',*,*,#2829,.F.);
#2829 = EDGE_CURVE('',#2830,#2821,#2832,.T.);
#2830 = VERTEX_POINT('',#2831);
#2831 = CARTESIAN_POINT('',(-0.465,-0.25,0.315));
#2832 = LINE('',#2833,#2834);
#2833 = CARTESIAN_POINT('',(-0.465,-0.25,0.315));
#2834 = VECTOR('',#2835,1.);
#2835 = DIRECTION('',(1.,0.,0.));
#2836 = ORIENTED_EDGE('',*,*,#2837,.F.);
#2837 = EDGE_CURVE('',#2838,#2830,#2840,.T.);
#2838 = VERTEX_POINT('',#2839);
#2839 = CARTESIAN_POINT('',(-0.465,-0.25,3.5E-02));
#2840 = LINE('',#2841,#2842);
#2841 = CARTESIAN_POINT('',(-0.465,-0.25,3.5E-02));
#2842 = VECTOR('',#2843,1.);
#2843 = DIRECTION('',(0.,0.,1.));
#2844 = ORIENTED_EDGE('',*,*,#2845,.T.);
#2845 = EDGE_CURVE('',#2838,#2846,#2848,.T.);
#2846 = VERTEX_POINT('',#2847);
#2847 = CARTESIAN_POINT('',(-0.3,-0.25,3.5E-02));
#2848 = LINE('',#2849,#2850);
#2849 = CARTESIAN_POINT('',(-0.465,-0.25,3.5E-02));
#2850 = VECTOR('',#2851,1.);
#2851 = DIRECTION('',(1.,0.,0.));
#2852 = ORIENTED_EDGE('',*,*,#2853,.T.);
#2853 = EDGE_CURVE('',#2846,#2788,#2854,.T.);
#2854 = CIRCLE('',#2855,3.5E-02);
#2855 = AXIS2_PLACEMENT_3D('',#2856,#2857,#2858);
#2856 = CARTESIAN_POINT('',(-0.335,-0.25,3.5E-02));
#2857 = DIRECTION('',(0.,1.,0.));
#2858 = DIRECTION('',(0.,-0.,1.));
#2859 = PLANE('',#2860);
#2860 = AXIS2_PLACEMENT_3D('',#2861,#2862,#2863);
#2861 = CARTESIAN_POINT('',(-0.5,-0.25,0.));
#2862 = DIRECTION('',(0.,1.,0.));
#2863 = DIRECTION('',(0.,-0.,1.));
#2864 = ADVANCED_FACE('',(#2865),#2884,.T.);
#2865 = FACE_BOUND('',#2866,.T.);
#2866 = EDGE_LOOP('',(#2867,#2868,#2877,#2883));
#2867 = ORIENTED_EDGE('',*,*,#2755,.T.);
#2868 = ORIENTED_EDGE('',*,*,#2869,.T.);
#2869 = EDGE_CURVE('',#2756,#2870,#2872,.T.);
#2870 = VERTEX_POINT('',#2871);
#2871 = CARTESIAN_POINT('',(-0.465,0.25,-2.775557561563E-17));
#2872 = CIRCLE('',#2873,3.5E-02);
#2873 = AXIS2_PLACEMENT_3D('',#2874,#2875,#2876);
#2874 = CARTESIAN_POINT('',(-0.465,0.25,3.5E-02));
#2875 = DIRECTION('',(0.,-1.,0.));
#2876 = DIRECTION('',(0.,0.,1.));
#2877 = ORIENTED_EDGE('',*,*,#2878,.F.);
#2878 = EDGE_CURVE('',#2786,#2870,#2879,.T.);
#2879 = LINE('',#2880,#2881);
#2880 = CARTESIAN_POINT('',(-0.465,-0.25,-2.775557561563E-17));
#2881 = VECTOR('',#2882,1.);
#2882 = DIRECTION('',(0.,1.,0.));
#2883 = ORIENTED_EDGE('',*,*,#2795,.F.);
#2884 = CYLINDRICAL_SURFACE('',#2885,3.5E-02);
#2885 = AXIS2_PLACEMENT_3D('',#2886,#2887,#2888);
#2886 = CARTESIAN_POINT('',(-0.465,-0.25,3.5E-02));
#2887 = DIRECTION('',(0.,1.,0.));
#2888 = DIRECTION('',(-1.,0.,0.));
#2889 = ADVANCED_FACE('',(#2890),#2909,.T.);
#2890 = FACE_BOUND('',#2891,.T.);
#2891 = EDGE_LOOP('',(#2892,#2893,#2901,#2908));
#2892 = ORIENTED_EDGE('',*,*,#2803,.T.);
#2893 = ORIENTED_EDGE('',*,*,#2894,.T.);
#2894 = EDGE_CURVE('',#2804,#2895,#2897,.T.);
#2895 = VERTEX_POINT('',#2896);
#2896 = CARTESIAN_POINT('',(-0.465,0.25,0.35));
#2897 = LINE('',#2898,#2899);
#2898 = CARTESIAN_POINT('',(-0.465,-0.25,0.35));
#2899 = VECTOR('',#2900,1.);
#2900 = DIRECTION('',(0.,1.,0.));
#2901 = ORIENTED_EDGE('',*,*,#2902,.F.);
#2902 = EDGE_CURVE('',#2764,#2895,#2903,.T.);
#2903 = CIRCLE('',#2904,3.5E-02);
#2904 = AXIS2_PLACEMENT_3D('',#2905,#2906,#2907);
#2905 = CARTESIAN_POINT('',(-0.465,0.25,0.315));
#2906 = DIRECTION('',(0.,1.,0.));
#2907 = DIRECTION('',(0.,-0.,1.));
#2908 = ORIENTED_EDGE('',*,*,#2771,.F.);
#2909 = CYLINDRICAL_SURFACE('',#2910,3.5E-02);
#2910 = AXIS2_PLACEMENT_3D('',#2911,#2912,#2913);
#2911 = CARTESIAN_POINT('',(-0.465,-0.25,0.315));
#2912 = DIRECTION('',(0.,1.,0.));
#2913 = DIRECTION('',(-1.,0.,0.));
#2914 = ADVANCED_FACE('',(#2915),#2976,.T.);
#2915 = FACE_BOUND('',#2916,.T.);
#2916 = EDGE_LOOP('',(#2917,#2925,#2926,#2927,#2928,#2936,#2945,#2953,
    #2961,#2969));
#2917 = ORIENTED_EDGE('',*,*,#2918,.F.);
#2918 = EDGE_CURVE('',#2870,#2919,#2921,.T.);
#2919 = VERTEX_POINT('',#2920);
#2920 = CARTESIAN_POINT('',(-0.335,0.25,-2.775557561563E-17));
#2921 = LINE('',#2922,#2923);
#2922 = CARTESIAN_POINT('',(-0.5,0.25,0.));
#2923 = VECTOR('',#2924,1.);
#2924 = DIRECTION('',(1.,0.,0.));
#2925 = ORIENTED_EDGE('',*,*,#2869,.F.);
#2926 = ORIENTED_EDGE('',*,*,#2763,.T.);
#2927 = ORIENTED_EDGE('',*,*,#2902,.T.);
#2928 = ORIENTED_EDGE('',*,*,#2929,.T.);
#2929 = EDGE_CURVE('',#2895,#2930,#2932,.T.);
#2930 = VERTEX_POINT('',#2931);
#2931 = CARTESIAN_POINT('',(-0.335,0.25,0.35));
#2932 = LINE('',#2933,#2934);
#2933 = CARTESIAN_POINT('',(-0.5,0.25,0.35));
#2934 = VECTOR('',#2935,1.);
#2935 = DIRECTION('',(1.,0.,0.));
#2936 = ORIENTED_EDGE('',*,*,#2937,.F.);
#2937 = EDGE_CURVE('',#2938,#2930,#2940,.T.);
#2938 = VERTEX_POINT('',#2939);
#2939 = CARTESIAN_POINT('',(-0.3,0.25,0.315));
#2940 = CIRCLE('',#2941,3.5E-02);
#2941 = AXIS2_PLACEMENT_3D('',#2942,#2943,#2944);
#2942 = CARTESIAN_POINT('',(-0.335,0.25,0.315));
#2943 = DIRECTION('',(0.,-1.,0.));
#2944 = DIRECTION('',(0.,0.,1.));
#2945 = ORIENTED_EDGE('',*,*,#2946,.F.);
#2946 = EDGE_CURVE('',#2947,#2938,#2949,.T.);
#2947 = VERTEX_POINT('',#2948);
#2948 = CARTESIAN_POINT('',(-0.465,0.25,0.315));
#2949 = LINE('',#2950,#2951);
#2950 = CARTESIAN_POINT('',(-0.465,0.25,0.315));
#2951 = VECTOR('',#2952,1.);
#2952 = DIRECTION('',(1.,0.,0.));
#2953 = ORIENTED_EDGE('',*,*,#2954,.F.);
#2954 = EDGE_CURVE('',#2955,#2947,#2957,.T.);
#2955 = VERTEX_POINT('',#2956);
#2956 = CARTESIAN_POINT('',(-0.465,0.25,3.5E-02));
#2957 = LINE('',#2958,#2959);
#2958 = CARTESIAN_POINT('',(-0.465,0.25,3.5E-02));
#2959 = VECTOR('',#2960,1.);
#2960 = DIRECTION('',(0.,0.,1.));
#2961 = ORIENTED_EDGE('',*,*,#2962,.T.);
#2962 = EDGE_CURVE('',#2955,#2963,#2965,.T.);
#2963 = VERTEX_POINT('',#2964);
#2964 = CARTESIAN_POINT('',(-0.3,0.25,3.5E-02));
#2965 = LINE('',#2966,#2967);
#2966 = CARTESIAN_POINT('',(-0.465,0.25,3.5E-02));
#2967 = VECTOR('',#2968,1.);
#2968 = DIRECTION('',(1.,0.,0.));
#2969 = ORIENTED_EDGE('',*,*,#2970,.T.);
#2970 = EDGE_CURVE('',#2963,#2919,#2971,.T.);
#2971 = CIRCLE('',#2972,3.5E-02);
#2972 = AXIS2_PLACEMENT_3D('',#2973,#2974,#2975);
#2973 = CARTESIAN_POINT('',(-0.335,0.25,3.5E-02));
#2974 = DIRECTION('',(0.,1.,0.));
#2975 = DIRECTION('',(0.,-0.,1.));
#2976 = PLANE('',#2977);
#2977 = AXIS2_PLACEMENT_3D('',#2978,#2979,#2980);
#2978 = CARTESIAN_POINT('',(-0.5,0.25,0.));
#2979 = DIRECTION('',(0.,1.,0.));
#2980 = DIRECTION('',(0.,-0.,1.));
#2981 = ADVANCED_FACE('',(#2982),#2993,.F.);
#2982 = FACE_BOUND('',#2983,.F.);
#2983 = EDGE_LOOP('',(#2984,#2985,#2986,#2987));
#2984 = ORIENTED_EDGE('',*,*,#2918,.F.);
#2985 = ORIENTED_EDGE('',*,*,#2878,.F.);
#2986 = ORIENTED_EDGE('',*,*,#2785,.T.);
#2987 = ORIENTED_EDGE('',*,*,#2988,.T.);
#2988 = EDGE_CURVE('',#2788,#2919,#2989,.T.);
#2989 = LINE('',#2990,#2991);
#2990 = CARTESIAN_POINT('',(-0.335,-0.25,-2.775557561563E-17));
#2991 = VECTOR('',#2992,1.);
#2992 = DIRECTION('',(0.,1.,0.));
#2993 = PLANE('',#2994);
#2994 = AXIS2_PLACEMENT_3D('',#2995,#2996,#2997);
#2995 = CARTESIAN_POINT('',(-0.5,-0.25,0.));
#2996 = DIRECTION('',(0.,0.,1.));
#2997 = DIRECTION('',(1.,0.,-0.));
#2998 = ADVANCED_FACE('',(#2999),#3010,.T.);
#2999 = FACE_BOUND('',#3000,.T.);
#3000 = EDGE_LOOP('',(#3001,#3002,#3003,#3004));
#3001 = ORIENTED_EDGE('',*,*,#2853,.T.);
#3002 = ORIENTED_EDGE('',*,*,#2988,.T.);
#3003 = ORIENTED_EDGE('',*,*,#2970,.F.);
#3004 = ORIENTED_EDGE('',*,*,#3005,.F.);
#3005 = EDGE_CURVE('',#2846,#2963,#3006,.T.);
#3006 = LINE('',#3007,#3008);
#3007 = CARTESIAN_POINT('',(-0.3,-0.25,3.5E-02));
#3008 = VECTOR('',#3009,1.);
#3009 = DIRECTION('',(0.,1.,0.));
#3010 = CYLINDRICAL_SURFACE('',#3011,3.5E-02);
#3011 = AXIS2_PLACEMENT_3D('',#3012,#3013,#3014);
#3012 = CARTESIAN_POINT('',(-0.335,-0.25,3.5E-02));
#3013 = DIRECTION('',(0.,1.,0.));
#3014 = DIRECTION('',(1.,0.,0.));
#3015 = ADVANCED_FACE('',(#3016),#3059,.F.);
#3016 = FACE_BOUND('',#3017,.F.);
#3017 = EDGE_LOOP('',(#3018,#3019,#3020,#3021,#3029,#3037,#3045,#3053));
#3018 = ORIENTED_EDGE('',*,*,#2845,.F.);
#3019 = ORIENTED_EDGE('',*,*,#2837,.T.);
#3020 = ORIENTED_EDGE('',*,*,#2829,.T.);
#3021 = ORIENTED_EDGE('',*,*,#3022,.T.);
#3022 = EDGE_CURVE('',#2821,#3023,#3025,.T.);
#3023 = VERTEX_POINT('',#3024);
#3024 = CARTESIAN_POINT('',(0.3,-0.25,0.315));
#3025 = LINE('',#3026,#3027);
#3026 = CARTESIAN_POINT('',(-0.3,-0.25,0.315));
#3027 = VECTOR('',#3028,1.);
#3028 = DIRECTION('',(1.,0.,0.));
#3029 = ORIENTED_EDGE('',*,*,#3030,.T.);
#3030 = EDGE_CURVE('',#3023,#3031,#3033,.T.);
#3031 = VERTEX_POINT('',#3032);
#3032 = CARTESIAN_POINT('',(0.465,-0.25,0.315));
#3033 = LINE('',#3034,#3035);
#3034 = CARTESIAN_POINT('',(-0.465,-0.25,0.315));
#3035 = VECTOR('',#3036,1.);
#3036 = DIRECTION('',(1.,0.,0.));
#3037 = ORIENTED_EDGE('',*,*,#3038,.F.);
#3038 = EDGE_CURVE('',#3039,#3031,#3041,.T.);
#3039 = VERTEX_POINT('',#3040);
#3040 = CARTESIAN_POINT('',(0.465,-0.25,3.5E-02));
#3041 = LINE('',#3042,#3043);
#3042 = CARTESIAN_POINT('',(0.465,-0.25,3.5E-02));
#3043 = VECTOR('',#3044,1.);
#3044 = DIRECTION('',(0.,0.,1.));
#3045 = ORIENTED_EDGE('',*,*,#3046,.F.);
#3046 = EDGE_CURVE('',#3047,#3039,#3049,.T.);
#3047 = VERTEX_POINT('',#3048);
#3048 = CARTESIAN_POINT('',(0.3,-0.25,3.5E-02));
#3049 = LINE('',#3050,#3051);
#3050 = CARTESIAN_POINT('',(-0.465,-0.25,3.5E-02));
#3051 = VECTOR('',#3052,1.);
#3052 = DIRECTION('',(1.,0.,0.));
#3053 = ORIENTED_EDGE('',*,*,#3054,.F.);
#3054 = EDGE_CURVE('',#2846,#3047,#3055,.T.);
#3055 = LINE('',#3056,#3057);
#3056 = CARTESIAN_POINT('',(-0.465,-0.25,3.5E-02));
#3057 = VECTOR('',#3058,1.);
#3058 = DIRECTION('',(1.,0.,0.));
#3059 = PLANE('',#3060);
#3060 = AXIS2_PLACEMENT_3D('',#3061,#3062,#3063);
#3061 = CARTESIAN_POINT('',(-0.465,-0.25,3.5E-02));
#3062 = DIRECTION('',(0.,1.,0.));
#3063 = DIRECTION('',(0.,-0.,1.));
#3064 = ADVANCED_FACE('',(#3065),#3076,.T.);
#3065 = FACE_BOUND('',#3066,.T.);
#3066 = EDGE_LOOP('',(#3067,#3068,#3069,#3070));
#3067 = ORIENTED_EDGE('',*,*,#2929,.F.);
#3068 = ORIENTED_EDGE('',*,*,#2894,.F.);
#3069 = ORIENTED_EDGE('',*,*,#2812,.T.);
#3070 = ORIENTED_EDGE('',*,*,#3071,.T.);
#3071 = EDGE_CURVE('',#2813,#2930,#3072,.T.);
#3072 = LINE('',#3073,#3074);
#3073 = CARTESIAN_POINT('',(-0.335,-0.25,0.35));
#3074 = VECTOR('',#3075,1.);
#3075 = DIRECTION('',(0.,1.,0.));
#3076 = PLANE('',#3077);
#3077 = AXIS2_PLACEMENT_3D('',#3078,#3079,#3080);
#3078 = CARTESIAN_POINT('',(-0.5,-0.25,0.35));
#3079 = DIRECTION('',(0.,0.,1.));
#3080 = DIRECTION('',(1.,0.,-0.));
#3081 = ADVANCED_FACE('',(#3082),#3093,.T.);
#3082 = FACE_BOUND('',#3083,.T.);
#3083 = EDGE_LOOP('',(#3084,#3090,#3091,#3092));
#3084 = ORIENTED_EDGE('',*,*,#3085,.T.);
#3085 = EDGE_CURVE('',#2821,#2938,#3086,.T.);
#3086 = LINE('',#3087,#3088);
#3087 = CARTESIAN_POINT('',(-0.3,-0.25,0.315));
#3088 = VECTOR('',#3089,1.);
#3089 = DIRECTION('',(0.,1.,0.));
#3090 = ORIENTED_EDGE('',*,*,#2937,.T.);
#3091 = ORIENTED_EDGE('',*,*,#3071,.F.);
#3092 = ORIENTED_EDGE('',*,*,#2820,.F.);
#3093 = CYLINDRICAL_SURFACE('',#3094,3.5E-02);
#3094 = AXIS2_PLACEMENT_3D('',#3095,#3096,#3097);
#3095 = CARTESIAN_POINT('',(-0.335,-0.25,0.315));
#3096 = DIRECTION('',(0.,1.,0.));
#3097 = DIRECTION('',(1.,0.,0.));
#3098 = ADVANCED_FACE('',(#3099),#3142,.T.);
#3099 = FACE_BOUND('',#3100,.T.);
#3100 = EDGE_LOOP('',(#3101,#3102,#3103,#3104,#3112,#3120,#3128,#3136));
#3101 = ORIENTED_EDGE('',*,*,#2962,.F.);
#3102 = ORIENTED_EDGE('',*,*,#2954,.T.);
#3103 = ORIENTED_EDGE('',*,*,#2946,.T.);
#3104 = ORIENTED_EDGE('',*,*,#3105,.T.);
#3105 = EDGE_CURVE('',#2938,#3106,#3108,.T.);
#3106 = VERTEX_POINT('',#3107);
#3107 = CARTESIAN_POINT('',(0.3,0.25,0.315));
#3108 = LINE('',#3109,#3110);
#3109 = CARTESIAN_POINT('',(-0.3,0.25,0.315));
#3110 = VECTOR('',#3111,1.);
#3111 = DIRECTION('',(1.,0.,0.));
#3112 = ORIENTED_EDGE('',*,*,#3113,.T.);
#3113 = EDGE_CURVE('',#3106,#3114,#3116,.T.);
#3114 = VERTEX_POINT('',#3115);
#3115 = CARTESIAN_POINT('',(0.465,0.25,0.315));
#3116 = LINE('',#3117,#3118);
#3117 = CARTESIAN_POINT('',(-0.465,0.25,0.315));
#3118 = VECTOR('',#3119,1.);
#3119 = DIRECTION('',(1.,0.,0.));
#3120 = ORIENTED_EDGE('',*,*,#3121,.F.);
#3121 = EDGE_CURVE('',#3122,#3114,#3124,.T.);
#3122 = VERTEX_POINT('',#3123);
#3123 = CARTESIAN_POINT('',(0.465,0.25,3.5E-02));
#3124 = LINE('',#3125,#3126);
#3125 = CARTESIAN_POINT('',(0.465,0.25,3.5E-02));
#3126 = VECTOR('',#3127,1.);
#3127 = DIRECTION('',(0.,0.,1.));
#3128 = ORIENTED_EDGE('',*,*,#3129,.F.);
#3129 = EDGE_CURVE('',#3130,#3122,#3132,.T.);
#3130 = VERTEX_POINT('',#3131);
#3131 = CARTESIAN_POINT('',(0.3,0.25,3.5E-02));
#3132 = LINE('',#3133,#3134);
#3133 = CARTESIAN_POINT('',(-0.465,0.25,3.5E-02));
#3134 = VECTOR('',#3135,1.);
#3135 = DIRECTION('',(1.,0.,0.));
#3136 = ORIENTED_EDGE('',*,*,#3137,.F.);
#3137 = EDGE_CURVE('',#2963,#3130,#3138,.T.);
#3138 = LINE('',#3139,#3140);
#3139 = CARTESIAN_POINT('',(-0.465,0.25,3.5E-02));
#3140 = VECTOR('',#3141,1.);
#3141 = DIRECTION('',(1.,0.,0.));
#3142 = PLANE('',#3143);
#3143 = AXIS2_PLACEMENT_3D('',#3144,#3145,#3146);
#3144 = CARTESIAN_POINT('',(-0.465,0.25,3.5E-02));
#3145 = DIRECTION('',(0.,1.,0.));
#3146 = DIRECTION('',(0.,-0.,1.));
#3147 = ADVANCED_FACE('',(#3148),#3159,.F.);
#3148 = FACE_BOUND('',#3149,.F.);
#3149 = EDGE_LOOP('',(#3150,#3151,#3152,#3158));
#3150 = ORIENTED_EDGE('',*,*,#3005,.F.);
#3151 = ORIENTED_EDGE('',*,*,#3054,.T.);
#3152 = ORIENTED_EDGE('',*,*,#3153,.T.);
#3153 = EDGE_CURVE('',#3047,#3130,#3154,.T.);
#3154 = LINE('',#3155,#3156);
#3155 = CARTESIAN_POINT('',(0.3,-0.25,3.5E-02));
#3156 = VECTOR('',#3157,1.);
#3157 = DIRECTION('',(0.,1.,0.));
#3158 = ORIENTED_EDGE('',*,*,#3137,.F.);
#3159 = PLANE('',#3160);
#3160 = AXIS2_PLACEMENT_3D('',#3161,#3162,#3163);
#3161 = CARTESIAN_POINT('',(-0.465,-0.25,3.5E-02));
#3162 = DIRECTION('',(0.,0.,1.));
#3163 = DIRECTION('',(1.,0.,-0.));
#3164 = ADVANCED_FACE('',(#3165),#3228,.F.);
#3165 = FACE_BOUND('',#3166,.F.);
#3166 = EDGE_LOOP('',(#3167,#3177,#3184,#3185,#3186,#3187,#3196,#3204,
    #3213,#3221));
#3167 = ORIENTED_EDGE('',*,*,#3168,.F.);
#3168 = EDGE_CURVE('',#3169,#3171,#3173,.T.);
#3169 = VERTEX_POINT('',#3170);
#3170 = CARTESIAN_POINT('',(0.335,-0.25,-2.775557561563E-17));
#3171 = VERTEX_POINT('',#3172);
#3172 = CARTESIAN_POINT('',(0.465,-0.25,-2.775557561563E-17));
#3173 = LINE('',#3174,#3175);
#3174 = CARTESIAN_POINT('',(0.3,-0.25,0.));
#3175 = VECTOR('',#3176,1.);
#3176 = DIRECTION('',(1.,0.,0.));
#3177 = ORIENTED_EDGE('',*,*,#3178,.F.);
#3178 = EDGE_CURVE('',#3047,#3169,#3179,.T.);
#3179 = CIRCLE('',#3180,3.5E-02);
#3180 = AXIS2_PLACEMENT_3D('',#3181,#3182,#3183);
#3181 = CARTESIAN_POINT('',(0.335,-0.25,3.5E-02));
#3182 = DIRECTION('',(0.,-1.,0.));
#3183 = DIRECTION('',(0.,0.,1.));
#3184 = ORIENTED_EDGE('',*,*,#3046,.T.);
#3185 = ORIENTED_EDGE('',*,*,#3038,.T.);
#3186 = ORIENTED_EDGE('',*,*,#3030,.F.);
#3187 = ORIENTED_EDGE('',*,*,#3188,.T.);
#3188 = EDGE_CURVE('',#3023,#3189,#3191,.T.);
#3189 = VERTEX_POINT('',#3190);
#3190 = CARTESIAN_POINT('',(0.335,-0.25,0.35));
#3191 = CIRCLE('',#3192,3.5E-02);
#3192 = AXIS2_PLACEMENT_3D('',#3193,#3194,#3195);
#3193 = CARTESIAN_POINT('',(0.335,-0.25,0.315));
#3194 = DIRECTION('',(0.,1.,0.));
#3195 = DIRECTION('',(0.,-0.,1.));
#3196 = ORIENTED_EDGE('',*,*,#3197,.T.);
#3197 = EDGE_CURVE('',#3189,#3198,#3200,.T.);
#3198 = VERTEX_POINT('',#3199);
#3199 = CARTESIAN_POINT('',(0.465,-0.25,0.35));
#3200 = LINE('',#3201,#3202);
#3201 = CARTESIAN_POINT('',(0.3,-0.25,0.35));
#3202 = VECTOR('',#3203,1.);
#3203 = DIRECTION('',(1.,0.,0.));
#3204 = ORIENTED_EDGE('',*,*,#3205,.F.);
#3205 = EDGE_CURVE('',#3206,#3198,#3208,.T.);
#3206 = VERTEX_POINT('',#3207);
#3207 = CARTESIAN_POINT('',(0.5,-0.25,0.315));
#3208 = CIRCLE('',#3209,3.5E-02);
#3209 = AXIS2_PLACEMENT_3D('',#3210,#3211,#3212);
#3210 = CARTESIAN_POINT('',(0.465,-0.25,0.315));
#3211 = DIRECTION('',(0.,-1.,0.));
#3212 = DIRECTION('',(0.,0.,1.));
#3213 = ORIENTED_EDGE('',*,*,#3214,.F.);
#3214 = EDGE_CURVE('',#3215,#3206,#3217,.T.);
#3215 = VERTEX_POINT('',#3216);
#3216 = CARTESIAN_POINT('',(0.5,-0.25,3.5E-02));
#3217 = LINE('',#3218,#3219);
#3218 = CARTESIAN_POINT('',(0.5,-0.25,0.));
#3219 = VECTOR('',#3220,1.);
#3220 = DIRECTION('',(0.,0.,1.));
#3221 = ORIENTED_EDGE('',*,*,#3222,.T.);
#3222 = EDGE_CURVE('',#3215,#3171,#3223,.T.);
#3223 = CIRCLE('',#3224,3.5E-02);
#3224 = AXIS2_PLACEMENT_3D('',#3225,#3226,#3227);
#3225 = CARTESIAN_POINT('',(0.465,-0.25,3.5E-02));
#3226 = DIRECTION('',(0.,1.,0.));
#3227 = DIRECTION('',(0.,-0.,1.));
#3228 = PLANE('',#3229);
#3229 = AXIS2_PLACEMENT_3D('',#3230,#3231,#3232);
#3230 = CARTESIAN_POINT('',(0.3,-0.25,0.));
#3231 = DIRECTION('',(0.,1.,0.));
#3232 = DIRECTION('',(0.,-0.,1.));
#3233 = ADVANCED_FACE('',(#3234),#3259,.F.);
#3234 = FACE_BOUND('',#3235,.F.);
#3235 = EDGE_LOOP('',(#3236,#3237,#3245,#3253));
#3236 = ORIENTED_EDGE('',*,*,#3022,.F.);
#3237 = ORIENTED_EDGE('',*,*,#3238,.T.);
#3238 = EDGE_CURVE('',#2821,#3239,#3241,.T.);
#3239 = VERTEX_POINT('',#3240);
#3240 = CARTESIAN_POINT('',(-0.3,-0.25,0.35));
#3241 = LINE('',#3242,#3243);
#3242 = CARTESIAN_POINT('',(-0.3,-0.25,0.315));
#3243 = VECTOR('',#3244,1.);
#3244 = DIRECTION('',(0.,0.,1.));
#3245 = ORIENTED_EDGE('',*,*,#3246,.T.);
#3246 = EDGE_CURVE('',#3239,#3247,#3249,.T.);
#3247 = VERTEX_POINT('',#3248);
#3248 = CARTESIAN_POINT('',(0.3,-0.25,0.35));
#3249 = LINE('',#3250,#3251);
#3250 = CARTESIAN_POINT('',(-0.3,-0.25,0.35));
#3251 = VECTOR('',#3252,1.);
#3252 = DIRECTION('',(1.,0.,0.));
#3253 = ORIENTED_EDGE('',*,*,#3254,.F.);
#3254 = EDGE_CURVE('',#3023,#3247,#3255,.T.);
#3255 = LINE('',#3256,#3257);
#3256 = CARTESIAN_POINT('',(0.3,-0.25,0.315));
#3257 = VECTOR('',#3258,1.);
#3258 = DIRECTION('',(0.,0.,1.));
#3259 = PLANE('',#3260);
#3260 = AXIS2_PLACEMENT_3D('',#3261,#3262,#3263);
#3261 = CARTESIAN_POINT('',(-0.3,-0.25,0.315));
#3262 = DIRECTION('',(0.,1.,0.));
#3263 = DIRECTION('',(0.,-0.,1.));
#3264 = ADVANCED_FACE('',(#3265),#3283,.F.);
#3265 = FACE_BOUND('',#3266,.F.);
#3266 = EDGE_LOOP('',(#3267,#3268,#3269,#3277));
#3267 = ORIENTED_EDGE('',*,*,#3238,.F.);
#3268 = ORIENTED_EDGE('',*,*,#3085,.T.);
#3269 = ORIENTED_EDGE('',*,*,#3270,.T.);
#3270 = EDGE_CURVE('',#2938,#3271,#3273,.T.);
#3271 = VERTEX_POINT('',#3272);
#3272 = CARTESIAN_POINT('',(-0.3,0.25,0.35));
#3273 = LINE('',#3274,#3275);
#3274 = CARTESIAN_POINT('',(-0.3,0.25,0.315));
#3275 = VECTOR('',#3276,1.);
#3276 = DIRECTION('',(0.,0.,1.));
#3277 = ORIENTED_EDGE('',*,*,#3278,.F.);
#3278 = EDGE_CURVE('',#3239,#3271,#3279,.T.);
#3279 = LINE('',#3280,#3281);
#3280 = CARTESIAN_POINT('',(-0.3,-0.25,0.35));
#3281 = VECTOR('',#3282,1.);
#3282 = DIRECTION('',(0.,1.,0.));
#3283 = PLANE('',#3284);
#3284 = AXIS2_PLACEMENT_3D('',#3285,#3286,#3287);
#3285 = CARTESIAN_POINT('',(-0.3,-0.25,0.315));
#3286 = DIRECTION('',(1.,0.,0.));
#3287 = DIRECTION('',(0.,0.,1.));
#3288 = ADVANCED_FACE('',(#3289),#3352,.T.);
#3289 = FACE_BOUND('',#3290,.T.);
#3290 = EDGE_LOOP('',(#3291,#3301,#3308,#3309,#3310,#3311,#3320,#3328,
    #3337,#3345));
#3291 = ORIENTED_EDGE('',*,*,#3292,.F.);
#3292 = EDGE_CURVE('',#3293,#3295,#3297,.T.);
#3293 = VERTEX_POINT('',#3294);
#3294 = CARTESIAN_POINT('',(0.335,0.25,-2.775557561563E-17));
#3295 = VERTEX_POINT('',#3296);
#3296 = CARTESIAN_POINT('',(0.465,0.25,-2.775557561563E-17));
#3297 = LINE('',#3298,#3299);
#3298 = CARTESIAN_POINT('',(0.3,0.25,0.));
#3299 = VECTOR('',#3300,1.);
#3300 = DIRECTION('',(1.,0.,0.));
#3301 = ORIENTED_EDGE('',*,*,#3302,.F.);
#3302 = EDGE_CURVE('',#3130,#3293,#3303,.T.);
#3303 = CIRCLE('',#3304,3.5E-02);
#3304 = AXIS2_PLACEMENT_3D('',#3305,#3306,#3307);
#3305 = CARTESIAN_POINT('',(0.335,0.25,3.5E-02));
#3306 = DIRECTION('',(0.,-1.,0.));
#3307 = DIRECTION('',(0.,0.,1.));
#3308 = ORIENTED_EDGE('',*,*,#3129,.T.);
#3309 = ORIENTED_EDGE('',*,*,#3121,.T.);
#3310 = ORIENTED_EDGE('',*,*,#3113,.F.);
#3311 = ORIENTED_EDGE('',*,*,#3312,.T.);
#3312 = EDGE_CURVE('',#3106,#3313,#3315,.T.);
#3313 = VERTEX_POINT('',#3314);
#3314 = CARTESIAN_POINT('',(0.335,0.25,0.35));
#3315 = CIRCLE('',#3316,3.5E-02);
#3316 = AXIS2_PLACEMENT_3D('',#3317,#3318,#3319);
#3317 = CARTESIAN_POINT('',(0.335,0.25,0.315));
#3318 = DIRECTION('',(0.,1.,0.));
#3319 = DIRECTION('',(0.,-0.,1.));
#3320 = ORIENTED_EDGE('',*,*,#3321,.T.);
#3321 = EDGE_CURVE('',#3313,#3322,#3324,.T.);
#3322 = VERTEX_POINT('',#3323);
#3323 = CARTESIAN_POINT('',(0.465,0.25,0.35));
#3324 = LINE('',#3325,#3326);
#3325 = CARTESIAN_POINT('',(0.3,0.25,0.35));
#3326 = VECTOR('',#3327,1.);
#3327 = DIRECTION('',(1.,0.,0.));
#3328 = ORIENTED_EDGE('',*,*,#3329,.F.);
#3329 = EDGE_CURVE('',#3330,#3322,#3332,.T.);
#3330 = VERTEX_POINT('',#3331);
#3331 = CARTESIAN_POINT('',(0.5,0.25,0.315));
#3332 = CIRCLE('',#3333,3.5E-02);
#3333 = AXIS2_PLACEMENT_3D('',#3334,#3335,#3336);
#3334 = CARTESIAN_POINT('',(0.465,0.25,0.315));
#3335 = DIRECTION('',(0.,-1.,0.));
#3336 = DIRECTION('',(0.,0.,1.));
#3337 = ORIENTED_EDGE('',*,*,#3338,.F.);
#3338 = EDGE_CURVE('',#3339,#3330,#3341,.T.);
#3339 = VERTEX_POINT('',#3340);
#3340 = CARTESIAN_POINT('',(0.5,0.25,3.5E-02));
#3341 = LINE('',#3342,#3343);
#3342 = CARTESIAN_POINT('',(0.5,0.25,0.));
#3343 = VECTOR('',#3344,1.);
#3344 = DIRECTION('',(0.,0.,1.));
#3345 = ORIENTED_EDGE('',*,*,#3346,.T.);
#3346 = EDGE_CURVE('',#3339,#3295,#3347,.T.);
#3347 = CIRCLE('',#3348,3.5E-02);
#3348 = AXIS2_PLACEMENT_3D('',#3349,#3350,#3351);
#3349 = CARTESIAN_POINT('',(0.465,0.25,3.5E-02));
#3350 = DIRECTION('',(0.,1.,0.));
#3351 = DIRECTION('',(0.,-0.,1.));
#3352 = PLANE('',#3353);
#3353 = AXIS2_PLACEMENT_3D('',#3354,#3355,#3356);
#3354 = CARTESIAN_POINT('',(0.3,0.25,0.));
#3355 = DIRECTION('',(0.,1.,0.));
#3356 = DIRECTION('',(0.,-0.,1.));
#3357 = ADVANCED_FACE('',(#3358),#3376,.T.);
#3358 = FACE_BOUND('',#3359,.T.);
#3359 = EDGE_LOOP('',(#3360,#3361,#3362,#3370));
#3360 = ORIENTED_EDGE('',*,*,#3105,.F.);
#3361 = ORIENTED_EDGE('',*,*,#3270,.T.);
#3362 = ORIENTED_EDGE('',*,*,#3363,.T.);
#3363 = EDGE_CURVE('',#3271,#3364,#3366,.T.);
#3364 = VERTEX_POINT('',#3365);
#3365 = CARTESIAN_POINT('',(0.3,0.25,0.35));
#3366 = LINE('',#3367,#3368);
#3367 = CARTESIAN_POINT('',(-0.3,0.25,0.35));
#3368 = VECTOR('',#3369,1.);
#3369 = DIRECTION('',(1.,0.,0.));
#3370 = ORIENTED_EDGE('',*,*,#3371,.F.);
#3371 = EDGE_CURVE('',#3106,#3364,#3372,.T.);
#3372 = LINE('',#3373,#3374);
#3373 = CARTESIAN_POINT('',(0.3,0.25,0.315));
#3374 = VECTOR('',#3375,1.);
#3375 = DIRECTION('',(0.,0.,1.));
#3376 = PLANE('',#3377);
#3377 = AXIS2_PLACEMENT_3D('',#3378,#3379,#3380);
#3378 = CARTESIAN_POINT('',(-0.3,0.25,0.315));
#3379 = DIRECTION('',(0.,1.,0.));
#3380 = DIRECTION('',(0.,-0.,1.));
#3381 = ADVANCED_FACE('',(#3382),#3393,.T.);
#3382 = FACE_BOUND('',#3383,.T.);
#3383 = EDGE_LOOP('',(#3384,#3385,#3386,#3392));
#3384 = ORIENTED_EDGE('',*,*,#3153,.T.);
#3385 = ORIENTED_EDGE('',*,*,#3302,.T.);
#3386 = ORIENTED_EDGE('',*,*,#3387,.F.);
#3387 = EDGE_CURVE('',#3169,#3293,#3388,.T.);
#3388 = LINE('',#3389,#3390);
#3389 = CARTESIAN_POINT('',(0.335,-0.25,-2.775557561563E-17));
#3390 = VECTOR('',#3391,1.);
#3391 = DIRECTION('',(0.,1.,0.));
#3392 = ORIENTED_EDGE('',*,*,#3178,.F.);
#3393 = CYLINDRICAL_SURFACE('',#3394,3.5E-02);
#3394 = AXIS2_PLACEMENT_3D('',#3395,#3396,#3397);
#3395 = CARTESIAN_POINT('',(0.335,-0.25,3.5E-02));
#3396 = DIRECTION('',(0.,1.,0.));
#3397 = DIRECTION('',(-1.,0.,0.));
#3398 = ADVANCED_FACE('',(#3399),#3410,.F.);
#3399 = FACE_BOUND('',#3400,.F.);
#3400 = EDGE_LOOP('',(#3401,#3402,#3403,#3404));
#3401 = ORIENTED_EDGE('',*,*,#3292,.F.);
#3402 = ORIENTED_EDGE('',*,*,#3387,.F.);
#3403 = ORIENTED_EDGE('',*,*,#3168,.T.);
#3404 = ORIENTED_EDGE('',*,*,#3405,.T.);
#3405 = EDGE_CURVE('',#3171,#3295,#3406,.T.);
#3406 = LINE('',#3407,#3408);
#3407 = CARTESIAN_POINT('',(0.465,-0.25,-2.775557561563E-17));
#3408 = VECTOR('',#3409,1.);
#3409 = DIRECTION('',(0.,1.,0.));
#3410 = PLANE('',#3411);
#3411 = AXIS2_PLACEMENT_3D('',#3412,#3413,#3414);
#3412 = CARTESIAN_POINT('',(0.3,-0.25,0.));
#3413 = DIRECTION('',(0.,0.,1.));
#3414 = DIRECTION('',(1.,0.,-0.));
#3415 = ADVANCED_FACE('',(#3416),#3427,.T.);
#3416 = FACE_BOUND('',#3417,.T.);
#3417 = EDGE_LOOP('',(#3418,#3419,#3420,#3421));
#3418 = ORIENTED_EDGE('',*,*,#3222,.T.);
#3419 = ORIENTED_EDGE('',*,*,#3405,.T.);
#3420 = ORIENTED_EDGE('',*,*,#3346,.F.);
#3421 = ORIENTED_EDGE('',*,*,#3422,.F.);
#3422 = EDGE_CURVE('',#3215,#3339,#3423,.T.);
#3423 = LINE('',#3424,#3425);
#3424 = CARTESIAN_POINT('',(0.5,-0.25,3.5E-02));
#3425 = VECTOR('',#3426,1.);
#3426 = DIRECTION('',(0.,1.,0.));
#3427 = CYLINDRICAL_SURFACE('',#3428,3.5E-02);
#3428 = AXIS2_PLACEMENT_3D('',#3429,#3430,#3431);
#3429 = CARTESIAN_POINT('',(0.465,-0.25,3.5E-02));
#3430 = DIRECTION('',(0.,1.,0.));
#3431 = DIRECTION('',(1.,0.,0.));
#3432 = ADVANCED_FACE('',(#3433),#3444,.T.);
#3433 = FACE_BOUND('',#3434,.T.);
#3434 = EDGE_LOOP('',(#3435,#3436,#3437,#3438));
#3435 = ORIENTED_EDGE('',*,*,#3214,.F.);
#3436 = ORIENTED_EDGE('',*,*,#3422,.T.);
#3437 = ORIENTED_EDGE('',*,*,#3338,.T.);
#3438 = ORIENTED_EDGE('',*,*,#3439,.F.);
#3439 = EDGE_CURVE('',#3206,#3330,#3440,.T.);
#3440 = LINE('',#3441,#3442);
#3441 = CARTESIAN_POINT('',(0.5,-0.25,0.315));
#3442 = VECTOR('',#3443,1.);
#3443 = DIRECTION('',(0.,1.,0.));
#3444 = PLANE('',#3445);
#3445 = AXIS2_PLACEMENT_3D('',#3446,#3447,#3448);
#3446 = CARTESIAN_POINT('',(0.5,-0.25,0.));
#3447 = DIRECTION('',(1.,0.,0.));
#3448 = DIRECTION('',(0.,0.,1.));
#3449 = ADVANCED_FACE('',(#3450),#3461,.T.);
#3450 = FACE_BOUND('',#3451,.T.);
#3451 = EDGE_LOOP('',(#3452,#3453,#3454,#3460));
#3452 = ORIENTED_EDGE('',*,*,#3439,.T.);
#3453 = ORIENTED_EDGE('',*,*,#3329,.T.);
#3454 = ORIENTED_EDGE('',*,*,#3455,.F.);
#3455 = EDGE_CURVE('',#3198,#3322,#3456,.T.);
#3456 = LINE('',#3457,#3458);
#3457 = CARTESIAN_POINT('',(0.465,-0.25,0.35));
#3458 = VECTOR('',#3459,1.);
#3459 = DIRECTION('',(0.,1.,0.));
#3460 = ORIENTED_EDGE('',*,*,#3205,.F.);
#3461 = CYLINDRICAL_SURFACE('',#3462,3.5E-02);
#3462 = AXIS2_PLACEMENT_3D('',#3463,#3464,#3465);
#3463 = CARTESIAN_POINT('',(0.465,-0.25,0.315));
#3464 = DIRECTION('',(0.,1.,0.));
#3465 = DIRECTION('',(1.,0.,0.));
#3466 = ADVANCED_FACE('',(#3467),#3478,.T.);
#3467 = FACE_BOUND('',#3468,.T.);
#3468 = EDGE_LOOP('',(#3469,#3470,#3476,#3477));
#3469 = ORIENTED_EDGE('',*,*,#3321,.F.);
#3470 = ORIENTED_EDGE('',*,*,#3471,.F.);
#3471 = EDGE_CURVE('',#3189,#3313,#3472,.T.);
#3472 = LINE('',#3473,#3474);
#3473 = CARTESIAN_POINT('',(0.335,-0.25,0.35));
#3474 = VECTOR('',#3475,1.);
#3475 = DIRECTION('',(0.,1.,0.));
#3476 = ORIENTED_EDGE('',*,*,#3197,.T.);
#3477 = ORIENTED_EDGE('',*,*,#3455,.T.);
#3478 = PLANE('',#3479);
#3479 = AXIS2_PLACEMENT_3D('',#3480,#3481,#3482);
#3480 = CARTESIAN_POINT('',(0.3,-0.25,0.35));
#3481 = DIRECTION('',(0.,0.,1.));
#3482 = DIRECTION('',(1.,0.,-0.));
#3483 = ADVANCED_FACE('',(#3484),#3495,.T.);
#3484 = FACE_BOUND('',#3485,.T.);
#3485 = EDGE_LOOP('',(#3486,#3487,#3488,#3489));
#3486 = ORIENTED_EDGE('',*,*,#3188,.T.);
#3487 = ORIENTED_EDGE('',*,*,#3471,.T.);
#3488 = ORIENTED_EDGE('',*,*,#3312,.F.);
#3489 = ORIENTED_EDGE('',*,*,#3490,.F.);
#3490 = EDGE_CURVE('',#3023,#3106,#3491,.T.);
#3491 = LINE('',#3492,#3493);
#3492 = CARTESIAN_POINT('',(0.3,-0.25,0.315));
#3493 = VECTOR('',#3494,1.);
#3494 = DIRECTION('',(0.,1.,0.));
#3495 = CYLINDRICAL_SURFACE('',#3496,3.5E-02);
#3496 = AXIS2_PLACEMENT_3D('',#3497,#3498,#3499);
#3497 = CARTESIAN_POINT('',(0.335,-0.25,0.315));
#3498 = DIRECTION('',(0.,1.,0.));
#3499 = DIRECTION('',(-1.,0.,0.));
#3500 = ADVANCED_FACE('',(#3501),#3512,.T.);
#3501 = FACE_BOUND('',#3502,.T.);
#3502 = EDGE_LOOP('',(#3503,#3504,#3505,#3506));
#3503 = ORIENTED_EDGE('',*,*,#3254,.F.);
#3504 = ORIENTED_EDGE('',*,*,#3490,.T.);
#3505 = ORIENTED_EDGE('',*,*,#3371,.T.);
#3506 = ORIENTED_EDGE('',*,*,#3507,.F.);
#3507 = EDGE_CURVE('',#3247,#3364,#3508,.T.);
#3508 = LINE('',#3509,#3510);
#3509 = CARTESIAN_POINT('',(0.3,-0.25,0.35));
#3510 = VECTOR('',#3511,1.);
#3511 = DIRECTION('',(0.,1.,0.));
#3512 = PLANE('',#3513);
#3513 = AXIS2_PLACEMENT_3D('',#3514,#3515,#3516);
#3514 = CARTESIAN_POINT('',(0.3,-0.25,0.315));
#3515 = DIRECTION('',(1.,0.,0.));
#3516 = DIRECTION('',(0.,0.,1.));
#3517 = ADVANCED_FACE('',(#3518),#3524,.T.);
#3518 = FACE_BOUND('',#3519,.T.);
#3519 = EDGE_LOOP('',(#3520,#3521,#3522,#3523));
#3520 = ORIENTED_EDGE('',*,*,#3278,.F.);
#3521 = ORIENTED_EDGE('',*,*,#3246,.T.);
#3522 = ORIENTED_EDGE('',*,*,#3507,.T.);
#3523 = ORIENTED_EDGE('',*,*,#3363,.F.);
#3524 = PLANE('',#3525);
#3525 = AXIS2_PLACEMENT_3D('',#3526,#3527,#3528);
#3526 = CARTESIAN_POINT('',(-0.3,-0.25,0.35));
#3527 = DIRECTION('',(0.,0.,1.));
#3528 = DIRECTION('',(1.,0.,-0.));
#3529 = ( GEOMETRIC_REPRESENTATION_CONTEXT(3) 
GLOBAL_UNCERTAINTY_ASSIGNED_CONTEXT((#3533)) 
GLOBAL_UNIT_ASSIGNED_CONTEXT((#3530,#3531,#3532)) REPRESENTATION_CONTEXT
('Context #1','3D Context with UNIT and UNCERTAINTY') );
#3530 = ( LENGTH_UNIT() NAMED_UNIT(*) SI_UNIT(.MILLI.,.METRE.) );
#3531 = ( NAMED_UNIT(*) PLANE_ANGLE_UNIT() SI_UNIT($,.RADIAN.) );
#3532 = ( NAMED_UNIT(*) SI_UNIT($,.STERADIAN.) SOLID_ANGLE_UNIT() );
#3533 = UNCERTAINTY_MEASURE_WITH_UNIT(LENGTH_MEASURE(1.E-07),#3530,
  'distance_accuracy_value','confusion accuracy');
#3534 = CONTEXT_DEPENDENT_SHAPE_REPRESENTATION(#3535,#3537);
#3535 = ( REPRESENTATION_RELATIONSHIP('','',#2738,#2715) 
REPRESENTATION_RELATIONSHIP_WITH_TRANSFORMATION(#3536) 
SHAPE_REPRESENTATION_RELATIONSHIP() );
#3536 = ITEM_DEFINED_TRANSFORMATION('','',#11,#2716);
#3537 = PRODUCT_DEFINITION_SHAPE('Placement','Placement of an item',
  #3538);
#3538 = NEXT_ASSEMBLY_USAGE_OCCURRENCE('3','=>[0:1:1:5]','',#2710,#2733,
  $);
#3539 = PRODUCT_RELATED_PRODUCT_CATEGORY('part',$,(#2735));
#3540 = SHAPE_DEFINITION_REPRESENTATION(#3541,#3547);
#3541 = PRODUCT_DEFINITION_SHAPE('','',#3542);
#3542 = PRODUCT_DEFINITION('design','',#3543,#3546);
#3543 = PRODUCT_DEFINITION_FORMATION('','',#3544);
#3544 = PRODUCT('Flat_NTC_silkscreen','Flat_NTC_silkscreen','',(#3545));
#3545 = PRODUCT_CONTEXT('',#2,'mechanical');
#3546 = PRODUCT_DEFINITION_CONTEXT('part definition',#2,'design');
#3547 = SHAPE_REPRESENTATION('',(#11,#3548,#3600,#3652,#3704,#3756),
  #3824);
#3548 = SHELL_BASED_SURFACE_MODEL('',(#3549));
#3549 = OPEN_SHELL('',(#3550));
#3550 = ADVANCED_FACE('',(#3551),#3595,.T.);
#3551 = FACE_BOUND('',#3552,.F.);
#3552 = EDGE_LOOP('',(#3553,#3564,#3572,#3581,#3589));
#3553 = ORIENTED_EDGE('',*,*,#3554,.T.);
#3554 = EDGE_CURVE('',#3555,#3557,#3559,.T.);
#3555 = VERTEX_POINT('',#3556);
#3556 = CARTESIAN_POINT('',(511.009567,-151.767039,0.325));
#3557 = VERTEX_POINT('',#3558);
#3558 = CARTESIAN_POINT('',(511.125,-151.79,0.325));
#3559 = CIRCLE('',#3560,6.000007318646E-02);
#3560 = AXIS2_PLACEMENT_3D('',#3561,#3562,#3563);
#3561 = CARTESIAN_POINT('',(511.06499992681,-151.7899998233,0.325));
#3562 = DIRECTION('',(0.,0.,-1.));
#3563 = DIRECTION('',(-0.923880986637,0.382679921777,0.));
#3564 = ORIENTED_EDGE('',*,*,#3565,.T.);
#3565 = EDGE_CURVE('',#3557,#3566,#3568,.T.);
#3566 = VERTEX_POINT('',#3567);
#3567 = CARTESIAN_POINT('',(511.125,-153.21,0.325));
#3568 = LINE('',#3569,#3570);
#3569 = CARTESIAN_POINT('',(511.125,-151.79,0.325));
#3570 = VECTOR('',#3571,1.);
#3571 = DIRECTION('',(0.,-1.,0.));
#3572 = ORIENTED_EDGE('',*,*,#3573,.T.);
#3573 = EDGE_CURVE('',#3566,#3574,#3576,.T.);
#3574 = VERTEX_POINT('',#3575);
#3575 = CARTESIAN_POINT('',(511.005,-153.21,0.325));
#3576 = CIRCLE('',#3577,6.000000000042E-02);
#3577 = AXIS2_PLACEMENT_3D('',#3578,#3579,#3580);
#3578 = CARTESIAN_POINT('',(511.065,-153.2100002255,0.325));
#3579 = DIRECTION('',(0.,0.,-1.));
#3580 = DIRECTION('',(0.999999999993,3.759794253684E-06,0.));
#3581 = ORIENTED_EDGE('',*,*,#3582,.T.);
#3582 = EDGE_CURVE('',#3574,#3583,#3585,.T.);
#3583 = VERTEX_POINT('',#3584);
#3584 = CARTESIAN_POINT('',(511.005,-151.79,0.325));
#3585 = LINE('',#3586,#3587);
#3586 = CARTESIAN_POINT('',(511.005,-153.21,0.325));
#3587 = VECTOR('',#3588,1.);
#3588 = DIRECTION('',(0.,1.,0.));
#3589 = ORIENTED_EDGE('',*,*,#3590,.T.);
#3590 = EDGE_CURVE('',#3583,#3555,#3591,.T.);
#3591 = LINE('',#3592,#3593);
#3592 = CARTESIAN_POINT('',(511.005,-151.79,0.325));
#3593 = VECTOR('',#3594,1.);
#3594 = DIRECTION('',(0.195081000118,0.980787134598,0.));
#3595 = PLANE('',#3596);
#3596 = AXIS2_PLACEMENT_3D('',#3597,#3598,#3599);
#3597 = CARTESIAN_POINT('',(0.,0.,0.325));
#3598 = DIRECTION('',(0.,0.,1.));
#3599 = DIRECTION('',(1.,0.,-0.));
#3600 = SHELL_BASED_SURFACE_MODEL('',(#3601));
#3601 = OPEN_SHELL('',(#3602));
#3602 = ADVANCED_FACE('',(#3603),#3647,.T.);
#3603 = FACE_BOUND('',#3604,.F.);
#3604 = EDGE_LOOP('',(#3605,#3616,#3624,#3633,#3641));
#3605 = ORIENTED_EDGE('',*,*,#3606,.T.);
#3606 = EDGE_CURVE('',#3607,#3609,#3611,.T.);
#3607 = VERTEX_POINT('',#3608);
#3608 = CARTESIAN_POINT('',(512.879567,-152.051471,0.325));
#3609 = VERTEX_POINT('',#3610);
#3610 = CARTESIAN_POINT('',(512.995,-152.074432,0.325));
#3611 = CIRCLE('',#3612,6.000007318649E-02);
#3612 = AXIS2_PLACEMENT_3D('',#3613,#3614,#3615);
#3613 = CARTESIAN_POINT('',(512.93499992681,-152.0744318233,0.325));
#3614 = DIRECTION('',(0.,0.,-1.));
#3615 = DIRECTION('',(-0.923880986637,0.382679921777,0.));
#3616 = ORIENTED_EDGE('',*,*,#3617,.T.);
#3617 = EDGE_CURVE('',#3609,#3618,#3620,.T.);
#3618 = VERTEX_POINT('',#3619);
#3619 = CARTESIAN_POINT('',(512.995,-153.21,0.325));
#3620 = LINE('',#3621,#3622);
#3621 = CARTESIAN_POINT('',(512.995,-152.074432,0.325));
#3622 = VECTOR('',#3623,1.);
#3623 = DIRECTION('',(0.,-1.,0.));
#3624 = ORIENTED_EDGE('',*,*,#3625,.T.);
#3625 = EDGE_CURVE('',#3618,#3626,#3628,.T.);
#3626 = VERTEX_POINT('',#3627);
#3627 = CARTESIAN_POINT('',(512.875,-153.21,0.325));
#3628 = CIRCLE('',#3629,6.000000000041E-02);
#3629 = AXIS2_PLACEMENT_3D('',#3630,#3631,#3632);
#3630 = CARTESIAN_POINT('',(512.935,-153.2100002255,0.325));
#3631 = DIRECTION('',(0.,0.,-1.));
#3632 = DIRECTION('',(0.999999999993,3.759794253687E-06,0.));
#3633 = ORIENTED_EDGE('',*,*,#3634,.T.);
#3634 = EDGE_CURVE('',#3626,#3635,#3637,.T.);
#3635 = VERTEX_POINT('',#3636);
#3636 = CARTESIAN_POINT('',(512.875,-152.074432,0.325));
#3637 = LINE('',#3638,#3639);
#3638 = CARTESIAN_POINT('',(512.875,-153.21,0.325));
#3639 = VECTOR('',#3640,1.);
#3640 = DIRECTION('',(0.,1.,0.));
#3641 = ORIENTED_EDGE('',*,*,#3642,.T.);
#3642 = EDGE_CURVE('',#3635,#3607,#3643,.T.);
#3643 = LINE('',#3644,#3645);
#3644 = CARTESIAN_POINT('',(512.875,-152.074432,0.325));
#3645 = VECTOR('',#3646,1.);
#3646 = DIRECTION('',(0.195081000116,0.980787134598,0.));
#3647 = PLANE('',#3648);
#3648 = AXIS2_PLACEMENT_3D('',#3649,#3650,#3651);
#3649 = CARTESIAN_POINT('',(0.,0.,0.325));
#3650 = DIRECTION('',(0.,0.,1.));
#3651 = DIRECTION('',(1.,0.,-0.));
#3652 = SHELL_BASED_SURFACE_MODEL('',(#3653));
#3653 = OPEN_SHELL('',(#3654));
#3654 = ADVANCED_FACE('',(#3655),#3699,.T.);
#3655 = FACE_BOUND('',#3656,.F.);
#3656 = EDGE_LOOP('',(#3657,#3668,#3676,#3685,#3693));
#3657 = ORIENTED_EDGE('',*,*,#3658,.T.);
#3658 = EDGE_CURVE('',#3659,#3661,#3663,.T.);
#3659 = VERTEX_POINT('',#3660);
#3660 = CARTESIAN_POINT('',(510.064567,-152.323398,0.325));
#3661 = VERTEX_POINT('',#3662);
#3662 = CARTESIAN_POINT('',(510.18,-152.346359,0.325));
#3663 = CIRCLE('',#3664,6.000007318647E-02);
#3664 = AXIS2_PLACEMENT_3D('',#3665,#3666,#3667);
#3665 = CARTESIAN_POINT('',(510.11999992681,-152.3463588233,0.325));
#3666 = DIRECTION('',(0.,0.,-1.));
#3667 = DIRECTION('',(-0.923880986637,0.382679921777,0.));
#3668 = ORIENTED_EDGE('',*,*,#3669,.T.);
#3669 = EDGE_CURVE('',#3661,#3670,#3672,.T.);
#3670 = VERTEX_POINT('',#3671);
#3671 = CARTESIAN_POINT('',(510.18,-152.653641,0.325));
#3672 = LINE('',#3673,#3674);
#3673 = CARTESIAN_POINT('',(510.18,-152.346359,0.325));
#3674 = VECTOR('',#3675,1.);
#3675 = DIRECTION('',(0.,-1.,0.));
#3676 = ORIENTED_EDGE('',*,*,#3677,.T.);
#3677 = EDGE_CURVE('',#3670,#3678,#3680,.T.);
#3678 = VERTEX_POINT('',#3679);
#3679 = CARTESIAN_POINT('',(510.06,-152.653641,0.325));
#3680 = CIRCLE('',#3681,6.000000000043E-02);
#3681 = AXIS2_PLACEMENT_3D('',#3682,#3683,#3684);
#3682 = CARTESIAN_POINT('',(510.12,-152.6536412255,0.325));
#3683 = DIRECTION('',(0.,0.,-1.));
#3684 = DIRECTION('',(0.999999999993,3.759793779989E-06,0.));
#3685 = ORIENTED_EDGE('',*,*,#3686,.T.);
#3686 = EDGE_CURVE('',#3678,#3687,#3689,.T.);
#3687 = VERTEX_POINT('',#3688);
#3688 = CARTESIAN_POINT('',(510.06,-152.346359,0.325));
#3689 = LINE('',#3690,#3691);
#3690 = CARTESIAN_POINT('',(510.06,-152.653641,0.325));
#3691 = VECTOR('',#3692,1.);
#3692 = DIRECTION('',(0.,1.,0.));
#3693 = ORIENTED_EDGE('',*,*,#3694,.T.);
#3694 = EDGE_CURVE('',#3687,#3659,#3695,.T.);
#3695 = LINE('',#3696,#3697);
#3696 = CARTESIAN_POINT('',(510.06,-152.346359,0.325));
#3697 = VECTOR('',#3698,1.);
#3698 = DIRECTION('',(0.195081000118,0.980787134598,0.));
#3699 = PLANE('',#3700);
#3700 = AXIS2_PLACEMENT_3D('',#3701,#3702,#3703);
#3701 = CARTESIAN_POINT('',(0.,0.,0.325));
#3702 = DIRECTION('',(0.,0.,1.));
#3703 = DIRECTION('',(1.,0.,-0.));
#3704 = SHELL_BASED_SURFACE_MODEL('',(#3705));
#3705 = OPEN_SHELL('',(#3706));
#3706 = ADVANCED_FACE('',(#3707),#3751,.T.);
#3707 = FACE_BOUND('',#3708,.F.);
#3708 = EDGE_LOOP('',(#3709,#3720,#3728,#3737,#3745));
#3709 = ORIENTED_EDGE('',*,*,#3710,.T.);
#3710 = EDGE_CURVE('',#3711,#3713,#3715,.T.);
#3711 = VERTEX_POINT('',#3712);
#3712 = CARTESIAN_POINT('',(510.824567,-152.323398,0.325));
#3713 = VERTEX_POINT('',#3714);
#3714 = CARTESIAN_POINT('',(510.94,-152.346359,0.325));
#3715 = CIRCLE('',#3716,6.000007318647E-02);
#3716 = AXIS2_PLACEMENT_3D('',#3717,#3718,#3719);
#3717 = CARTESIAN_POINT('',(510.87999992681,-152.3463588233,0.325));
#3718 = DIRECTION('',(0.,0.,-1.));
#3719 = DIRECTION('',(-0.923880986637,0.382679921777,0.));
#3720 = ORIENTED_EDGE('',*,*,#3721,.T.);
#3721 = EDGE_CURVE('',#3713,#3722,#3724,.T.);
#3722 = VERTEX_POINT('',#3723);
#3723 = CARTESIAN_POINT('',(510.94,-152.653641,0.325));
#3724 = LINE('',#3725,#3726);
#3725 = CARTESIAN_POINT('',(510.94,-152.346359,0.325));
#3726 = VECTOR('',#3727,1.);
#3727 = DIRECTION('',(0.,-1.,0.));
#3728 = ORIENTED_EDGE('',*,*,#3729,.T.);
#3729 = EDGE_CURVE('',#3722,#3730,#3732,.T.);
#3730 = VERTEX_POINT('',#3731);
#3731 = CARTESIAN_POINT('',(510.82,-152.653641,0.325));
#3732 = CIRCLE('',#3733,6.000000000043E-02);
#3733 = AXIS2_PLACEMENT_3D('',#3734,#3735,#3736);
#3734 = CARTESIAN_POINT('',(510.88,-152.6536412255,0.325));
#3735 = DIRECTION('',(0.,0.,-1.));
#3736 = DIRECTION('',(0.999999999993,3.759793779989E-06,0.));
#3737 = ORIENTED_EDGE('',*,*,#3738,.T.);
#3738 = EDGE_CURVE('',#3730,#3739,#3741,.T.);
#3739 = VERTEX_POINT('',#3740);
#3740 = CARTESIAN_POINT('',(510.82,-152.346359,0.325));
#3741 = LINE('',#3742,#3743);
#3742 = CARTESIAN_POINT('',(510.82,-152.653641,0.325));
#3743 = VECTOR('',#3744,1.);
#3744 = DIRECTION('',(0.,1.,0.));
#3745 = ORIENTED_EDGE('',*,*,#3746,.T.);
#3746 = EDGE_CURVE('',#3739,#3711,#3747,.T.);
#3747 = LINE('',#3748,#3749);
#3748 = CARTESIAN_POINT('',(510.82,-152.346359,0.325));
#3749 = VECTOR('',#3750,1.);
#3750 = DIRECTION('',(0.195081000118,0.980787134598,0.));
#3751 = PLANE('',#3752);
#3752 = AXIS2_PLACEMENT_3D('',#3753,#3754,#3755);
#3753 = CARTESIAN_POINT('',(0.,0.,0.325));
#3754 = DIRECTION('',(0.,0.,1.));
#3755 = DIRECTION('',(1.,0.,-0.));
#3756 = SHELL_BASED_SURFACE_MODEL('',(#3757));
#3757 = OPEN_SHELL('',(#3758));
#3758 = ADVANCED_FACE('',(#3759),#3819,.T.);
#3759 = FACE_BOUND('',#3760,.F.);
#3760 = EDGE_LOOP('',(#3761,#3771,#3780,#3788,#3797,#3805,#3813));
#3761 = ORIENTED_EDGE('',*,*,#3762,.T.);
#3762 = EDGE_CURVE('',#3763,#3765,#3767,.T.);
#3763 = VERTEX_POINT('',#3764);
#3764 = CARTESIAN_POINT('',(512.891697,-151.744408,0.325));
#3765 = VERTEX_POINT('',#3766);
#3766 = CARTESIAN_POINT('',(513.094408,-151.591697,0.325));
#3767 = LINE('',#3768,#3769);
#3768 = CARTESIAN_POINT('',(512.891697,-151.744408,0.325));
#3769 = VECTOR('',#3770,1.);
#3770 = DIRECTION('',(0.798716357384,0.601707720116,0.));
#3771 = ORIENTED_EDGE('',*,*,#3772,.T.);
#3772 = EDGE_CURVE('',#3765,#3773,#3775,.T.);
#3773 = VERTEX_POINT('',#3774);
#3774 = CARTESIAN_POINT('',(513.19,-151.64,0.325));
#3775 = CIRCLE('',#3776,6.000006658934E-02);
#3776 = AXIS2_PLACEMENT_3D('',#3777,#3778,#3779);
#3777 = CARTESIAN_POINT('',(513.12999993341,-151.6400004394,0.325));
#3778 = DIRECTION('',(0.,0.,-1.));
#3779 = DIRECTION('',(-0.59319823186,0.805056431387,0.));
#3780 = ORIENTED_EDGE('',*,*,#3781,.T.);
#3781 = EDGE_CURVE('',#3773,#3782,#3784,.T.);
#3782 = VERTEX_POINT('',#3783);
#3783 = CARTESIAN_POINT('',(513.19,-151.92,0.325));
#3784 = LINE('',#3785,#3786);
#3785 = CARTESIAN_POINT('',(513.19,-151.64,0.325));
#3786 = VECTOR('',#3787,1.);
#3787 = DIRECTION('',(0.,-1.,0.));
#3788 = ORIENTED_EDGE('',*,*,#3789,.T.);
#3789 = EDGE_CURVE('',#3782,#3790,#3792,.T.);
#3790 = VERTEX_POINT('',#3791);
#3791 = CARTESIAN_POINT('',(513.094408,-151.968303,0.325));
#3792 = CIRCLE('',#3793,6.000032339637E-02);
#3793 = AXIS2_PLACEMENT_3D('',#3794,#3795,#3796);
#3794 = CARTESIAN_POINT('',(513.12999967661,-151.9199990522,0.325));
#3795 = DIRECTION('',(0.,0.,-1.));
#3796 = DIRECTION('',(0.999999999875,-1.579496203261E-05,0.));
#3797 = ORIENTED_EDGE('',*,*,#3798,.T.);
#3798 = EDGE_CURVE('',#3790,#3799,#3801,.T.);
#3799 = VERTEX_POINT('',#3800);
#3800 = CARTESIAN_POINT('',(512.904408,-151.828303,0.325));
#3801 = LINE('',#3802,#3803);
#3802 = CARTESIAN_POINT('',(513.094408,-151.968303,0.325));
#3803 = VECTOR('',#3804,1.);
#3804 = DIRECTION('',(-0.805055837353,0.59319903805,0.));
#3805 = ORIENTED_EDGE('',*,*,#3806,.T.);
#3806 = EDGE_CURVE('',#3799,#3807,#3809,.T.);
#3807 = VERTEX_POINT('',#3808);
#3808 = CARTESIAN_POINT('',(512.880677,-151.788988,0.325));
#3809 = LINE('',#3810,#3811);
#3810 = CARTESIAN_POINT('',(512.904408,-151.828303,0.325));
#3811 = VECTOR('',#3812,1.);
#3812 = DIRECTION('',(-0.516767623406,0.856125705373,0.));
#3813 = ORIENTED_EDGE('',*,*,#3814,.T.);
#3814 = EDGE_CURVE('',#3807,#3763,#3815,.T.);
#3815 = LINE('',#3816,#3817);
#3816 = CARTESIAN_POINT('',(512.880677,-151.788988,0.325));
#3817 = VECTOR('',#3818,1.);
#3818 = DIRECTION('',(0.239972882473,0.970779591708,0.));
#3819 = PLANE('',#3820);
#3820 = AXIS2_PLACEMENT_3D('',#3821,#3822,#3823);
#3821 = CARTESIAN_POINT('',(0.,0.,0.325));
#3822 = DIRECTION('',(0.,0.,1.));
#3823 = DIRECTION('',(1.,0.,-0.));
#3824 = ( GEOMETRIC_REPRESENTATION_CONTEXT(3) 
GLOBAL_UNCERTAINTY_ASSIGNED_CONTEXT((#3828)) 
GLOBAL_UNIT_ASSIGNED_CONTEXT((#3825,#3826,#3827)) REPRESENTATION_CONTEXT
('Context #1','3D Context with UNIT and UNCERTAINTY') );
#3825 = ( LENGTH_UNIT() NAMED_UNIT(*) SI_UNIT(.MILLI.,.METRE.) );
#3826 = ( NAMED_UNIT(*) PLANE_ANGLE_UNIT() SI_UNIT($,.RADIAN.) );
#3827 = ( NAMED_UNIT(*) SI_UNIT($,.STERADIAN.) SOLID_ANGLE_UNIT() );
#3828 = UNCERTAINTY_MEASURE_WITH_UNIT(LENGTH_MEASURE(1.E-07),#3825,
  'distance_accuracy_value','confusion accuracy');
#3829 = CONTEXT_DEPENDENT_SHAPE_REPRESENTATION(#3830,#3832);
#3830 = ( REPRESENTATION_RELATIONSHIP('','',#3547,#10) 
REPRESENTATION_RELATIONSHIP_WITH_TRANSFORMATION(#3831) 
SHAPE_REPRESENTATION_RELATIONSHIP() );
#3831 = ITEM_DEFINED_TRANSFORMATION('','',#11,#23);
#3832 = PRODUCT_DEFINITION_SHAPE('Placement','Placement of an item',
  #3833);
#3833 = NEXT_ASSEMBLY_USAGE_OCCURRENCE('5','=>[0:1:1:6]','',#5,#3542,$);
#3834 = PRODUCT_RELATED_PRODUCT_CATEGORY('part',$,(#3544));
#3835 = SHAPE_DEFINITION_REPRESENTATION(#3836,#3842);
#3836 = PRODUCT_DEFINITION_SHAPE('','',#3837);
#3837 = PRODUCT_DEFINITION('design','',#3838,#3841);
#3838 = PRODUCT_DEFINITION_FORMATION('','',#3839);
#3839 = PRODUCT('Flat_NTC_PCB','Flat_NTC_PCB','',(#3840));
#3840 = PRODUCT_CONTEXT('',#2,'mechanical');
#3841 = PRODUCT_DEFINITION_CONTEXT('part definition',#2,'design');
#3842 = ADVANCED_BREP_SHAPE_REPRESENTATION('',(#11,#3843),#4265);
#3843 = MANIFOLD_SOLID_BREP('',#3844);
#3844 = CLOSED_SHELL('',(#3845,#3887,#3918,#3951,#3982,#4013,#4044,#4077
    ,#4108,#4141,#4172,#4203,#4225,#4245));
#3845 = ADVANCED_FACE('',(#3846),#3882,.T.);
#3846 = FACE_BOUND('',#3847,.T.);
#3847 = EDGE_LOOP('',(#3848,#3858,#3867,#3875));
#3848 = ORIENTED_EDGE('',*,*,#3849,.T.);
#3849 = EDGE_CURVE('',#3850,#3852,#3854,.T.);
#3850 = VERTEX_POINT('',#3851);
#3851 = CARTESIAN_POINT('',(512.5,-147.5,0.));
#3852 = VERTEX_POINT('',#3853);
#3853 = CARTESIAN_POINT('',(512.5,-147.5,0.25));
#3854 = LINE('',#3855,#3856);
#3855 = CARTESIAN_POINT('',(512.5,-147.5,0.));
#3856 = VECTOR('',#3857,1.);
#3857 = DIRECTION('',(0.,0.,1.));
#3858 = ORIENTED_EDGE('',*,*,#3859,.T.);
#3859 = EDGE_CURVE('',#3852,#3860,#3862,.T.);
#3860 = VERTEX_POINT('',#3861);
#3861 = CARTESIAN_POINT('',(515.,-150.,0.25));
#3862 = CIRCLE('',#3863,2.499999839417);
#3863 = AXIS2_PLACEMENT_3D('',#3864,#3865,#3866);
#3864 = CARTESIAN_POINT('',(512.50000016058,-149.9999998394,0.25));
#3865 = DIRECTION('',(0.,0.,-1.));
#3866 = DIRECTION('',(-6.423315838808E-08,1.,0.));
#3867 = ORIENTED_EDGE('',*,*,#3868,.F.);
#3868 = EDGE_CURVE('',#3869,#3860,#3871,.T.);
#3869 = VERTEX_POINT('',#3870);
#3870 = CARTESIAN_POINT('',(515.,-150.,0.));
#3871 = LINE('',#3872,#3873);
#3872 = CARTESIAN_POINT('',(515.,-150.,0.));
#3873 = VECTOR('',#3874,1.);
#3874 = DIRECTION('',(0.,0.,1.));
#3875 = ORIENTED_EDGE('',*,*,#3876,.F.);
#3876 = EDGE_CURVE('',#3850,#3869,#3877,.T.);
#3877 = CIRCLE('',#3878,2.499999839417);
#3878 = AXIS2_PLACEMENT_3D('',#3879,#3880,#3881);
#3879 = CARTESIAN_POINT('',(512.50000016058,-149.9999998394,0.));
#3880 = DIRECTION('',(0.,0.,-1.));
#3881 = DIRECTION('',(-6.423315838808E-08,1.,0.));
#3882 = CYLINDRICAL_SURFACE('',#3883,2.499999839417);
#3883 = AXIS2_PLACEMENT_3D('',#3884,#3885,#3886);
#3884 = CARTESIAN_POINT('',(512.50000016058,-149.9999998394,0.));
#3885 = DIRECTION('',(0.,0.,-1.));
#3886 = DIRECTION('',(-6.423315838808E-08,1.,0.));
#3887 = ADVANCED_FACE('',(#3888),#3913,.T.);
#3888 = FACE_BOUND('',#3889,.T.);
#3889 = EDGE_LOOP('',(#3890,#3891,#3899,#3907));
#3890 = ORIENTED_EDGE('',*,*,#3868,.T.);
#3891 = ORIENTED_EDGE('',*,*,#3892,.T.);
#3892 = EDGE_CURVE('',#3860,#3893,#3895,.T.);
#3893 = VERTEX_POINT('',#3894);
#3894 = CARTESIAN_POINT('',(515.,-155.,0.25));
#3895 = LINE('',#3896,#3897);
#3896 = CARTESIAN_POINT('',(515.,-150.,0.25));
#3897 = VECTOR('',#3898,1.);
#3898 = DIRECTION('',(0.,-1.,0.));
#3899 = ORIENTED_EDGE('',*,*,#3900,.F.);
#3900 = EDGE_CURVE('',#3901,#3893,#3903,.T.);
#3901 = VERTEX_POINT('',#3902);
#3902 = CARTESIAN_POINT('',(515.,-155.,0.));
#3903 = LINE('',#3904,#3905);
#3904 = CARTESIAN_POINT('',(515.,-155.,0.));
#3905 = VECTOR('',#3906,1.);
#3906 = DIRECTION('',(0.,0.,1.));
#3907 = ORIENTED_EDGE('',*,*,#3908,.F.);
#3908 = EDGE_CURVE('',#3869,#3901,#3909,.T.);
#3909 = LINE('',#3910,#3911);
#3910 = CARTESIAN_POINT('',(515.,-150.,0.));
#3911 = VECTOR('',#3912,1.);
#3912 = DIRECTION('',(0.,-1.,0.));
#3913 = PLANE('',#3914);
#3914 = AXIS2_PLACEMENT_3D('',#3915,#3916,#3917);
#3915 = CARTESIAN_POINT('',(515.,-150.,0.));
#3916 = DIRECTION('',(1.,0.,-0.));
#3917 = DIRECTION('',(0.,-1.,0.));
#3918 = ADVANCED_FACE('',(#3919),#3946,.T.);
#3919 = FACE_BOUND('',#3920,.T.);
#3920 = EDGE_LOOP('',(#3921,#3922,#3931,#3939));
#3921 = ORIENTED_EDGE('',*,*,#3900,.T.);
#3922 = ORIENTED_EDGE('',*,*,#3923,.T.);
#3923 = EDGE_CURVE('',#3893,#3924,#3926,.T.);
#3924 = VERTEX_POINT('',#3925);
#3925 = CARTESIAN_POINT('',(512.500005,-157.499999,0.25));
#3926 = CIRCLE('',#3927,2.499999839424);
#3927 = AXIS2_PLACEMENT_3D('',#3928,#3929,#3930);
#3928 = CARTESIAN_POINT('',(512.50000016057,-154.9999991605,0.25));
#3929 = DIRECTION('',(0.,0.,-1.));
#3930 = DIRECTION('',(1.,-3.357678894759E-07,0.));
#3931 = ORIENTED_EDGE('',*,*,#3932,.F.);
#3932 = EDGE_CURVE('',#3933,#3924,#3935,.T.);
#3933 = VERTEX_POINT('',#3934);
#3934 = CARTESIAN_POINT('',(512.500005,-157.499999,0.));
#3935 = LINE('',#3936,#3937);
#3936 = CARTESIAN_POINT('',(512.500005,-157.499999,0.));
#3937 = VECTOR('',#3938,1.);
#3938 = DIRECTION('',(0.,0.,1.));
#3939 = ORIENTED_EDGE('',*,*,#3940,.F.);
#3940 = EDGE_CURVE('',#3901,#3933,#3941,.T.);
#3941 = CIRCLE('',#3942,2.499999839424);
#3942 = AXIS2_PLACEMENT_3D('',#3943,#3944,#3945);
#3943 = CARTESIAN_POINT('',(512.50000016057,-154.9999991605,0.));
#3944 = DIRECTION('',(0.,0.,-1.));
#3945 = DIRECTION('',(1.,-3.357678894759E-07,0.));
#3946 = CYLINDRICAL_SURFACE('',#3947,2.499999839424);
#3947 = AXIS2_PLACEMENT_3D('',#3948,#3949,#3950);
#3948 = CARTESIAN_POINT('',(512.50000016057,-154.9999991605,0.));
#3949 = DIRECTION('',(0.,0.,-1.));
#3950 = DIRECTION('',(1.,-3.357678894759E-07,0.));
#3951 = ADVANCED_FACE('',(#3952),#3977,.T.);
#3952 = FACE_BOUND('',#3953,.T.);
#3953 = EDGE_LOOP('',(#3954,#3955,#3963,#3971));
#3954 = ORIENTED_EDGE('',*,*,#3932,.T.);
#3955 = ORIENTED_EDGE('',*,*,#3956,.T.);
#3956 = EDGE_CURVE('',#3924,#3957,#3959,.T.);
#3957 = VERTEX_POINT('',#3958);
#3958 = CARTESIAN_POINT('',(60.,-157.500001,0.25));
#3959 = LINE('',#3960,#3961);
#3960 = CARTESIAN_POINT('',(512.500005,-157.499999,0.25));
#3961 = VECTOR('',#3962,1.);
#3962 = DIRECTION('',(-1.,-4.419889442765E-09,0.));
#3963 = ORIENTED_EDGE('',*,*,#3964,.F.);
#3964 = EDGE_CURVE('',#3965,#3957,#3967,.T.);
#3965 = VERTEX_POINT('',#3966);
#3966 = CARTESIAN_POINT('',(60.,-157.500001,0.));
#3967 = LINE('',#3968,#3969);
#3968 = CARTESIAN_POINT('',(60.,-157.500001,0.));
#3969 = VECTOR('',#3970,1.);
#3970 = DIRECTION('',(0.,0.,1.));
#3971 = ORIENTED_EDGE('',*,*,#3972,.F.);
#3972 = EDGE_CURVE('',#3933,#3965,#3973,.T.);
#3973 = LINE('',#3974,#3975);
#3974 = CARTESIAN_POINT('',(512.500005,-157.499999,0.));
#3975 = VECTOR('',#3976,1.);
#3976 = DIRECTION('',(-1.,-4.419889442765E-09,0.));
#3977 = PLANE('',#3978);
#3978 = AXIS2_PLACEMENT_3D('',#3979,#3980,#3981);
#3979 = CARTESIAN_POINT('',(512.500005,-157.499999,0.));
#3980 = DIRECTION('',(4.419889442765E-09,-1.,0.));
#3981 = DIRECTION('',(-1.,-4.419889442765E-09,0.));
#3982 = ADVANCED_FACE('',(#3983),#4008,.T.);
#3983 = FACE_BOUND('',#3984,.T.);
#3984 = EDGE_LOOP('',(#3985,#3986,#3994,#4002));
#3985 = ORIENTED_EDGE('',*,*,#3964,.T.);
#3986 = ORIENTED_EDGE('',*,*,#3987,.T.);
#3987 = EDGE_CURVE('',#3957,#3988,#3990,.T.);
#3988 = VERTEX_POINT('',#3989);
#3989 = CARTESIAN_POINT('',(55.,-157.,0.25));
#3990 = LINE('',#3991,#3992);
#3991 = CARTESIAN_POINT('',(60.,-157.500001,0.25));
#3992 = VECTOR('',#3993,1.);
#3993 = DIRECTION('',(-0.995037170506,9.950391605806E-02,0.));
#3994 = ORIENTED_EDGE('',*,*,#3995,.F.);
#3995 = EDGE_CURVE('',#3996,#3988,#3998,.T.);
#3996 = VERTEX_POINT('',#3997);
#3997 = CARTESIAN_POINT('',(55.,-157.,0.));
#3998 = LINE('',#3999,#4000);
#3999 = CARTESIAN_POINT('',(55.,-157.,0.));
#4000 = VECTOR('',#4001,1.);
#4001 = DIRECTION('',(0.,0.,1.));
#4002 = ORIENTED_EDGE('',*,*,#4003,.F.);
#4003 = EDGE_CURVE('',#3965,#3996,#4004,.T.);
#4004 = LINE('',#4005,#4006);
#4005 = CARTESIAN_POINT('',(60.,-157.500001,0.));
#4006 = VECTOR('',#4007,1.);
#4007 = DIRECTION('',(-0.995037170506,9.950391605806E-02,0.));
#4008 = PLANE('',#4009);
#4009 = AXIS2_PLACEMENT_3D('',#4010,#4011,#4012);
#4010 = CARTESIAN_POINT('',(60.,-157.500001,0.));
#4011 = DIRECTION('',(-9.950391605806E-02,-0.995037170506,0.));
#4012 = DIRECTION('',(-0.995037170506,9.950391605806E-02,0.));
#4013 = ADVANCED_FACE('',(#4014),#4039,.T.);
#4014 = FACE_BOUND('',#4015,.T.);
#4015 = EDGE_LOOP('',(#4016,#4017,#4025,#4033));
#4016 = ORIENTED_EDGE('',*,*,#3995,.T.);
#4017 = ORIENTED_EDGE('',*,*,#4018,.T.);
#4018 = EDGE_CURVE('',#3988,#4019,#4021,.T.);
#4019 = VERTEX_POINT('',#4020);
#4020 = CARTESIAN_POINT('',(50.1,-157.,0.25));
#4021 = LINE('',#4022,#4023);
#4022 = CARTESIAN_POINT('',(55.,-157.,0.25));
#4023 = VECTOR('',#4024,1.);
#4024 = DIRECTION('',(-1.,0.,0.));
#4025 = ORIENTED_EDGE('',*,*,#4026,.F.);
#4026 = EDGE_CURVE('',#4027,#4019,#4029,.T.);
#4027 = VERTEX_POINT('',#4028);
#4028 = CARTESIAN_POINT('',(50.1,-157.,0.));
#4029 = LINE('',#4030,#4031);
#4030 = CARTESIAN_POINT('',(50.1,-157.,0.));
#4031 = VECTOR('',#4032,1.);
#4032 = DIRECTION('',(0.,0.,1.));
#4033 = ORIENTED_EDGE('',*,*,#4034,.F.);
#4034 = EDGE_CURVE('',#3996,#4027,#4035,.T.);
#4035 = LINE('',#4036,#4037);
#4036 = CARTESIAN_POINT('',(55.,-157.,0.));
#4037 = VECTOR('',#4038,1.);
#4038 = DIRECTION('',(-1.,0.,0.));
#4039 = PLANE('',#4040);
#4040 = AXIS2_PLACEMENT_3D('',#4041,#4042,#4043);
#4041 = CARTESIAN_POINT('',(55.,-157.,0.));
#4042 = DIRECTION('',(0.,-1.,0.));
#4043 = DIRECTION('',(-1.,0.,0.));
#4044 = ADVANCED_FACE('',(#4045),#4072,.T.);
#4045 = FACE_BOUND('',#4046,.T.);
#4046 = EDGE_LOOP('',(#4047,#4048,#4057,#4065));
#4047 = ORIENTED_EDGE('',*,*,#4026,.T.);
#4048 = ORIENTED_EDGE('',*,*,#4049,.T.);
#4049 = EDGE_CURVE('',#4019,#4050,#4052,.T.);
#4050 = VERTEX_POINT('',#4051);
#4051 = CARTESIAN_POINT('',(50.,-156.9,0.25));
#4052 = CIRCLE('',#4053,9.999890104895E-02);
#4053 = AXIS2_PLACEMENT_3D('',#4054,#4055,#4056);
#4054 = CARTESIAN_POINT('',(50.099998901043,-156.9000010989,0.25));
#4055 = DIRECTION('',(0.,0.,-1.));
#4056 = DIRECTION('',(1.09896915536E-05,-0.99999999994,0.));
#4057 = ORIENTED_EDGE('',*,*,#4058,.F.);
#4058 = EDGE_CURVE('',#4059,#4050,#4061,.T.);
#4059 = VERTEX_POINT('',#4060);
#4060 = CARTESIAN_POINT('',(50.,-156.9,0.));
#4061 = LINE('',#4062,#4063);
#4062 = CARTESIAN_POINT('',(50.,-156.9,0.));
#4063 = VECTOR('',#4064,1.);
#4064 = DIRECTION('',(0.,0.,1.));
#4065 = ORIENTED_EDGE('',*,*,#4066,.F.);
#4066 = EDGE_CURVE('',#4027,#4059,#4067,.T.);
#4067 = CIRCLE('',#4068,9.999890104895E-02);
#4068 = AXIS2_PLACEMENT_3D('',#4069,#4070,#4071);
#4069 = CARTESIAN_POINT('',(50.099998901043,-156.9000010989,0.));
#4070 = DIRECTION('',(0.,0.,-1.));
#4071 = DIRECTION('',(1.09896915536E-05,-0.99999999994,0.));
#4072 = CYLINDRICAL_SURFACE('',#4073,9.999890104895E-02);
#4073 = AXIS2_PLACEMENT_3D('',#4074,#4075,#4076);
#4074 = CARTESIAN_POINT('',(50.099998901043,-156.9000010989,0.));
#4075 = DIRECTION('',(0.,0.,-1.));
#4076 = DIRECTION('',(1.09896915536E-05,-0.99999999994,0.));
#4077 = ADVANCED_FACE('',(#4078),#4103,.T.);
#4078 = FACE_BOUND('',#4079,.T.);
#4079 = EDGE_LOOP('',(#4080,#4081,#4089,#4097));
#4080 = ORIENTED_EDGE('',*,*,#4058,.T.);
#4081 = ORIENTED_EDGE('',*,*,#4082,.T.);
#4082 = EDGE_CURVE('',#4050,#4083,#4085,.T.);
#4083 = VERTEX_POINT('',#4084);
#4084 = CARTESIAN_POINT('',(50.,-148.1,0.25));
#4085 = LINE('',#4086,#4087);
#4086 = CARTESIAN_POINT('',(50.,-156.9,0.25));
#4087 = VECTOR('',#4088,1.);
#4088 = DIRECTION('',(0.,1.,0.));
#4089 = ORIENTED_EDGE('',*,*,#4090,.F.);
#4090 = EDGE_CURVE('',#4091,#4083,#4093,.T.);
#4091 = VERTEX_POINT('',#4092);
#4092 = CARTESIAN_POINT('',(50.,-148.1,0.));
#4093 = LINE('',#4094,#4095);
#4094 = CARTESIAN_POINT('',(50.,-148.1,0.));
#4095 = VECTOR('',#4096,1.);
#4096 = DIRECTION('',(0.,0.,1.));
#4097 = ORIENTED_EDGE('',*,*,#4098,.F.);
#4098 = EDGE_CURVE('',#4059,#4091,#4099,.T.);
#4099 = LINE('',#4100,#4101);
#4100 = CARTESIAN_POINT('',(50.,-156.9,0.));
#4101 = VECTOR('',#4102,1.);
#4102 = DIRECTION('',(0.,1.,0.));
#4103 = PLANE('',#4104);
#4104 = AXIS2_PLACEMENT_3D('',#4105,#4106,#4107);
#4105 = CARTESIAN_POINT('',(50.,-156.9,0.));
#4106 = DIRECTION('',(-1.,0.,0.));
#4107 = DIRECTION('',(0.,1.,0.));
#4108 = ADVANCED_FACE('',(#4109),#4136,.T.);
#4109 = FACE_BOUND('',#4110,.T.);
#4110 = EDGE_LOOP('',(#4111,#4112,#4121,#4129));
#4111 = ORIENTED_EDGE('',*,*,#4090,.T.);
#4112 = ORIENTED_EDGE('',*,*,#4113,.T.);
#4113 = EDGE_CURVE('',#4083,#4114,#4116,.T.);
#4114 = VERTEX_POINT('',#4115);
#4115 = CARTESIAN_POINT('',(50.1,-148.,0.25));
#4116 = CIRCLE('',#4117,9.999890104895E-02);
#4117 = AXIS2_PLACEMENT_3D('',#4118,#4119,#4120);
#4118 = CARTESIAN_POINT('',(50.099998901043,-148.099998901,0.25));
#4119 = DIRECTION('',(0.,0.,-1.));
#4120 = DIRECTION('',(-0.99999999994,-1.098969162466E-05,-0.));
#4121 = ORIENTED_EDGE('',*,*,#4122,.F.);
#4122 = EDGE_CURVE('',#4123,#4114,#4125,.T.);
#4123 = VERTEX_POINT('',#4124);
#4124 = CARTESIAN_POINT('',(50.1,-148.,0.));
#4125 = LINE('',#4126,#4127);
#4126 = CARTESIAN_POINT('',(50.1,-148.,0.));
#4127 = VECTOR('',#4128,1.);
#4128 = DIRECTION('',(0.,0.,1.));
#4129 = ORIENTED_EDGE('',*,*,#4130,.F.);
#4130 = EDGE_CURVE('',#4091,#4123,#4131,.T.);
#4131 = CIRCLE('',#4132,9.999890104895E-02);
#4132 = AXIS2_PLACEMENT_3D('',#4133,#4134,#4135);
#4133 = CARTESIAN_POINT('',(50.099998901043,-148.099998901,0.));
#4134 = DIRECTION('',(0.,0.,-1.));
#4135 = DIRECTION('',(-0.99999999994,-1.098969162466E-05,-0.));
#4136 = CYLINDRICAL_SURFACE('',#4137,9.999890104895E-02);
#4137 = AXIS2_PLACEMENT_3D('',#4138,#4139,#4140);
#4138 = CARTESIAN_POINT('',(50.099998901043,-148.099998901,0.));
#4139 = DIRECTION('',(0.,0.,-1.));
#4140 = DIRECTION('',(-0.99999999994,-1.098969162466E-05,-0.));
#4141 = ADVANCED_FACE('',(#4142),#4167,.T.);
#4142 = FACE_BOUND('',#4143,.T.);
#4143 = EDGE_LOOP('',(#4144,#4145,#4153,#4161));
#4144 = ORIENTED_EDGE('',*,*,#4122,.T.);
#4145 = ORIENTED_EDGE('',*,*,#4146,.T.);
#4146 = EDGE_CURVE('',#4114,#4147,#4149,.T.);
#4147 = VERTEX_POINT('',#4148);
#4148 = CARTESIAN_POINT('',(55.,-148.,0.25));
#4149 = LINE('',#4150,#4151);
#4150 = CARTESIAN_POINT('',(50.1,-148.,0.25));
#4151 = VECTOR('',#4152,1.);
#4152 = DIRECTION('',(1.,0.,0.));
#4153 = ORIENTED_EDGE('',*,*,#4154,.F.);
#4154 = EDGE_CURVE('',#4155,#4147,#4157,.T.);
#4155 = VERTEX_POINT('',#4156);
#4156 = CARTESIAN_POINT('',(55.,-148.,0.));
#4157 = LINE('',#4158,#4159);
#4158 = CARTESIAN_POINT('',(55.,-148.,0.));
#4159 = VECTOR('',#4160,1.);
#4160 = DIRECTION('',(0.,0.,1.));
#4161 = ORIENTED_EDGE('',*,*,#4162,.F.);
#4162 = EDGE_CURVE('',#4123,#4155,#4163,.T.);
#4163 = LINE('',#4164,#4165);
#4164 = CARTESIAN_POINT('',(50.1,-148.,0.));
#4165 = VECTOR('',#4166,1.);
#4166 = DIRECTION('',(1.,0.,0.));
#4167 = PLANE('',#4168);
#4168 = AXIS2_PLACEMENT_3D('',#4169,#4170,#4171);
#4169 = CARTESIAN_POINT('',(50.1,-148.,0.));
#4170 = DIRECTION('',(0.,1.,0.));
#4171 = DIRECTION('',(1.,0.,0.));
#4172 = ADVANCED_FACE('',(#4173),#4198,.T.);
#4173 = FACE_BOUND('',#4174,.T.);
#4174 = EDGE_LOOP('',(#4175,#4176,#4184,#4192));
#4175 = ORIENTED_EDGE('',*,*,#4154,.T.);
#4176 = ORIENTED_EDGE('',*,*,#4177,.T.);
#4177 = EDGE_CURVE('',#4147,#4178,#4180,.T.);
#4178 = VERTEX_POINT('',#4179);
#4179 = CARTESIAN_POINT('',(60.,-147.5,0.25));
#4180 = LINE('',#4181,#4182);
#4181 = CARTESIAN_POINT('',(55.,-148.,0.25));
#4182 = VECTOR('',#4183,1.);
#4183 = DIRECTION('',(0.99503719021,9.9503719021E-02,0.));
#4184 = ORIENTED_EDGE('',*,*,#4185,.F.);
#4185 = EDGE_CURVE('',#4186,#4178,#4188,.T.);
#4186 = VERTEX_POINT('',#4187);
#4187 = CARTESIAN_POINT('',(60.,-147.5,0.));
#4188 = LINE('',#4189,#4190);
#4189 = CARTESIAN_POINT('',(60.,-147.5,0.));
#4190 = VECTOR('',#4191,1.);
#4191 = DIRECTION('',(0.,0.,1.));
#4192 = ORIENTED_EDGE('',*,*,#4193,.F.);
#4193 = EDGE_CURVE('',#4155,#4186,#4194,.T.);
#4194 = LINE('',#4195,#4196);
#4195 = CARTESIAN_POINT('',(55.,-148.,0.));
#4196 = VECTOR('',#4197,1.);
#4197 = DIRECTION('',(0.99503719021,9.9503719021E-02,0.));
#4198 = PLANE('',#4199);
#4199 = AXIS2_PLACEMENT_3D('',#4200,#4201,#4202);
#4200 = CARTESIAN_POINT('',(55.,-148.,0.));
#4201 = DIRECTION('',(-9.9503719021E-02,0.99503719021,0.));
#4202 = DIRECTION('',(0.99503719021,9.9503719021E-02,0.));
#4203 = ADVANCED_FACE('',(#4204),#4220,.T.);
#4204 = FACE_BOUND('',#4205,.T.);
#4205 = EDGE_LOOP('',(#4206,#4207,#4213,#4214));
#4206 = ORIENTED_EDGE('',*,*,#4185,.T.);
#4207 = ORIENTED_EDGE('',*,*,#4208,.T.);
#4208 = EDGE_CURVE('',#4178,#3852,#4209,.T.);
#4209 = LINE('',#4210,#4211);
#4210 = CARTESIAN_POINT('',(60.,-147.5,0.25));
#4211 = VECTOR('',#4212,1.);
#4212 = DIRECTION('',(1.,0.,0.));
#4213 = ORIENTED_EDGE('',*,*,#3849,.F.);
#4214 = ORIENTED_EDGE('',*,*,#4215,.F.);
#4215 = EDGE_CURVE('',#4186,#3850,#4216,.T.);
#4216 = LINE('',#4217,#4218);
#4217 = CARTESIAN_POINT('',(60.,-147.5,0.));
#4218 = VECTOR('',#4219,1.);
#4219 = DIRECTION('',(1.,0.,0.));
#4220 = PLANE('',#4221);
#4221 = AXIS2_PLACEMENT_3D('',#4222,#4223,#4224);
#4222 = CARTESIAN_POINT('',(60.,-147.5,0.));
#4223 = DIRECTION('',(0.,1.,0.));
#4224 = DIRECTION('',(1.,0.,0.));
#4225 = ADVANCED_FACE('',(#4226),#4240,.F.);
#4226 = FACE_BOUND('',#4227,.T.);
#4227 = EDGE_LOOP('',(#4228,#4229,#4230,#4231,#4232,#4233,#4234,#4235,
    #4236,#4237,#4238,#4239));
#4228 = ORIENTED_EDGE('',*,*,#3876,.T.);
#4229 = ORIENTED_EDGE('',*,*,#3908,.T.);
#4230 = ORIENTED_EDGE('',*,*,#3940,.T.);
#4231 = ORIENTED_EDGE('',*,*,#3972,.T.);
#4232 = ORIENTED_EDGE('',*,*,#4003,.T.);
#4233 = ORIENTED_EDGE('',*,*,#4034,.T.);
#4234 = ORIENTED_EDGE('',*,*,#4066,.T.);
#4235 = ORIENTED_EDGE('',*,*,#4098,.T.);
#4236 = ORIENTED_EDGE('',*,*,#4130,.T.);
#4237 = ORIENTED_EDGE('',*,*,#4162,.T.);
#4238 = ORIENTED_EDGE('',*,*,#4193,.T.);
#4239 = ORIENTED_EDGE('',*,*,#4215,.T.);
#4240 = PLANE('',#4241);
#4241 = AXIS2_PLACEMENT_3D('',#4242,#4243,#4244);
#4242 = CARTESIAN_POINT('',(0.,0.,0.));
#4243 = DIRECTION('',(0.,0.,1.));
#4244 = DIRECTION('',(1.,0.,-0.));
#4245 = ADVANCED_FACE('',(#4246),#4260,.T.);
#4246 = FACE_BOUND('',#4247,.F.);
#4247 = EDGE_LOOP('',(#4248,#4249,#4250,#4251,#4252,#4253,#4254,#4255,
    #4256,#4257,#4258,#4259));
#4248 = ORIENTED_EDGE('',*,*,#3859,.T.);
#4249 = ORIENTED_EDGE('',*,*,#3892,.T.);
#4250 = ORIENTED_EDGE('',*,*,#3923,.T.);
#4251 = ORIENTED_EDGE('',*,*,#3956,.T.);
#4252 = ORIENTED_EDGE('',*,*,#3987,.T.);
#4253 = ORIENTED_EDGE('',*,*,#4018,.T.);
#4254 = ORIENTED_EDGE('',*,*,#4049,.T.);
#4255 = ORIENTED_EDGE('',*,*,#4082,.T.);
#4256 = ORIENTED_EDGE('',*,*,#4113,.T.);
#4257 = ORIENTED_EDGE('',*,*,#4146,.T.);
#4258 = ORIENTED_EDGE('',*,*,#4177,.T.);
#4259 = ORIENTED_EDGE('',*,*,#4208,.T.);
#4260 = PLANE('',#4261);
#4261 = AXIS2_PLACEMENT_3D('',#4262,#4263,#4264);
#4262 = CARTESIAN_POINT('',(0.,0.,0.25));
#4263 = DIRECTION('',(0.,0.,1.));
#4264 = DIRECTION('',(1.,0.,-0.));
#4265 = ( GEOMETRIC_REPRESENTATION_CONTEXT(3) 
GLOBAL_UNCERTAINTY_ASSIGNED_CONTEXT((#4269)) 
GLOBAL_UNIT_ASSIGNED_CONTEXT((#4266,#4267,#4268)) REPRESENTATION_CONTEXT
('Context #1','3D Context with UNIT and UNCERTAINTY') );
#4266 = ( LENGTH_UNIT() NAMED_UNIT(*) SI_UNIT(.MILLI.,.METRE.) );
#4267 = ( NAMED_UNIT(*) PLANE_ANGLE_UNIT() SI_UNIT($,.RADIAN.) );
#4268 = ( NAMED_UNIT(*) SI_UNIT($,.STERADIAN.) SOLID_ANGLE_UNIT() );
#4269 = UNCERTAINTY_MEASURE_WITH_UNIT(LENGTH_MEASURE(1.E-07),#4266,
  'distance_accuracy_value','confusion accuracy');
#4270 = CONTEXT_DEPENDENT_SHAPE_REPRESENTATION(#4271,#4273);
#4271 = ( REPRESENTATION_RELATIONSHIP('','',#3842,#10) 
REPRESENTATION_RELATIONSHIP_WITH_TRANSFORMATION(#4272) 
SHAPE_REPRESENTATION_RELATIONSHIP() );
#4272 = ITEM_DEFINED_TRANSFORMATION('','',#11,#27);
#4273 = PRODUCT_DEFINITION_SHAPE('Placement','Placement of an item',
  #4274);
#4274 = NEXT_ASSEMBLY_USAGE_OCCURRENCE('6','=>[0:1:1:7]','',#5,#3837,$);
#4275 = PRODUCT_RELATED_PRODUCT_CATEGORY('part',$,(#3839));
#4276 = MECHANICAL_DESIGN_GEOMETRIC_PRESENTATION_REPRESENTATION('',(
    #4277,#4287,#4296,#4305,#4314),#3824);
#4277 = STYLED_ITEM('color',(#4278),#3550);
#4278 = PRESENTATION_STYLE_ASSIGNMENT((#4279));
#4279 = SURFACE_STYLE_USAGE(.BOTH.,#4280);
#4280 = SURFACE_SIDE_STYLE('',(#4281,#4285));
#4281 = SURFACE_STYLE_FILL_AREA(#4282);
#4282 = FILL_AREA_STYLE('',(#4283));
#4283 = FILL_AREA_STYLE_COLOUR('',#4284);
#4284 = DRAUGHTING_PRE_DEFINED_COLOUR('white');
#4285 = SURFACE_STYLE_RENDERING_WITH_PROPERTIES(.NORMAL_SHADING.,#4284,(
    #4286));
#4286 = SURFACE_STYLE_TRANSPARENT(0.100000023842);
#4287 = STYLED_ITEM('color',(#4288),#3602);
#4288 = PRESENTATION_STYLE_ASSIGNMENT((#4289));
#4289 = SURFACE_STYLE_USAGE(.BOTH.,#4290);
#4290 = SURFACE_SIDE_STYLE('',(#4291,#4294));
#4291 = SURFACE_STYLE_FILL_AREA(#4292);
#4292 = FILL_AREA_STYLE('',(#4293));
#4293 = FILL_AREA_STYLE_COLOUR('',#4284);
#4294 = SURFACE_STYLE_RENDERING_WITH_PROPERTIES(.NORMAL_SHADING.,#4284,(
    #4295));
#4295 = SURFACE_STYLE_TRANSPARENT(0.100000023842);
#4296 = STYLED_ITEM('color',(#4297),#3654);
#4297 = PRESENTATION_STYLE_ASSIGNMENT((#4298));
#4298 = SURFACE_STYLE_USAGE(.BOTH.,#4299);
#4299 = SURFACE_SIDE_STYLE('',(#4300,#4303));
#4300 = SURFACE_STYLE_FILL_AREA(#4301);
#4301 = FILL_AREA_STYLE('',(#4302));
#4302 = FILL_AREA_STYLE_COLOUR('',#4284);
#4303 = SURFACE_STYLE_RENDERING_WITH_PROPERTIES(.NORMAL_SHADING.,#4284,(
    #4304));
#4304 = SURFACE_STYLE_TRANSPARENT(0.100000023842);
#4305 = STYLED_ITEM('color',(#4306),#3706);
#4306 = PRESENTATION_STYLE_ASSIGNMENT((#4307));
#4307 = SURFACE_STYLE_USAGE(.BOTH.,#4308);
#4308 = SURFACE_SIDE_STYLE('',(#4309,#4312));
#4309 = SURFACE_STYLE_FILL_AREA(#4310);
#4310 = FILL_AREA_STYLE('',(#4311));
#4311 = FILL_AREA_STYLE_COLOUR('',#4284);
#4312 = SURFACE_STYLE_RENDERING_WITH_PROPERTIES(.NORMAL_SHADING.,#4284,(
    #4313));
#4313 = SURFACE_STYLE_TRANSPARENT(0.100000023842);
#4314 = STYLED_ITEM('color',(#4315),#3758);
#4315 = PRESENTATION_STYLE_ASSIGNMENT((#4316));
#4316 = SURFACE_STYLE_USAGE(.BOTH.,#4317);
#4317 = SURFACE_SIDE_STYLE('',(#4318,#4321));
#4318 = SURFACE_STYLE_FILL_AREA(#4319);
#4319 = FILL_AREA_STYLE('',(#4320));
#4320 = FILL_AREA_STYLE_COLOUR('',#4284);
#4321 = SURFACE_STYLE_RENDERING_WITH_PROPERTIES(.NORMAL_SHADING.,#4284,(
    #4322));
#4322 = SURFACE_STYLE_TRANSPARENT(0.100000023842);
#4323 = MECHANICAL_DESIGN_GEOMETRIC_PRESENTATION_REPRESENTATION('',(
    #4324,#4332,#4339,#4346,#4353,#4360,#4368,#4375,#4382,#4389,#4396,
    #4403,#4410,#4417,#4424,#4431,#4438,#4445,#4452,#4459,#4466,#4473,
    #4480,#4487,#4494,#4501,#4508,#4515,#4522,#4529,#4536,#4543,#4550,
    #4557,#4564,#4571,#4578,#4585,#4592,#4599,#4606,#4613,#4620,#4627,
    #4634,#4641,#4648,#4655,#4662,#4669,#4676,#4683,#4690,#4698),#2697);
#4324 = STYLED_ITEM('color',(#4325),#70);
#4325 = PRESENTATION_STYLE_ASSIGNMENT((#4326));
#4326 = SURFACE_STYLE_USAGE(.BOTH.,#4327);
#4327 = SURFACE_SIDE_STYLE('',(#4328));
#4328 = SURFACE_STYLE_FILL_AREA(#4329);
#4329 = FILL_AREA_STYLE('',(#4330));
#4330 = FILL_AREA_STYLE_COLOUR('',#4331);
#4331 = COLOUR_RGB('',0.823999987314,0.819999987296,0.781000009244);
#4332 = STYLED_ITEM('color',(#4333),#110);
#4333 = PRESENTATION_STYLE_ASSIGNMENT((#4334));
#4334 = SURFACE_STYLE_USAGE(.BOTH.,#4335);
#4335 = SURFACE_SIDE_STYLE('',(#4336));
#4336 = SURFACE_STYLE_FILL_AREA(#4337);
#4337 = FILL_AREA_STYLE('',(#4338));
#4338 = FILL_AREA_STYLE_COLOUR('',#4331);
#4339 = STYLED_ITEM('color',(#4340),#141);
#4340 = PRESENTATION_STYLE_ASSIGNMENT((#4341));
#4341 = SURFACE_STYLE_USAGE(.BOTH.,#4342);
#4342 = SURFACE_SIDE_STYLE('',(#4343));
#4343 = SURFACE_STYLE_FILL_AREA(#4344);
#4344 = FILL_AREA_STYLE('',(#4345));
#4345 = FILL_AREA_STYLE_COLOUR('',#4331);
#4346 = STYLED_ITEM('color',(#4347),#271);
#4347 = PRESENTATION_STYLE_ASSIGNMENT((#4348));
#4348 = SURFACE_STYLE_USAGE(.BOTH.,#4349);
#4349 = SURFACE_SIDE_STYLE('',(#4350));
#4350 = SURFACE_STYLE_FILL_AREA(#4351);
#4351 = FILL_AREA_STYLE('',(#4352));
#4352 = FILL_AREA_STYLE_COLOUR('',#4331);
#4353 = STYLED_ITEM('color',(#4354),#295);
#4354 = PRESENTATION_STYLE_ASSIGNMENT((#4355));
#4355 = SURFACE_STYLE_USAGE(.BOTH.,#4356);
#4356 = SURFACE_SIDE_STYLE('',(#4357));
#4357 = SURFACE_STYLE_FILL_AREA(#4358);
#4358 = FILL_AREA_STYLE('',(#4359));
#4359 = FILL_AREA_STYLE_COLOUR('',#4331);
#4360 = STYLED_ITEM('color',(#4361),#418);
#4361 = PRESENTATION_STYLE_ASSIGNMENT((#4362));
#4362 = SURFACE_STYLE_USAGE(.BOTH.,#4363);
#4363 = SURFACE_SIDE_STYLE('',(#4364));
#4364 = SURFACE_STYLE_FILL_AREA(#4365);
#4365 = FILL_AREA_STYLE('',(#4366));
#4366 = FILL_AREA_STYLE_COLOUR('',#4367);
#4367 = COLOUR_RGB('',0.147999998088,0.144999993226,0.144999993226);
#4368 = STYLED_ITEM('color',(#4369),#545);
#4369 = PRESENTATION_STYLE_ASSIGNMENT((#4370));
#4370 = SURFACE_STYLE_USAGE(.BOTH.,#4371);
#4371 = SURFACE_SIDE_STYLE('',(#4372));
#4372 = SURFACE_STYLE_FILL_AREA(#4373);
#4373 = FILL_AREA_STYLE('',(#4374));
#4374 = FILL_AREA_STYLE_COLOUR('',#4331);
#4375 = STYLED_ITEM('color',(#4376),#562);
#4376 = PRESENTATION_STYLE_ASSIGNMENT((#4377));
#4377 = SURFACE_STYLE_USAGE(.BOTH.,#4378);
#4378 = SURFACE_SIDE_STYLE('',(#4379));
#4379 = SURFACE_STYLE_FILL_AREA(#4380);
#4380 = FILL_AREA_STYLE('',(#4381));
#4381 = FILL_AREA_STYLE_COLOUR('',#4367);
#4382 = STYLED_ITEM('color',(#4383),#585);
#4383 = PRESENTATION_STYLE_ASSIGNMENT((#4384));
#4384 = SURFACE_STYLE_USAGE(.BOTH.,#4385);
#4385 = SURFACE_SIDE_STYLE('',(#4386));
#4386 = SURFACE_STYLE_FILL_AREA(#4387);
#4387 = FILL_AREA_STYLE('',(#4388));
#4388 = FILL_AREA_STYLE_COLOUR('',#4367);
#4389 = STYLED_ITEM('color',(#4390),#707);
#4390 = PRESENTATION_STYLE_ASSIGNMENT((#4391));
#4391 = SURFACE_STYLE_USAGE(.BOTH.,#4392);
#4392 = SURFACE_SIDE_STYLE('',(#4393));
#4393 = SURFACE_STYLE_FILL_AREA(#4394);
#4394 = FILL_AREA_STYLE('',(#4395));
#4395 = FILL_AREA_STYLE_COLOUR('',#4367);
#4396 = STYLED_ITEM('color',(#4397),#835);
#4397 = PRESENTATION_STYLE_ASSIGNMENT((#4398));
#4398 = SURFACE_STYLE_USAGE(.BOTH.,#4399);
#4399 = SURFACE_SIDE_STYLE('',(#4400));
#4400 = SURFACE_STYLE_FILL_AREA(#4401);
#4401 = FILL_AREA_STYLE('',(#4402));
#4402 = FILL_AREA_STYLE_COLOUR('',#4367);
#4403 = STYLED_ITEM('color',(#4404),#852);
#4404 = PRESENTATION_STYLE_ASSIGNMENT((#4405));
#4405 = SURFACE_STYLE_USAGE(.BOTH.,#4406);
#4406 = SURFACE_SIDE_STYLE('',(#4407));
#4407 = SURFACE_STYLE_FILL_AREA(#4408);
#4408 = FILL_AREA_STYLE('',(#4409));
#4409 = FILL_AREA_STYLE_COLOUR('',#4331);
#4410 = STYLED_ITEM('color',(#4411),#883);
#4411 = PRESENTATION_STYLE_ASSIGNMENT((#4412));
#4412 = SURFACE_STYLE_USAGE(.BOTH.,#4413);
#4413 = SURFACE_SIDE_STYLE('',(#4414));
#4414 = SURFACE_STYLE_FILL_AREA(#4415);
#4415 = FILL_AREA_STYLE('',(#4416));
#4416 = FILL_AREA_STYLE_COLOUR('',#4367);
#4417 = STYLED_ITEM('color',(#4418),#1110);
#4418 = PRESENTATION_STYLE_ASSIGNMENT((#4419));
#4419 = SURFACE_STYLE_USAGE(.BOTH.,#4420);
#4420 = SURFACE_SIDE_STYLE('',(#4421));
#4421 = SURFACE_STYLE_FILL_AREA(#4422);
#4422 = FILL_AREA_STYLE('',(#4423));
#4423 = FILL_AREA_STYLE_COLOUR('',#4331);
#4424 = STYLED_ITEM('color',(#4425),#1141);
#4425 = PRESENTATION_STYLE_ASSIGNMENT((#4426));
#4426 = SURFACE_STYLE_USAGE(.BOTH.,#4427);
#4427 = SURFACE_SIDE_STYLE('',(#4428));
#4428 = SURFACE_STYLE_FILL_AREA(#4429);
#4429 = FILL_AREA_STYLE('',(#4430));
#4430 = FILL_AREA_STYLE_COLOUR('',#4367);
#4431 = STYLED_ITEM('color',(#4432),#1368);
#4432 = PRESENTATION_STYLE_ASSIGNMENT((#4433));
#4433 = SURFACE_STYLE_USAGE(.BOTH.,#4434);
#4434 = SURFACE_SIDE_STYLE('',(#4435));
#4435 = SURFACE_STYLE_FILL_AREA(#4436);
#4436 = FILL_AREA_STYLE('',(#4437));
#4437 = FILL_AREA_STYLE_COLOUR('',#4331);
#4438 = STYLED_ITEM('color',(#4439),#1399);
#4439 = PRESENTATION_STYLE_ASSIGNMENT((#4440));
#4440 = SURFACE_STYLE_USAGE(.BOTH.,#4441);
#4441 = SURFACE_SIDE_STYLE('',(#4442));
#4442 = SURFACE_STYLE_FILL_AREA(#4443);
#4443 = FILL_AREA_STYLE('',(#4444));
#4444 = FILL_AREA_STYLE_COLOUR('',#4331);
#4445 = STYLED_ITEM('color',(#4446),#1430);
#4446 = PRESENTATION_STYLE_ASSIGNMENT((#4447));
#4447 = SURFACE_STYLE_USAGE(.BOTH.,#4448);
#4448 = SURFACE_SIDE_STYLE('',(#4449));
#4449 = SURFACE_STYLE_FILL_AREA(#4450);
#4450 = FILL_AREA_STYLE('',(#4451));
#4451 = FILL_AREA_STYLE_COLOUR('',#4367);
#4452 = STYLED_ITEM('color',(#4453),#1657);
#4453 = PRESENTATION_STYLE_ASSIGNMENT((#4454));
#4454 = SURFACE_STYLE_USAGE(.BOTH.,#4455);
#4455 = SURFACE_SIDE_STYLE('',(#4456));
#4456 = SURFACE_STYLE_FILL_AREA(#4457);
#4457 = FILL_AREA_STYLE('',(#4458));
#4458 = FILL_AREA_STYLE_COLOUR('',#4367);
#4459 = STYLED_ITEM('color',(#4460),#1785);
#4460 = PRESENTATION_STYLE_ASSIGNMENT((#4461));
#4461 = SURFACE_STYLE_USAGE(.BOTH.,#4462);
#4462 = SURFACE_SIDE_STYLE('',(#4463));
#4463 = SURFACE_STYLE_FILL_AREA(#4464);
#4464 = FILL_AREA_STYLE('',(#4465));
#4465 = FILL_AREA_STYLE_COLOUR('',#4331);
#4466 = STYLED_ITEM('color',(#4467),#1816);
#4467 = PRESENTATION_STYLE_ASSIGNMENT((#4468));
#4468 = SURFACE_STYLE_USAGE(.BOTH.,#4469);
#4469 = SURFACE_SIDE_STYLE('',(#4470));
#4470 = SURFACE_STYLE_FILL_AREA(#4471);
#4471 = FILL_AREA_STYLE('',(#4472));
#4472 = FILL_AREA_STYLE_COLOUR('',#4367);
#4473 = STYLED_ITEM('color',(#4474),#1839);
#4474 = PRESENTATION_STYLE_ASSIGNMENT((#4475));
#4475 = SURFACE_STYLE_USAGE(.BOTH.,#4476);
#4476 = SURFACE_SIDE_STYLE('',(#4477));
#4477 = SURFACE_STYLE_FILL_AREA(#4478);
#4478 = FILL_AREA_STYLE('',(#4479));
#4479 = FILL_AREA_STYLE_COLOUR('',#4367);
#4480 = STYLED_ITEM('color',(#4481),#1961);
#4481 = PRESENTATION_STYLE_ASSIGNMENT((#4482));
#4482 = SURFACE_STYLE_USAGE(.BOTH.,#4483);
#4483 = SURFACE_SIDE_STYLE('',(#4484));
#4484 = SURFACE_STYLE_FILL_AREA(#4485);
#4485 = FILL_AREA_STYLE('',(#4486));
#4486 = FILL_AREA_STYLE_COLOUR('',#4367);
#4487 = STYLED_ITEM('color',(#4488),#2006);
#4488 = PRESENTATION_STYLE_ASSIGNMENT((#4489));
#4489 = SURFACE_STYLE_USAGE(.BOTH.,#4490);
#4490 = SURFACE_SIDE_STYLE('',(#4491));
#4491 = SURFACE_STYLE_FILL_AREA(#4492);
#4492 = FILL_AREA_STYLE('',(#4493));
#4493 = FILL_AREA_STYLE_COLOUR('',#4331);
#4494 = STYLED_ITEM('color',(#4495),#2038);
#4495 = PRESENTATION_STYLE_ASSIGNMENT((#4496));
#4496 = SURFACE_STYLE_USAGE(.BOTH.,#4497);
#4497 = SURFACE_SIDE_STYLE('',(#4498));
#4498 = SURFACE_STYLE_FILL_AREA(#4499);
#4499 = FILL_AREA_STYLE('',(#4500));
#4500 = FILL_AREA_STYLE_COLOUR('',#4367);
#4501 = STYLED_ITEM('color',(#4502),#2088);
#4502 = PRESENTATION_STYLE_ASSIGNMENT((#4503));
#4503 = SURFACE_STYLE_USAGE(.BOTH.,#4504);
#4504 = SURFACE_SIDE_STYLE('',(#4505));
#4505 = SURFACE_STYLE_FILL_AREA(#4506);
#4506 = FILL_AREA_STYLE('',(#4507));
#4507 = FILL_AREA_STYLE_COLOUR('',#4331);
#4508 = STYLED_ITEM('color',(#4509),#2120);
#4509 = PRESENTATION_STYLE_ASSIGNMENT((#4510));
#4510 = SURFACE_STYLE_USAGE(.BOTH.,#4511);
#4511 = SURFACE_SIDE_STYLE('',(#4512));
#4512 = SURFACE_STYLE_FILL_AREA(#4513);
#4513 = FILL_AREA_STYLE('',(#4514));
#4514 = FILL_AREA_STYLE_COLOUR('',#4367);
#4515 = STYLED_ITEM('color',(#4516),#2137);
#4516 = PRESENTATION_STYLE_ASSIGNMENT((#4517));
#4517 = SURFACE_STYLE_USAGE(.BOTH.,#4518);
#4518 = SURFACE_SIDE_STYLE('',(#4519));
#4519 = SURFACE_STYLE_FILL_AREA(#4520);
#4520 = FILL_AREA_STYLE('',(#4521));
#4521 = FILL_AREA_STYLE_COLOUR('',#4331);
#4522 = STYLED_ITEM('color',(#4523),#2169);
#4523 = PRESENTATION_STYLE_ASSIGNMENT((#4524));
#4524 = SURFACE_STYLE_USAGE(.BOTH.,#4525);
#4525 = SURFACE_SIDE_STYLE('',(#4526));
#4526 = SURFACE_STYLE_FILL_AREA(#4527);
#4527 = FILL_AREA_STYLE('',(#4528));
#4528 = FILL_AREA_STYLE_COLOUR('',#4331);
#4529 = STYLED_ITEM('color',(#4530),#2186);
#4530 = PRESENTATION_STYLE_ASSIGNMENT((#4531));
#4531 = SURFACE_STYLE_USAGE(.BOTH.,#4532);
#4532 = SURFACE_SIDE_STYLE('',(#4533));
#4533 = SURFACE_STYLE_FILL_AREA(#4534);
#4534 = FILL_AREA_STYLE('',(#4535));
#4535 = FILL_AREA_STYLE_COLOUR('',#4331);
#4536 = STYLED_ITEM('color',(#4537),#2218);
#4537 = PRESENTATION_STYLE_ASSIGNMENT((#4538));
#4538 = SURFACE_STYLE_USAGE(.BOTH.,#4539);
#4539 = SURFACE_SIDE_STYLE('',(#4540));
#4540 = SURFACE_STYLE_FILL_AREA(#4541);
#4541 = FILL_AREA_STYLE('',(#4542));
#4542 = FILL_AREA_STYLE_COLOUR('',#4331);
#4543 = STYLED_ITEM('color',(#4544),#2250);
#4544 = PRESENTATION_STYLE_ASSIGNMENT((#4545));
#4545 = SURFACE_STYLE_USAGE(.BOTH.,#4546);
#4546 = SURFACE_SIDE_STYLE('',(#4547));
#4547 = SURFACE_STYLE_FILL_AREA(#4548);
#4548 = FILL_AREA_STYLE('',(#4549));
#4549 = FILL_AREA_STYLE_COLOUR('',#4331);
#4550 = STYLED_ITEM('color',(#4551),#2267);
#4551 = PRESENTATION_STYLE_ASSIGNMENT((#4552));
#4552 = SURFACE_STYLE_USAGE(.BOTH.,#4553);
#4553 = SURFACE_SIDE_STYLE('',(#4554));
#4554 = SURFACE_STYLE_FILL_AREA(#4555);
#4555 = FILL_AREA_STYLE('',(#4556));
#4556 = FILL_AREA_STYLE_COLOUR('',#4331);
#4557 = STYLED_ITEM('color',(#4558),#2299);
#4558 = PRESENTATION_STYLE_ASSIGNMENT((#4559));
#4559 = SURFACE_STYLE_USAGE(.BOTH.,#4560);
#4560 = SURFACE_SIDE_STYLE('',(#4561));
#4561 = SURFACE_STYLE_FILL_AREA(#4562);
#4562 = FILL_AREA_STYLE('',(#4563));
#4563 = FILL_AREA_STYLE_COLOUR('',#4331);
#4564 = STYLED_ITEM('color',(#4565),#2331);
#4565 = PRESENTATION_STYLE_ASSIGNMENT((#4566));
#4566 = SURFACE_STYLE_USAGE(.BOTH.,#4567);
#4567 = SURFACE_SIDE_STYLE('',(#4568));
#4568 = SURFACE_STYLE_FILL_AREA(#4569);
#4569 = FILL_AREA_STYLE('',(#4570));
#4570 = FILL_AREA_STYLE_COLOUR('',#4331);
#4571 = STYLED_ITEM('color',(#4572),#2348);
#4572 = PRESENTATION_STYLE_ASSIGNMENT((#4573));
#4573 = SURFACE_STYLE_USAGE(.BOTH.,#4574);
#4574 = SURFACE_SIDE_STYLE('',(#4575));
#4575 = SURFACE_STYLE_FILL_AREA(#4576);
#4576 = FILL_AREA_STYLE('',(#4577));
#4577 = FILL_AREA_STYLE_COLOUR('',#4331);
#4578 = STYLED_ITEM('color',(#4579),#2380);
#4579 = PRESENTATION_STYLE_ASSIGNMENT((#4580));
#4580 = SURFACE_STYLE_USAGE(.BOTH.,#4581);
#4581 = SURFACE_SIDE_STYLE('',(#4582));
#4582 = SURFACE_STYLE_FILL_AREA(#4583);
#4583 = FILL_AREA_STYLE('',(#4584));
#4584 = FILL_AREA_STYLE_COLOUR('',#4331);
#4585 = STYLED_ITEM('color',(#4586),#2397);
#4586 = PRESENTATION_STYLE_ASSIGNMENT((#4587));
#4587 = SURFACE_STYLE_USAGE(.BOTH.,#4588);
#4588 = SURFACE_SIDE_STYLE('',(#4589));
#4589 = SURFACE_STYLE_FILL_AREA(#4590);
#4590 = FILL_AREA_STYLE('',(#4591));
#4591 = FILL_AREA_STYLE_COLOUR('',#4331);
#4592 = STYLED_ITEM('color',(#4593),#2429);
#4593 = PRESENTATION_STYLE_ASSIGNMENT((#4594));
#4594 = SURFACE_STYLE_USAGE(.BOTH.,#4595);
#4595 = SURFACE_SIDE_STYLE('',(#4596));
#4596 = SURFACE_STYLE_FILL_AREA(#4597);
#4597 = FILL_AREA_STYLE('',(#4598));
#4598 = FILL_AREA_STYLE_COLOUR('',#4331);
#4599 = STYLED_ITEM('color',(#4600),#2461);
#4600 = PRESENTATION_STYLE_ASSIGNMENT((#4601));
#4601 = SURFACE_STYLE_USAGE(.BOTH.,#4602);
#4602 = SURFACE_SIDE_STYLE('',(#4603));
#4603 = SURFACE_STYLE_FILL_AREA(#4604);
#4604 = FILL_AREA_STYLE('',(#4605));
#4605 = FILL_AREA_STYLE_COLOUR('',#4331);
#4606 = STYLED_ITEM('color',(#4607),#2478);
#4607 = PRESENTATION_STYLE_ASSIGNMENT((#4608));
#4608 = SURFACE_STYLE_USAGE(.BOTH.,#4609);
#4609 = SURFACE_SIDE_STYLE('',(#4610));
#4610 = SURFACE_STYLE_FILL_AREA(#4611);
#4611 = FILL_AREA_STYLE('',(#4612));
#4612 = FILL_AREA_STYLE_COLOUR('',#4367);
#4613 = STYLED_ITEM('color',(#4614),#2495);
#4614 = PRESENTATION_STYLE_ASSIGNMENT((#4615));
#4615 = SURFACE_STYLE_USAGE(.BOTH.,#4616);
#4616 = SURFACE_SIDE_STYLE('',(#4617));
#4617 = SURFACE_STYLE_FILL_AREA(#4618);
#4618 = FILL_AREA_STYLE('',(#4619));
#4619 = FILL_AREA_STYLE_COLOUR('',#4331);
#4620 = STYLED_ITEM('color',(#4621),#2512);
#4621 = PRESENTATION_STYLE_ASSIGNMENT((#4622));
#4622 = SURFACE_STYLE_USAGE(.BOTH.,#4623);
#4623 = SURFACE_SIDE_STYLE('',(#4624));
#4624 = SURFACE_STYLE_FILL_AREA(#4625);
#4625 = FILL_AREA_STYLE('',(#4626));
#4626 = FILL_AREA_STYLE_COLOUR('',#4367);
#4627 = STYLED_ITEM('color',(#4628),#2535);
#4628 = PRESENTATION_STYLE_ASSIGNMENT((#4629));
#4629 = SURFACE_STYLE_USAGE(.BOTH.,#4630);
#4630 = SURFACE_SIDE_STYLE('',(#4631));
#4631 = SURFACE_STYLE_FILL_AREA(#4632);
#4632 = FILL_AREA_STYLE('',(#4633));
#4633 = FILL_AREA_STYLE_COLOUR('',#4331);
#4634 = STYLED_ITEM('color',(#4635),#2552);
#4635 = PRESENTATION_STYLE_ASSIGNMENT((#4636));
#4636 = SURFACE_STYLE_USAGE(.BOTH.,#4637);
#4637 = SURFACE_SIDE_STYLE('',(#4638));
#4638 = SURFACE_STYLE_FILL_AREA(#4639);
#4639 = FILL_AREA_STYLE('',(#4640));
#4640 = FILL_AREA_STYLE_COLOUR('',#4331);
#4641 = STYLED_ITEM('color',(#4642),#2564);
#4642 = PRESENTATION_STYLE_ASSIGNMENT((#4643));
#4643 = SURFACE_STYLE_USAGE(.BOTH.,#4644);
#4644 = SURFACE_SIDE_STYLE('',(#4645));
#4645 = SURFACE_STYLE_FILL_AREA(#4646);
#4646 = FILL_AREA_STYLE('',(#4647));
#4647 = FILL_AREA_STYLE_COLOUR('',#4331);
#4648 = STYLED_ITEM('color',(#4649),#2581);
#4649 = PRESENTATION_STYLE_ASSIGNMENT((#4650));
#4650 = SURFACE_STYLE_USAGE(.BOTH.,#4651);
#4651 = SURFACE_SIDE_STYLE('',(#4652));
#4652 = SURFACE_STYLE_FILL_AREA(#4653);
#4653 = FILL_AREA_STYLE('',(#4654));
#4654 = FILL_AREA_STYLE_COLOUR('',#4331);
#4655 = STYLED_ITEM('color',(#4656),#2598);
#4656 = PRESENTATION_STYLE_ASSIGNMENT((#4657));
#4657 = SURFACE_STYLE_USAGE(.BOTH.,#4658);
#4658 = SURFACE_SIDE_STYLE('',(#4659));
#4659 = SURFACE_STYLE_FILL_AREA(#4660);
#4660 = FILL_AREA_STYLE('',(#4661));
#4661 = FILL_AREA_STYLE_COLOUR('',#4331);
#4662 = STYLED_ITEM('color',(#4663),#2615);
#4663 = PRESENTATION_STYLE_ASSIGNMENT((#4664));
#4664 = SURFACE_STYLE_USAGE(.BOTH.,#4665);
#4665 = SURFACE_SIDE_STYLE('',(#4666));
#4666 = SURFACE_STYLE_FILL_AREA(#4667);
#4667 = FILL_AREA_STYLE('',(#4668));
#4668 = FILL_AREA_STYLE_COLOUR('',#4331);
#4669 = STYLED_ITEM('color',(#4670),#2627);
#4670 = PRESENTATION_STYLE_ASSIGNMENT((#4671));
#4671 = SURFACE_STYLE_USAGE(.BOTH.,#4672);
#4672 = SURFACE_SIDE_STYLE('',(#4673));
#4673 = SURFACE_STYLE_FILL_AREA(#4674);
#4674 = FILL_AREA_STYLE('',(#4675));
#4675 = FILL_AREA_STYLE_COLOUR('',#4331);
#4676 = STYLED_ITEM('color',(#4677),#2639);
#4677 = PRESENTATION_STYLE_ASSIGNMENT((#4678));
#4678 = SURFACE_STYLE_USAGE(.BOTH.,#4679);
#4679 = SURFACE_SIDE_STYLE('',(#4680));
#4680 = SURFACE_STYLE_FILL_AREA(#4681);
#4681 = FILL_AREA_STYLE('',(#4682));
#4682 = FILL_AREA_STYLE_COLOUR('',#4331);
#4683 = STYLED_ITEM('color',(#4684),#2651);
#4684 = PRESENTATION_STYLE_ASSIGNMENT((#4685));
#4685 = SURFACE_STYLE_USAGE(.BOTH.,#4686);
#4686 = SURFACE_SIDE_STYLE('',(#4687));
#4687 = SURFACE_STYLE_FILL_AREA(#4688);
#4688 = FILL_AREA_STYLE('',(#4689));
#4689 = FILL_AREA_STYLE_COLOUR('',#4331);
#4690 = STYLED_ITEM('color',(#4691),#2663);
#4691 = PRESENTATION_STYLE_ASSIGNMENT((#4692));
#4692 = SURFACE_STYLE_USAGE(.BOTH.,#4693);
#4693 = SURFACE_SIDE_STYLE('',(#4694));
#4694 = SURFACE_STYLE_FILL_AREA(#4695);
#4695 = FILL_AREA_STYLE('',(#4696));
#4696 = FILL_AREA_STYLE_COLOUR('',#4697);
#4697 = COLOUR_RGB('',0.690999977303,0.663999984767,0.597999987832);
#4698 = STYLED_ITEM('color',(#4699),#2688);
#4699 = PRESENTATION_STYLE_ASSIGNMENT((#4700));
#4700 = SURFACE_STYLE_USAGE(.BOTH.,#4701);
#4701 = SURFACE_SIDE_STYLE('',(#4702));
#4702 = SURFACE_STYLE_FILL_AREA(#4703);
#4703 = FILL_AREA_STYLE('',(#4704));
#4704 = FILL_AREA_STYLE_COLOUR('',#4697);
#4705 = MECHANICAL_DESIGN_GEOMETRIC_PRESENTATION_REPRESENTATION('',(
    #4706,#4713,#4720,#4727,#4734,#4741,#4748,#4755,#4763,#4770,#4777,
    #4784,#4791,#4798,#4806,#4813,#4820,#4827,#4834,#4841,#4848,#4855,
    #4862,#4869,#4876,#4883),#3529);
#4706 = STYLED_ITEM('color',(#4707),#2741);
#4707 = PRESENTATION_STYLE_ASSIGNMENT((#4708));
#4708 = SURFACE_STYLE_USAGE(.BOTH.,#4709);
#4709 = SURFACE_SIDE_STYLE('',(#4710));
#4710 = SURFACE_STYLE_FILL_AREA(#4711);
#4711 = FILL_AREA_STYLE('',(#4712));
#4712 = FILL_AREA_STYLE_COLOUR('',#4331);
#4713 = STYLED_ITEM('color',(#4714),#2781);
#4714 = PRESENTATION_STYLE_ASSIGNMENT((#4715));
#4715 = SURFACE_STYLE_USAGE(.BOTH.,#4716);
#4716 = SURFACE_SIDE_STYLE('',(#4717));
#4717 = SURFACE_STYLE_FILL_AREA(#4718);
#4718 = FILL_AREA_STYLE('',(#4719));
#4719 = FILL_AREA_STYLE_COLOUR('',#4331);
#4720 = STYLED_ITEM('color',(#4721),#2864);
#4721 = PRESENTATION_STYLE_ASSIGNMENT((#4722));
#4722 = SURFACE_STYLE_USAGE(.BOTH.,#4723);
#4723 = SURFACE_SIDE_STYLE('',(#4724));
#4724 = SURFACE_STYLE_FILL_AREA(#4725);
#4725 = FILL_AREA_STYLE('',(#4726));
#4726 = FILL_AREA_STYLE_COLOUR('',#4331);
#4727 = STYLED_ITEM('color',(#4728),#2889);
#4728 = PRESENTATION_STYLE_ASSIGNMENT((#4729));
#4729 = SURFACE_STYLE_USAGE(.BOTH.,#4730);
#4730 = SURFACE_SIDE_STYLE('',(#4731));
#4731 = SURFACE_STYLE_FILL_AREA(#4732);
#4732 = FILL_AREA_STYLE('',(#4733));
#4733 = FILL_AREA_STYLE_COLOUR('',#4331);
#4734 = STYLED_ITEM('color',(#4735),#2914);
#4735 = PRESENTATION_STYLE_ASSIGNMENT((#4736));
#4736 = SURFACE_STYLE_USAGE(.BOTH.,#4737);
#4737 = SURFACE_SIDE_STYLE('',(#4738));
#4738 = SURFACE_STYLE_FILL_AREA(#4739);
#4739 = FILL_AREA_STYLE('',(#4740));
#4740 = FILL_AREA_STYLE_COLOUR('',#4331);
#4741 = STYLED_ITEM('color',(#4742),#2981);
#4742 = PRESENTATION_STYLE_ASSIGNMENT((#4743));
#4743 = SURFACE_STYLE_USAGE(.BOTH.,#4744);
#4744 = SURFACE_SIDE_STYLE('',(#4745));
#4745 = SURFACE_STYLE_FILL_AREA(#4746);
#4746 = FILL_AREA_STYLE('',(#4747));
#4747 = FILL_AREA_STYLE_COLOUR('',#4331);
#4748 = STYLED_ITEM('color',(#4749),#2998);
#4749 = PRESENTATION_STYLE_ASSIGNMENT((#4750));
#4750 = SURFACE_STYLE_USAGE(.BOTH.,#4751);
#4751 = SURFACE_SIDE_STYLE('',(#4752));
#4752 = SURFACE_STYLE_FILL_AREA(#4753);
#4753 = FILL_AREA_STYLE('',(#4754));
#4754 = FILL_AREA_STYLE_COLOUR('',#4331);
#4755 = STYLED_ITEM('color',(#4756),#3015);
#4756 = PRESENTATION_STYLE_ASSIGNMENT((#4757));
#4757 = SURFACE_STYLE_USAGE(.BOTH.,#4758);
#4758 = SURFACE_SIDE_STYLE('',(#4759));
#4759 = SURFACE_STYLE_FILL_AREA(#4760);
#4760 = FILL_AREA_STYLE('',(#4761));
#4761 = FILL_AREA_STYLE_COLOUR('',#4762);
#4762 = COLOUR_RGB('',0.894999966383,0.890999961016,0.813000030345);
#4763 = STYLED_ITEM('color',(#4764),#3064);
#4764 = PRESENTATION_STYLE_ASSIGNMENT((#4765));
#4765 = SURFACE_STYLE_USAGE(.BOTH.,#4766);
#4766 = SURFACE_SIDE_STYLE('',(#4767));
#4767 = SURFACE_STYLE_FILL_AREA(#4768);
#4768 = FILL_AREA_STYLE('',(#4769));
#4769 = FILL_AREA_STYLE_COLOUR('',#4331);
#4770 = STYLED_ITEM('color',(#4771),#3081);
#4771 = PRESENTATION_STYLE_ASSIGNMENT((#4772));
#4772 = SURFACE_STYLE_USAGE(.BOTH.,#4773);
#4773 = SURFACE_SIDE_STYLE('',(#4774));
#4774 = SURFACE_STYLE_FILL_AREA(#4775);
#4775 = FILL_AREA_STYLE('',(#4776));
#4776 = FILL_AREA_STYLE_COLOUR('',#4331);
#4777 = STYLED_ITEM('color',(#4778),#3098);
#4778 = PRESENTATION_STYLE_ASSIGNMENT((#4779));
#4779 = SURFACE_STYLE_USAGE(.BOTH.,#4780);
#4780 = SURFACE_SIDE_STYLE('',(#4781));
#4781 = SURFACE_STYLE_FILL_AREA(#4782);
#4782 = FILL_AREA_STYLE('',(#4783));
#4783 = FILL_AREA_STYLE_COLOUR('',#4762);
#4784 = STYLED_ITEM('color',(#4785),#3147);
#4785 = PRESENTATION_STYLE_ASSIGNMENT((#4786));
#4786 = SURFACE_STYLE_USAGE(.BOTH.,#4787);
#4787 = SURFACE_SIDE_STYLE('',(#4788));
#4788 = SURFACE_STYLE_FILL_AREA(#4789);
#4789 = FILL_AREA_STYLE('',(#4790));
#4790 = FILL_AREA_STYLE_COLOUR('',#4762);
#4791 = STYLED_ITEM('color',(#4792),#3164);
#4792 = PRESENTATION_STYLE_ASSIGNMENT((#4793));
#4793 = SURFACE_STYLE_USAGE(.BOTH.,#4794);
#4794 = SURFACE_SIDE_STYLE('',(#4795));
#4795 = SURFACE_STYLE_FILL_AREA(#4796);
#4796 = FILL_AREA_STYLE('',(#4797));
#4797 = FILL_AREA_STYLE_COLOUR('',#4331);
#4798 = STYLED_ITEM('color',(#4799),#3233);
#4799 = PRESENTATION_STYLE_ASSIGNMENT((#4800));
#4800 = SURFACE_STYLE_USAGE(.BOTH.,#4801);
#4801 = SURFACE_SIDE_STYLE('',(#4802));
#4802 = SURFACE_STYLE_FILL_AREA(#4803);
#4803 = FILL_AREA_STYLE('',(#4804));
#4804 = FILL_AREA_STYLE_COLOUR('',#4805);
#4805 = COLOUR_RGB('',8.200000279077E-02,8.600000121357E-02,
  9.399999706163E-02);
#4806 = STYLED_ITEM('color',(#4807),#3264);
#4807 = PRESENTATION_STYLE_ASSIGNMENT((#4808));
#4808 = SURFACE_STYLE_USAGE(.BOTH.,#4809);
#4809 = SURFACE_SIDE_STYLE('',(#4810));
#4810 = SURFACE_STYLE_FILL_AREA(#4811);
#4811 = FILL_AREA_STYLE('',(#4812));
#4812 = FILL_AREA_STYLE_COLOUR('',#4805);
#4813 = STYLED_ITEM('color',(#4814),#3288);
#4814 = PRESENTATION_STYLE_ASSIGNMENT((#4815));
#4815 = SURFACE_STYLE_USAGE(.BOTH.,#4816);
#4816 = SURFACE_SIDE_STYLE('',(#4817));
#4817 = SURFACE_STYLE_FILL_AREA(#4818);
#4818 = FILL_AREA_STYLE('',(#4819));
#4819 = FILL_AREA_STYLE_COLOUR('',#4331);
#4820 = STYLED_ITEM('color',(#4821),#3357);
#4821 = PRESENTATION_STYLE_ASSIGNMENT((#4822));
#4822 = SURFACE_STYLE_USAGE(.BOTH.,#4823);
#4823 = SURFACE_SIDE_STYLE('',(#4824));
#4824 = SURFACE_STYLE_FILL_AREA(#4825);
#4825 = FILL_AREA_STYLE('',(#4826));
#4826 = FILL_AREA_STYLE_COLOUR('',#4805);
#4827 = STYLED_ITEM('color',(#4828),#3381);
#4828 = PRESENTATION_STYLE_ASSIGNMENT((#4829));
#4829 = SURFACE_STYLE_USAGE(.BOTH.,#4830);
#4830 = SURFACE_SIDE_STYLE('',(#4831));
#4831 = SURFACE_STYLE_FILL_AREA(#4832);
#4832 = FILL_AREA_STYLE('',(#4833));
#4833 = FILL_AREA_STYLE_COLOUR('',#4331);
#4834 = STYLED_ITEM('color',(#4835),#3398);
#4835 = PRESENTATION_STYLE_ASSIGNMENT((#4836));
#4836 = SURFACE_STYLE_USAGE(.BOTH.,#4837);
#4837 = SURFACE_SIDE_STYLE('',(#4838));
#4838 = SURFACE_STYLE_FILL_AREA(#4839);
#4839 = FILL_AREA_STYLE('',(#4840));
#4840 = FILL_AREA_STYLE_COLOUR('',#4331);
#4841 = STYLED_ITEM('color',(#4842),#3415);
#4842 = PRESENTATION_STYLE_ASSIGNMENT((#4843));
#4843 = SURFACE_STYLE_USAGE(.BOTH.,#4844);
#4844 = SURFACE_SIDE_STYLE('',(#4845));
#4845 = SURFACE_STYLE_FILL_AREA(#4846);
#4846 = FILL_AREA_STYLE('',(#4847));
#4847 = FILL_AREA_STYLE_COLOUR('',#4331);
#4848 = STYLED_ITEM('color',(#4849),#3432);
#4849 = PRESENTATION_STYLE_ASSIGNMENT((#4850));
#4850 = SURFACE_STYLE_USAGE(.BOTH.,#4851);
#4851 = SURFACE_SIDE_STYLE('',(#4852));
#4852 = SURFACE_STYLE_FILL_AREA(#4853);
#4853 = FILL_AREA_STYLE('',(#4854));
#4854 = FILL_AREA_STYLE_COLOUR('',#4331);
#4855 = STYLED_ITEM('color',(#4856),#3449);
#4856 = PRESENTATION_STYLE_ASSIGNMENT((#4857));
#4857 = SURFACE_STYLE_USAGE(.BOTH.,#4858);
#4858 = SURFACE_SIDE_STYLE('',(#4859));
#4859 = SURFACE_STYLE_FILL_AREA(#4860);
#4860 = FILL_AREA_STYLE('',(#4861));
#4861 = FILL_AREA_STYLE_COLOUR('',#4331);
#4862 = STYLED_ITEM('color',(#4863),#3466);
#4863 = PRESENTATION_STYLE_ASSIGNMENT((#4864));
#4864 = SURFACE_STYLE_USAGE(.BOTH.,#4865);
#4865 = SURFACE_SIDE_STYLE('',(#4866));
#4866 = SURFACE_STYLE_FILL_AREA(#4867);
#4867 = FILL_AREA_STYLE('',(#4868));
#4868 = FILL_AREA_STYLE_COLOUR('',#4331);
#4869 = STYLED_ITEM('color',(#4870),#3483);
#4870 = PRESENTATION_STYLE_ASSIGNMENT((#4871));
#4871 = SURFACE_STYLE_USAGE(.BOTH.,#4872);
#4872 = SURFACE_SIDE_STYLE('',(#4873));
#4873 = SURFACE_STYLE_FILL_AREA(#4874);
#4874 = FILL_AREA_STYLE('',(#4875));
#4875 = FILL_AREA_STYLE_COLOUR('',#4331);
#4876 = STYLED_ITEM('color',(#4877),#3500);
#4877 = PRESENTATION_STYLE_ASSIGNMENT((#4878));
#4878 = SURFACE_STYLE_USAGE(.BOTH.,#4879);
#4879 = SURFACE_SIDE_STYLE('',(#4880));
#4880 = SURFACE_STYLE_FILL_AREA(#4881);
#4881 = FILL_AREA_STYLE('',(#4882));
#4882 = FILL_AREA_STYLE_COLOUR('',#4805);
#4883 = STYLED_ITEM('color',(#4884),#3517);
#4884 = PRESENTATION_STYLE_ASSIGNMENT((#4885));
#4885 = SURFACE_STYLE_USAGE(.BOTH.,#4886);
#4886 = SURFACE_SIDE_STYLE('',(#4887));
#4887 = SURFACE_STYLE_FILL_AREA(#4888);
#4888 = FILL_AREA_STYLE('',(#4889));
#4889 = FILL_AREA_STYLE_COLOUR('',#4805);
#4890 = MECHANICAL_DESIGN_GEOMETRIC_PRESENTATION_REPRESENTATION('',(
    #4891),#4265);
#4891 = STYLED_ITEM('color',(#4892),#3843);
#4892 = PRESENTATION_STYLE_ASSIGNMENT((#4893));
#4893 = SURFACE_STYLE_USAGE(.BOTH.,#4894);
#4894 = SURFACE_SIDE_STYLE('',(#4895));
#4895 = SURFACE_STYLE_FILL_AREA(#4896);
#4896 = FILL_AREA_STYLE('',(#4897));
#4897 = FILL_AREA_STYLE_COLOUR('',#4898);
#4898 = COLOUR_RGB('',0.313304153717,0.484529207832,0.410020903123);
ENDSEC;
END-ISO-10303-21;
